ticket_id,created_at,channel,issue_type,priority,handle_hours,is_resolved,satisfaction
T200000,2024/06/21 17:49,app,物流查询,P2,,是,4
T200001,2024-05-04 01:31,web,物流查询,P1,30.5,是,4
T200002,2024-04-06 00:31,web,登录问题,P0,20.7,否,3
T200003,2024-05-19 01:55,web,功能咨询,P1,23.8,是,4
T200004,2024-06-09 21:43,phone,功能咨询,P2,4.0,是,2
T200005,2024-05-11 19:24,phone,支付失败,P2,28.0,是,2
T200006,2024-03-01 22:27,web,功能咨询,P3,1.4,否,3
T200007,2024-06-02 10:52,app,物流查询,P3,30.2,是,1
T200008,2024-05-11 16:10,app,支付失败,P1,11.3,是,3
T200009,2024-04-14 04:01,web,登录问题,P0,11.3,是,1
T200010,2024-03-08 04:32,APP,物流查询,P3,19.3,是,1
T200011,2024-06-22 22:39,app,登录问题,P3,16.1,是,3
T200012,2024/05/06 05:31,web,功能咨询,P2,24.1,否,1
T200013,2024-03-06 03:31,web,登录问题,P1,16.2,是,4
T200014,2024-03-19 02:59,app,登录问题,P3,33.4,是,5
T200015,2024-03-04 19:24,app,支付失败,P0,24.7,是,3
T200016,2024-06-20 09:03,Phone,支付失败,P3,15.0,是,2
T200017,2024-03-05 01:15,phone,物流查询,P3,35.8,是,1
T200018,2024-04-11 17:03,APP,登录问题,P3,1.8,是,2
T200019,2024-05-25 16:02,web,退款进度,P1,27.5,是,3
T200020,2024-03-28 09:13,phone,物流查询,P3,9.3,是,3
T200021,2024-04-12 12:13,web,支付失败,P2,1.6,是,1
T200022,2024-06-13 08:10,phone,功能咨询,P2,22.1,是,3
T200023,2024-03-28 12:17,phone,登录问题,P1,35.5,是,1
T200024,2024/06/20 19:10,phone,功能咨询,P0,33.5,否,4
T200025,2024-06-20 19:03,app,功能咨询,P2,6.8,是,2
T200026,2024-04-24 02:52,app,功能咨询,P0,22.9,是,3
T200027,2024-06-21 03:07,app,退款进度,P0,2.0,是,4
T200028,2024-05-18 01:59,phone,支付失败,P2,13.5,是,5
T200029,2024-04-07 00:37,app,物流查询,P0,15.6,是,2
T200030,2024-05-30 00:21,app,支付失败,P3,34.4,是,5
T200031,2024-04-19 09:13,app,退款进度,P2,24.0,是,1
T200032,2024-05-06 15:38,app,退款进度,P0,13.9,是,1
T200033,2024-05-29 21:29,phone,物流查询,P1,2.3,是,3
T200034,2024-05-05 01:09,phone,支付失败,P0,33.7,是,3
T200035,2024-06-11 20:17,Phone,功能咨询,P0,21.4,是,5
T200036,2024/05/14 10:26,phone,功能咨询,P2,17.0,是,4
T200037,2024-06-07 19:01,app,物流查询,P2,26.8,是,2
T200038,2024-03-07 23:49,phone,物流查询,P3,15.7,是,1
T200039,2024-06-30 01:59,phone,功能咨询,P2,19.2,是,4
T200040,2024-03-13 12:17,app,登录问题,P3,29.0,是,3
T200041,2024-03-11 10:58,phone,物流查询,P0,1.2,是,1
T200042,2024-05-24 16:31,web,功能咨询,P2,26.9,是,2
T200043,2024-06-14 02:17,phone,退款进度,P2,14.8,是,1
T200044,2024-04-28 06:30,phone,物流查询,P2,11.6,是,4
T200045,2024-03-26 01:52,phone,功能咨询,P1,6.4,是,5
T200046,2024-06-02 03:02,web,退款进度,P2,23.7,是,1
T200047,2024-05-08 05:43,web,退款进度,P1,26.2,是,1
T200048,2024/06/26 00:24,app,支付失败,P0,23.2,是,4
T200049,2024-04-05 04:50,APP,退款进度,P1,6.4,否,4
T200050,2024-03-06 02:42,app,物流查询,P3,12.6,是,3
T200051,2024-04-11 02:06,app,功能咨询,P0,13.9,是,1
T200052,2024-04-19 13:47,web,登录问题,P0,26.0,是,1
T200053,2024-03-01 15:42,web,功能咨询,P1,13.2,是,4
T200054,2024-03-19 15:31,web,支付失败,P1,24.9,是,1
T200055,2024-04-06 15:22,phone,物流查询,P3,8.1,是,2
T200056,2024-03-13 15:19,Phone,退款进度,P1,13.4,是,5
T200057,2024-04-16 18:45,Phone,退款进度,P2,20.9,否,1
T200058,2024-05-23 22:01,phone,功能咨询,P2,,否,2
T200059,2024-04-09 09:26,phone,功能咨询,P1,12.2,是,3
T200060,2024/06/12 17:44,phone,物流查询,P3,33.9,是,3
T200061,2024-03-25 13:44,web,支付失败,P2,17.2,是,1
T200062,2024-05-28 06:26,web,功能咨询,P0,14.1,是,3
T200063,2024-06-20 20:04,Phone,支付失败,P3,12.4,是,3
T200064,2024-04-23 07:47,phone,支付失败,P0,22.0,是,1
T200065,2024-03-22 12:15,app,物流查询,P3,30.8,是,2
T200066,2024-03-13 19:39,app,支付失败,P1,2.9,是,5
T200067,2024-05-20 20:56,web,登录问题,P2,25.6,是,5
T200068,2024-06-24 08:04,app,物流查询,P1,16.5,是,1
T200069,2024-05-06 20:07,phone,支付失败,P1,6.4,是,3
T200070,2024-06-27 07:07,phone,退款进度,P3,35.0,是,5
T200071,2024-04-22 15:29,Web,功能咨询,P3,31.4,是,3
T200072,2024/03/10 03:41,app,物流查询,P1,3.6,是,5
T200073,2024-06-08 05:43,web,功能咨询,P3,26.7,是,2
T200074,2024-03-20 16:58,app,登录问题,P0,0.6,是,3
T200075,2024-05-27 14:41,phone,登录问题,P3,11.5,是,5
T200076,2024-03-21 08:57,phone,物流查询,P1,32.0,是,5
T200077,2024-06-27 21:45,app,物流查询,P2,6.7,是,1
T200078,2024-03-11 01:07,phone,退款进度,P1,11.9,是,4
T200079,2024-04-09 10:56,web,功能咨询,P3,18.5,是,3
T200080,2024-03-08 22:32,phone,功能咨询,P3,31.9,是,5
T200081,2024-04-18 21:29,phone,物流查询,P0,11.4,是,3
T200082,2024-06-22 17:27,phone,物流查询,P2,22.5,是,5
T200083,2024-04-16 04:17,web,物流查询,P3,19.7,是,1
T200084,2024/06/26 10:30,web,支付失败,P0,29.6,是,2
T200085,2024-06-11 10:54,web,支付失败,P1,4.2,是,2
T200086,2024-04-02 13:33,app,功能咨询,P1,2.1,是,1
T200087,2024-03-31 09:01,phone,退款进度,P0,32.8,是,3
T200088,2024-06-26 23:52,app,登录问题,P1,11.3,是,5
T200089,2024-03-10 20:41,app,支付失败,P3,9.9,是,3
T200090,2024-06-28 15:08,phone,物流查询,P3,32.9,是,1
T200091,2024-06-10 10:29,app,功能咨询,P1,29.6,否,5
T200092,2024-04-25 04:22,phone,功能咨询,P3,33.0,是,4
T200093,2024-06-21 11:17,phone,登录问题,P1,3.4,是,1
T200094,2024-06-23 22:39,app,物流查询,P1,3.9,是,3
T200095,2024-04-10 12:14,app,登录问题,P0,35.5,是,1
T200096,2024/03/07 16:52,Phone,登录问题,P1,31.6,是,5
T200097,2024-06-30 06:00,web,物流查询,P0,17.8,是,4
T200098,2024-03-28 03:58,web,退款进度,P1,5.9,是,1
T200099,2024-04-03 02:50,phone,退款进度,P1,23.5,是,3
T200100,2024-05-21 15:08,APP,登录问题,P3,8.8,否,5
T200101,2024-04-18 14:17,phone,功能咨询,P2,8.1,是,4
T200102,2024-04-28 07:52,app,功能咨询,P3,31.3,是,5
T200103,2024-03-01 10:21,phone,支付失败,P2,30.8,是,4
T200104,2024-06-07 06:35,phone,支付失败,P2,13.7,否,2
T200105,2024-05-30 10:06,phone,物流查询,P2,24.1,是,3
T200106,2024-03-19 01:31,web,功能咨询,P0,12.4,是,4
T200107,2024-03-07 06:11,web,退款进度,P2,16.9,是,4
T200108,2024/06/18 18:10,app,物流查询,P0,19.1,是,4
T200109,2024-04-02 06:02,Web,支付失败,P2,1.8,是,2
T200110,2024-04-24 10:30,app,支付失败,P1,12.0,是,4
T200111,2024-06-24 05:36,app,登录问题,P0,28.8,是,1
T200112,2024-04-13 18:40,web,退款进度,P1,19.3,是,5
T200113,2024-05-08 19:16,phone,登录问题,P1,28.2,否,5
T200114,2024-05-30 19:28,web,退款进度,P2,2.2,是,5
T200115,2024-03-07 11:55,web,登录问题,P1,33.7,是,3
T200116,2024-06-16 08:06,app,退款进度,P3,,是,1
T200117,2024-05-17 14:58,web,退款进度,P2,30.3,否,4
T200118,2024-03-25 14:20,web,登录问题,P3,28.7,否,1
T200119,2024-04-10 02:41,Phone,功能咨询,P2,22.3,是,5
T200120,2024/06/24 18:53,web,支付失败,P0,2.5,否,5
T200121,2024-03-22 11:42,app,功能咨询,P3,9.0,是,3
T200122,2024-06-06 00:37,web,功能咨询,P3,2.9,是,4
T200123,2024-06-24 10:03,Web,退款进度,P3,17.6,是,2
T200124,2024-03-24 18:27,web,物流查询,P3,28.3,是,5
T200125,2024-06-21 08:12,Web,支付失败,P0,6.3,是,5
T200126,2024-06-28 00:34,web,支付失败,P1,22.5,是,4
T200127,2024-04-07 12:19,app,支付失败,P0,31.0,否,5
T200128,2024-04-09 20:53,phone,退款进度,P3,14.3,是,1
T200129,2024-04-04 04:28,web,登录问题,P0,15.6,是,1
T200130,2024-04-05 18:10,web,功能咨询,P0,28.8,是,2
T200131,2024-05-25 05:50,web,退款进度,P0,29.8,是,5
T200132,2024/04/05 18:46,APP,登录问题,P1,1.5,是,1
T200133,2024-06-04 06:09,app,功能咨询,P0,8.3,是,2
T200134,2024-03-31 21:05,APP,支付失败,P0,2.1,是,2
T200135,2024-04-16 05:05,phone,支付失败,P0,28.4,是,1
T200136,2024-05-08 07:51,phone,登录问题,P0,20.9,是,3
T200137,2024-03-06 21:53,phone,登录问题,P3,9.9,是,4
T200138,2024-06-21 13:45,app,登录问题,P3,31.7,是,4
T200139,2024-05-09 02:51,web,支付失败,P3,4.6,是,4
T200140,2024-06-01 23:52,app,功能咨询,P0,1.1,是,4
T200141,2024-04-12 08:44,web,退款进度,P3,32.1,是,4
T200142,2024-04-12 17:08,app,物流查询,P3,19.1,是,4
T200143,2024-06-10 09:18,app,退款进度,P0,6.9,否,2
T200144,2024/03/24 04:10,phone,退款进度,P3,486.4,是,5
T200145,2024-04-03 04:13,web,物流查询,P3,29.6,是,3
T200146,2024-05-27 10:16,app,功能咨询,P1,16.2,是,3
T200147,2024-06-27 18:27,phone,退款进度,P1,27.2,是,4
T200148,2024-04-11 14:08,web,功能咨询,P1,4.8,是,2
T200149,2024-06-12 09:16,app,物流查询,P0,3.0,是,2
T200150,2024-05-08 17:26,phone,退款进度,P3,10.3,是,4
T200151,2024-06-18 23:58,app,登录问题,P0,18.2,是,2
T200152,2024-03-04 12:05,phone,支付失败,P0,6.1,是,5
T200153,2024-04-14 02:51,phone,物流查询,P0,4.0,是,1
T200154,2024-06-18 23:18,web,支付失败,P1,8.1,是,2
T200155,2024-06-26 16:10,phone,物流查询,P1,34.2,是,1
T200156,2024/05/25 11:29,phone,物流查询,P0,34.8,是,5
T200157,2024-04-17 22:36,app,退款进度,P2,23.7,是,1
T200158,2024-06-25 14:55,app,登录问题,P1,26.6,是,3
T200159,2024-05-02 18:22,phone,退款进度,P0,16.1,是,5
T200160,2024-05-14 01:16,web,登录问题,P3,2.5,是,5
T200161,2024-04-27 04:13,Phone,登录问题,P3,23.6,是,4
T200162,2024-05-25 08:29,app,退款进度,P0,6.0,否,5
T200163,2024-06-27 20:59,phone,登录问题,P0,28.8,是,5
T200164,2024-03-22 16:54,web,登录问题,P1,32.4,是,4
T200165,2024-04-18 03:18,web,退款进度,P3,27.1,是,1
T200166,2024-06-01 00:22,web,退款进度,P0,12.5,是,2
T200167,2024-04-15 06:27,web,功能咨询,P2,16.9,是,4
T200168,2024/06/05 10:31,phone,支付失败,P2,23.5,是,1
T200169,2024-04-07 15:27,web,功能咨询,P2,4.0,是,2
T200170,2024-06-03 20:12,phone,退款进度,P0,23.4,是,5
T200171,2024-06-29 09:21,phone,登录问题,P2,34.7,否,3
T200172,2024-05-11 18:13,web,退款进度,P2,8.0,是,3
T200173,2024-06-20 15:51,Phone,登录问题,P0,31.3,是,5
T200174,2024-06-18 21:11,app,支付失败,P1,,是,1
T200175,2024-04-23 21:29,web,物流查询,P0,3.6,是,1
T200176,2024-04-24 04:36,web,支付失败,P3,24.1,是,5
T200177,2024-04-12 04:30,app,功能咨询,P3,34.8,否,1
T200178,2024-06-21 02:02,APP,登录问题,P1,25.4,是,4
T200179,2024-03-31 00:55,app,功能咨询,P0,23.0,是,1
T200180,2024/06/10 07:24,phone,退款进度,P1,7.8,否,3
T200181,2024-03-26 04:55,app,支付失败,P1,5.7,是,5
T200182,2024-06-19 07:02,phone,退款进度,P2,28.6,是,5
T200183,2024-03-06 16:05,phone,功能咨询,P3,1.1,是,3
T200184,2024-04-28 12:07,phone,登录问题,P0,17.6,否,5
T200185,2024-05-24 12:33,web,功能咨询,P3,8.7,是,1
T200186,2024-05-20 22:41,Web,物流查询,P0,17.1,是,2
T200187,2024-03-28 23:06,phone,物流查询,P3,14.5,是,4
T200188,2024-03-30 10:18,phone,支付失败,P3,8.7,否,3
T200189,2024-04-21 19:26,web,物流查询,P2,26.9,是,3
T200190,2024-05-10 16:11,phone,登录问题,P0,32.4,是,2
T200191,2024-03-10 19:50,web,退款进度,P3,33.3,是,3
T200192,2024/06/13 20:13,web,登录问题,P2,20.5,否,2
T200193,2024-05-11 22:34,phone,支付失败,P1,22.4,是,1
T200194,2024-05-22 20:20,app,功能咨询,P2,4.7,是,1
T200195,2024-03-10 22:28,phone,功能咨询,P3,15.0,是,3
T200196,2024-06-24 22:13,app,退款进度,P3,24.8,是,4
T200197,2024-06-13 08:06,Phone,支付失败,P2,17.5,是,4
T200198,2024-05-09 18:37,web,登录问题,P2,20.5,是,5
T200199,2024-05-11 12:06,phone,功能咨询,P2,29.3,是,2
T200200,2024-03-17 17:38,phone,功能咨询,P1,30.9,是,2
T200201,2024-03-15 10:00,web,功能咨询,P2,15.8,是,1
T200202,2024-05-04 01:57,app,支付失败,P2,15.8,是,4
T200203,2024-05-22 23:47,web,功能咨询,P0,4.8,是,1
T200204,2024/04/17 09:25,app,物流查询,P0,31.4,是,5
T200205,2024-03-07 20:02,web,退款进度,P1,18.6,是,5
T200206,2024-03-07 18:20,web,登录问题,P3,29.9,是,2
T200207,2024-04-21 15:57,web,功能咨询,P1,18.8,是,5
T200208,2024-06-25 14:01,app,支付失败,P0,6.6,是,2
T200209,2024-04-03 10:13,phone,登录问题,P2,25.1,否,2
T200210,2024-05-15 06:44,web,物流查询,P2,7.3,是,1
T200211,2024-05-05 08:50,phone,功能咨询,P1,21.0,是,5
T200212,2024-06-18 08:39,phone,登录问题,P1,32.3,是,3
T200213,2024-04-05 00:23,app,登录问题,P1,25.9,是,4
T200214,2024-03-23 10:54,app,物流查询,P0,30.6,是,4
T200215,2024-05-24 01:50,app,退款进度,P3,25.2,是,4
T200216,2024/05/07 09:13,phone,登录问题,P2,0.9,否,2
T200217,2024-05-04 00:14,Phone,登录问题,P2,33.0,是,5
T200218,2024-04-11 09:37,app,功能咨询,P1,17.9,是,3
T200219,2024-05-01 07:15,phone,物流查询,P3,17.5,是,3
T200220,2024-03-15 10:36,phone,登录问题,P1,34.6,是,1
T200221,2024-05-29 10:48,app,登录问题,P3,8.8,是,1
T200222,2024-05-26 16:06,phone,登录问题,P2,29.7,是,4
T200223,2024-03-23 00:47,Web,功能咨询,P2,18.6,是,2
T200224,2024-05-16 06:19,web,功能咨询,P0,18.5,是,1
T200225,2024-06-04 08:09,app,功能咨询,P2,22.5,是,2
T200226,2024-05-11 14:08,web,登录问题,P0,2.7,是,1
T200227,2024-05-23 17:26,phone,支付失败,P2,27.4,否,2
T200228,2024/03/29 05:39,app,物流查询,P0,31.2,是,2
T200229,2024-05-30 10:33,app,支付失败,P1,14.1,否,4
T200230,2024-03-07 22:25,app,物流查询,P3,6.6,是,1
T200231,2024-03-26 05:58,phone,支付失败,P0,0.6,是,5
T200232,2024-04-28 19:37,APP,登录问题,P1,,是,3
T200233,2024-06-26 20:28,app,物流查询,P3,31.1,是,5
T200234,2024-05-22 10:00,APP,登录问题,P2,17.6,是,4
T200235,2024-06-13 15:59,phone,支付失败,P3,22.6,否,1
T200236,2024-05-10 02:01,web,退款进度,P1,21.5,否,5
T200237,2024-06-26 19:00,Phone,登录问题,P1,29.6,是,3
T200238,2024-04-18 10:20,web,功能咨询,P1,29.9,是,3
T200239,2024-06-06 01:43,app,物流查询,P1,18.3,是,4
T200240,2024/05/02 12:02,app,退款进度,P2,19.0,是,1
T200241,2024-06-11 13:03,phone,物流查询,P2,20.4,是,5
T200242,2024-06-09 16:15,web,功能咨询,P2,9.8,是,1
T200243,2024-03-12 20:11,app,功能咨询,P2,31.0,是,3
T200244,2024-03-29 10:25,phone,支付失败,P1,32.1,是,4
T200245,2024-04-05 10:47,web,登录问题,P3,30.8,是,5
T200246,2024-04-09 03:52,phone,登录问题,P3,17.0,是,4
T200247,2024-06-13 03:05,phone,支付失败,P2,20.1,是,5
T200248,2024-06-13 20:59,phone,功能咨询,P0,29.0,是,3
T200249,2024-03-26 05:05,web,支付失败,P0,33.2,是,1
T200250,2024-06-10 00:06,phone,支付失败,P2,29.3,是,1
T200251,2024-06-14 19:06,phone,退款进度,P0,24.1,是,4
T200252,2024/06/25 11:26,app,支付失败,P2,28.4,是,3
T200253,2024-05-18 22:03,app,登录问题,P3,13.0,否,1
T200254,2024-06-28 16:19,phone,登录问题,P3,15.2,否,5
T200255,2024-03-20 12:20,app,登录问题,P0,29.9,是,5
T200256,2024-06-30 00:07,web,功能咨询,P1,13.9,是,1
T200257,2024-03-19 08:56,Phone,功能咨询,P2,23.2,否,3
T200258,2024-04-26 08:38,Web,物流查询,P2,1.3,是,4
T200259,2024-03-09 16:55,web,功能咨询,P1,18.9,是,2
T200260,2024-03-13 07:06,phone,登录问题,P2,18.9,是,4
T200261,2024-06-02 07:48,web,物流查询,P0,9.4,是,5
T200262,2024-05-09 12:08,Web,退款进度,P1,4.4,是,2
T200263,2024-05-05 03:09,phone,物流查询,P3,19.3,否,4
T200264,2024/06/26 23:57,phone,功能咨询,P2,3.4,否,3
T200265,2024-04-06 06:56,app,支付失败,P3,27.7,否,3
T200266,2024-03-01 00:51,app,功能咨询,P0,18.4,否,2
T200267,2024-03-09 00:47,Phone,功能咨询,P3,21.8,是,1
T200268,2024-06-03 04:55,Web,退款进度,P2,33.9,否,4
T200269,2024-05-16 07:43,phone,登录问题,P3,24.8,是,3
T200270,2024-05-16 14:34,phone,登录问题,P2,7.5,是,2
T200271,2024-04-06 09:08,web,功能咨询,P1,11.0,是,4
T200272,2024-06-08 11:19,web,支付失败,P2,23.4,是,1
T200273,2024-04-12 22:00,phone,物流查询,P3,17.0,是,3
T200274,2024-03-25 14:44,app,物流查询,P1,5.3,是,2
T200275,2024-04-23 00:45,app,物流查询,P2,13.5,是,3
T200276,2024/03/11 00:04,web,退款进度,P0,33.1,是,3
T200277,2024-06-26 23:03,phone,物流查询,P1,9.2,否,2
T200278,2024-03-16 19:06,app,物流查询,P0,10.5,是,2
T200279,2024-04-15 23:37,app,支付失败,P0,6.6,是,3
T200280,2024-04-27 11:07,phone,支付失败,P1,25.4,是,2
T200281,2024-05-18 04:46,web,物流查询,P2,34.6,是,5
T200282,2024-03-14 02:02,APP,功能咨询,P3,10.3,是,3
T200283,2024-05-28 05:31,app,支付失败,P0,25.5,是,5
T200284,2024-06-24 14:37,app,功能咨询,P3,12.5,是,3
T200285,2024-05-15 01:52,app,物流查询,P0,31.4,是,4
T200286,2024-06-28 16:03,app,支付失败,P1,21.4,是,1
T200287,2024-03-26 02:35,Phone,物流查询,P0,31.3,否,2
T200288,2024/04/13 01:39,app,物流查询,P2,7.9,否,3
T200289,2024-05-13 09:09,web,功能咨询,P3,6.0,是,4
T200290,2024-03-30 11:46,app,退款进度,P2,,是,2
T200291,2024-06-08 09:57,web,功能咨询,P0,28.8,是,2
T200292,2024-03-13 07:58,phone,登录问题,P1,32.3,否,1
T200293,2024-05-12 02:47,app,支付失败,P0,15.7,是,3
T200294,2024-06-02 22:18,Web,登录问题,P0,1.4,是,3
T200295,2024-06-29 16:42,app,登录问题,P0,15.0,是,4
T200296,2024-04-29 07:53,Phone,功能咨询,P0,30.8,是,4
T200297,2024-05-08 05:55,phone,物流查询,P3,33.3,是,2
T200298,2024-05-24 00:58,app,支付失败,P2,20.9,是,2
T200299,2024-05-21 10:47,phone,支付失败,P3,24.8,是,5
T200300,2024/06/01 15:25,web,退款进度,P3,25.0,是,1
T200301,2024-05-23 19:36,phone,支付失败,P3,30.4,是,4
T200302,2024-04-20 04:26,phone,登录问题,P1,6.1,是,4
T200303,2024-04-12 19:07,Phone,登录问题,P3,16.1,是,3
T200304,2024-06-22 16:05,phone,退款进度,P0,6.9,是,3
T200305,2024-03-23 12:24,web,退款进度,P3,20.7,是,4
T200306,2024-05-06 09:07,Web,功能咨询,P3,13.2,是,4
T200307,2024-04-01 16:10,phone,物流查询,P1,17.0,是,2
T200308,2024-05-20 22:40,Web,支付失败,P1,32.1,是,3
T200309,2024-03-27 03:14,Web,支付失败,P2,3.1,是,3
T200310,2024-03-20 14:22,web,登录问题,P1,14.7,是,4
T200311,2024-03-24 23:43,web,功能咨询,P3,7.5,是,5
T200312,2024/06/12 10:24,web,功能咨询,P0,10.8,否,1
T200313,2024-04-06 09:13,web,支付失败,P3,23.0,是,4
T200314,2024-05-04 17:13,app,退款进度,P2,14.6,是,5
T200315,2024-04-01 03:12,phone,物流查询,P2,24.4,否,3
T200316,2024-06-02 16:13,APP,支付失败,P1,18.0,否,5
T200317,2024-03-30 19:22,web,支付失败,P3,15.9,是,4
T200318,2024-05-10 20:39,app,登录问题,P2,28.1,是,5
T200319,2024-06-26 02:37,Web,物流查询,P2,16.8,否,5
T200320,2024-05-03 16:19,web,支付失败,P0,13.2,否,1
T200321,2024-06-30 16:04,phone,登录问题,P2,25.0,是,2
T200322,2024-03-02 14:12,web,物流查询,P3,11.1,是,4
T200323,2024-04-05 18:42,web,退款进度,P1,25.2,否,1
T200324,2024/06/19 22:22,app,退款进度,P0,20.6,是,1
T200325,2024-04-20 03:00,app,退款进度,P1,33.7,是,4
T200326,2024-03-10 19:16,phone,物流查询,P1,31.5,是,2
T200327,2024-05-06 23:04,APP,支付失败,P2,26.3,否,3
T200328,2024-06-29 12:50,web,功能咨询,P3,31.8,是,1
T200329,2024-05-14 01:48,phone,退款进度,P0,15.2,否,2
T200330,2024-03-30 19:43,phone,退款进度,P1,18.5,是,1
T200331,2024-04-03 13:38,APP,退款进度,P2,20.1,是,3
T200332,2024-04-21 17:10,app,功能咨询,P2,2.1,是,2
T200333,2024-04-14 18:59,app,物流查询,P3,8.8,是,1
T200334,2024-04-05 10:02,phone,支付失败,P0,35.6,是,3
T200335,2024-03-14 07:07,web,登录问题,P3,4.9,是,4
T200336,2024/06/28 12:05,app,物流查询,P3,0.7,是,3
T200337,2024-06-16 04:00,phone,退款进度,P0,35.3,是,3
T200338,2024-05-26 03:42,phone,功能咨询,P1,23.2,否,3
T200339,2024-05-20 22:33,app,功能咨询,P1,3.2,是,5
T200340,2024-04-05 21:48,web,物流查询,P0,23.3,是,3
T200341,2024-04-13 23:49,web,支付失败,P3,27.8,是,2
T200342,2024-05-21 11:04,web,功能咨询,P2,9.7,是,4
T200343,2024-03-16 15:40,web,支付失败,P2,22.8,是,3
T200344,2024-03-12 13:33,app,支付失败,P2,24.0,是,3
T200345,2024-06-05 10:06,web,登录问题,P2,30.5,是,2
T200346,2024-06-21 07:54,phone,支付失败,P3,17.4,否,5
T200347,2024-06-06 04:19,phone,退款进度,P3,13.9,是,3
T200348,2024/03/29 07:06,app,功能咨询,P1,,是,1
T200349,2024-06-29 20:22,app,物流查询,P1,25.1,是,4
T200350,2024-04-23 02:43,web,支付失败,P0,1.2,是,4
T200351,2024-05-18 19:52,Web,功能咨询,P3,30.5,是,5
T200352,2024-04-15 21:12,web,功能咨询,P1,30.0,是,4
T200353,2024-04-03 08:34,app,登录问题,P3,1.8,是,3
T200354,2024-05-12 07:35,app,功能咨询,P0,34.4,是,2
T200355,2024-03-06 04:23,web,支付失败,P1,24.5,是,3
T200356,2024-05-11 02:13,phone,退款进度,P2,31.0,否,2
T200357,2024-05-23 14:12,Web,退款进度,P2,33.3,是,3
T200358,2024-06-28 09:17,web,支付失败,P0,11.2,是,4
T200359,2024-03-05 20:37,app,物流查询,P2,27.7,是,2
T200360,2024/06/28 07:34,Web,退款进度,P3,0.6,是,1
T200361,2024-06-11 17:59,web,退款进度,P3,21.4,是,3
T200362,2024-04-14 05:54,web,物流查询,P3,17.1,是,2
T200363,2024-06-29 13:52,app,物流查询,P3,11.3,是,1
T200364,2024-04-18 16:28,app,退款进度,P3,18.3,是,5
T200365,2024-05-13 22:43,phone,物流查询,P2,6.8,是,2
T200366,2024-03-15 03:16,web,物流查询,P0,26.6,是,5
T200367,2024-05-25 04:37,web,退款进度,P3,23.9,是,3
T200368,2024-06-25 16:17,phone,退款进度,P1,16.7,是,5
T200369,2024-05-09 11:55,app,登录问题,P1,33.2,是,1
T200370,2024-05-28 05:13,web,退款进度,P1,23.4,是,1
T200371,2024-06-12 21:56,Web,登录问题,P2,29.9,是,5
T200372,2024/05/01 07:57,web,支付失败,P2,28.1,是,1
T200373,2024-06-26 17:04,phone,功能咨询,P3,12.1,是,5
T200374,2024-03-27 05:27,app,退款进度,P2,19.8,是,2
T200375,2024-06-09 18:18,web,登录问题,P3,16.0,是,5
T200376,2024-06-10 00:01,app,支付失败,P0,20.0,是,5
T200377,2024-04-12 00:09,Web,物流查询,P3,35.2,是,4
T200378,2024-03-28 11:50,app,功能咨询,P2,6.9,是,3
T200379,2024-04-27 03:12,web,支付失败,P3,32.0,是,2
T200380,2024-06-29 08:31,web,功能咨询,P2,11.3,是,2
T200381,2024-05-29 14:51,web,功能咨询,P3,13.4,是,2
T200382,2024-03-19 16:39,phone,物流查询,P1,16.7,否,4
T200383,2024-04-19 15:51,phone,物流查询,P0,13.5,是,5
T200384,2024/05/14 13:05,app,登录问题,P1,30.2,是,1
T200385,2024-03-29 04:48,Web,退款进度,P2,3.1,是,5
T200386,2024-05-03 03:15,phone,功能咨询,P2,14.3,是,5
T200387,2024-04-18 23:04,web,退款进度,P2,33.5,是,3
T200388,2024-03-09 18:21,Web,退款进度,P0,12.8,是,3
T200389,2024-04-19 22:16,app,退款进度,P3,24.8,是,3
T200390,2024-03-30 14:01,phone,支付失败,P3,29.1,是,4
T200391,2024-04-10 17:29,phone,支付失败,P3,17.4,是,4
T200392,2024-03-06 05:47,web,支付失败,P3,24.2,是,3
T200393,2024-03-02 05:03,web,登录问题,P1,0.7,是,1
T200394,2024-05-13 08:39,phone,物流查询,P1,26.5,是,3
T200395,2024-04-04 04:59,APP,支付失败,P3,18.8,否,1
T200396,2024/04/22 07:53,web,退款进度,P2,27.4,是,3
T200397,2024-04-28 15:57,APP,退款进度,P3,9.1,是,4
T200398,2024-06-20 23:29,phone,支付失败,P3,26.1,是,2
T200399,2024-04-27 20:03,app,退款进度,P0,19.0,是,1
T200400,2024-05-31 09:13,phone,功能咨询,P2,19.0,否,5
T200401,2024-03-25 06:00,web,退款进度,P0,30.9,是,5
T200402,2024-04-16 19:54,phone,登录问题,P2,20.2,是,3
T200403,2024-06-05 08:45,Phone,登录问题,P1,9.4,是,5
T200404,2024-03-30 06:56,app,登录问题,P3,6.8,是,1
T200405,2024-03-09 09:53,app,退款进度,P2,8.0,是,2
T200406,2024-05-11 12:20,web,物流查询,P1,,是,2
T200407,2024-03-29 20:14,APP,登录问题,P2,25.5,是,2
T200408,2024/04/28 21:29,Phone,登录问题,P1,21.6,是,1
T200409,2024-05-06 23:47,phone,物流查询,P3,24.9,否,4
T200410,2024-03-25 17:01,Web,功能咨询,P1,27.4,是,1
T200411,2024-05-09 23:38,phone,支付失败,P0,30.8,是,3
T200412,2024-04-06 13:30,app,功能咨询,P2,17.7,是,2
T200413,2024-06-01 18:54,phone,功能咨询,P1,17.2,是,5
T200414,2024-06-29 02:46,phone,功能咨询,P0,16.5,是,5
T200415,2024-03-05 06:45,phone,物流查询,P2,28.6,否,1
T200416,2024-05-11 17:06,phone,登录问题,P0,1.3,是,2
T200417,2024-05-08 12:32,phone,支付失败,P1,29.9,否,5
T200418,2024-06-13 01:36,phone,退款进度,P2,28.1,是,3
T200419,2024-05-24 01:09,web,退款进度,P3,18.5,是,1
T200420,2024/03/21 17:55,app,功能咨询,P1,25.7,是,1
T200421,2024-05-23 13:10,phone,物流查询,P2,31.5,是,2
T200422,2024-06-04 00:15,phone,物流查询,P3,20.6,是,3
T200423,2024-03-06 20:52,phone,功能咨询,P2,27.2,是,1
T200424,2024-05-24 06:58,phone,功能咨询,P3,21.1,是,2
T200425,2024-04-23 17:03,web,功能咨询,P3,6.7,是,1
T200426,2024-06-19 16:50,phone,支付失败,P1,14.9,是,4
T200427,2024-04-28 05:19,phone,退款进度,P0,4.4,是,5
T200428,2024-03-11 06:07,app,支付失败,P1,16.9,否,4
T200429,2024-06-28 20:16,phone,物流查询,P2,27.0,是,3
T200430,2024-03-26 04:30,phone,物流查询,P1,35.4,是,1
T200431,2024-05-01 13:30,phone,物流查询,P0,8.7,否,4
T200432,2024/03/26 15:36,app,功能咨询,P3,23.8,是,3
T200433,2024-06-28 08:02,phone,功能咨询,P0,34.6,是,2
T200434,2024-06-16 01:28,Web,登录问题,P0,24.0,是,3
T200435,2024-06-14 22:44,web,支付失败,P0,17.2,是,1
T200436,2024-03-21 04:59,app,退款进度,P3,12.7,是,4
T200437,2024-04-12 21:45,web,物流查询,P0,19.3,是,5
T200438,2024-03-19 17:01,phone,支付失败,P0,9.1,是,4
T200439,2024-04-26 18:42,web,功能咨询,P1,9.0,是,5
T200440,2024-03-13 21:26,web,支付失败,P1,14.3,是,2
T200441,2024-06-02 15:55,web,功能咨询,P0,25.7,是,3
T200442,2024-03-30 17:18,phone,功能咨询,P1,11.4,是,3
T200443,2024-06-12 01:45,phone,功能咨询,P0,10.0,是,1
T200444,2024/05/26 04:58,web,功能咨询,P2,32.9,是,5
T200445,2024-03-03 04:50,app,物流查询,P2,8.8,是,1
T200446,2024-06-05 17:39,Web,退款进度,P2,10.4,是,4
T200447,2024-04-14 14:00,app,支付失败,P1,1.5,是,3
T200448,2024-04-13 10:09,phone,退款进度,P1,34.7,是,5
T200449,2024-06-13 15:01,app,退款进度,P2,20.4,是,1
T200450,2024-06-01 11:47,app,功能咨询,P1,35.7,否,3
T200451,2024-04-01 00:24,app,支付失败,P2,33.3,是,1
T200452,2024-04-04 18:10,phone,功能咨询,P2,23.2,否,5
T200453,2024-06-29 05:35,web,物流查询,P3,20.6,是,2
T200454,2024-03-06 06:03,web,支付失败,P3,32.8,是,2
T200455,2024-06-27 10:28,phone,物流查询,P0,15.6,是,2
T200456,2024/03/23 03:23,app,支付失败,P0,23.6,是,4
T200457,2024-03-18 04:33,app,支付失败,P0,35.8,是,3
T200458,2024-03-26 19:56,web,支付失败,P2,15.4,是,3
T200459,2024-05-29 21:00,app,退款进度,P1,35.9,否,4
T200460,2024-05-12 20:26,phone,功能咨询,P1,11.0,是,1
T200461,2024-05-13 23:08,phone,支付失败,P2,12.9,是,4
T200462,2024-05-08 15:13,web,登录问题,P0,17.5,是,4
T200463,2024-05-29 15:07,app,登录问题,P1,18.3,是,2
T200464,2024-05-15 03:24,app,功能咨询,P0,,是,2
T200465,2024-05-31 05:08,app,支付失败,P1,3.6,是,2
T200466,2024-06-15 21:12,Web,登录问题,P0,8.3,是,3
T200467,2024-03-29 14:28,app,物流查询,P3,10.8,是,4
T200468,2024/06/28 08:37,web,退款进度,P3,7.7,是,5
T200469,2024-05-05 08:21,web,功能咨询,P2,17.5,是,1
T200470,2024-03-06 00:21,phone,退款进度,P0,18.9,否,5
T200471,2024-03-03 00:04,app,功能咨询,P3,27.2,是,3
T200472,2024-03-03 05:25,phone,功能咨询,P0,34.4,是,4
T200473,2024-06-26 09:29,web,退款进度,P1,33.6,是,3
T200474,2024-05-16 18:02,Phone,功能咨询,P3,35.0,是,5
T200475,2024-05-14 16:48,phone,退款进度,P3,2.4,是,2
T200476,2024-06-28 10:43,phone,物流查询,P3,0.9,是,5
T200477,2024-05-16 22:58,Web,支付失败,P2,24.6,是,2
T200478,2024-06-05 13:24,app,登录问题,P2,25.8,是,3
T200479,2024-05-19 23:55,phone,支付失败,P0,19.1,是,3
T200480,2024/06/26 13:15,app,支付失败,P3,18.5,是,3
T200481,2024-06-15 08:00,app,登录问题,P2,19.2,是,5
T200482,2024-03-08 21:15,phone,物流查询,P0,7.9,是,3
T200483,2024-05-09 22:16,phone,支付失败,P3,29.4,是,2
T200484,2024-05-06 13:14,phone,物流查询,P3,518.4,否,4
T200485,2024-04-29 12:03,app,支付失败,P0,8.0,是,5
T200486,2024-03-31 17:41,phone,功能咨询,P3,3.0,是,5
T200487,2024-04-06 08:26,web,退款进度,P0,27.2,否,2
T200488,2024-06-05 09:54,Web,物流查询,P3,26.4,是,1
T200489,2024-06-10 17:57,app,功能咨询,P3,14.3,是,4
T200490,2024-06-23 23:29,phone,支付失败,P2,22.4,是,2
T200491,2024-04-16 16:18,app,支付失败,P3,34.9,是,1
T200492,2024/04/26 17:21,web,功能咨询,P2,9.1,是,4
T200493,2024-06-26 09:25,app,退款进度,P3,31.7,是,3
T200494,2024-05-04 06:32,Web,支付失败,P0,1.0,是,3
T200495,2024-06-12 15:04,phone,登录问题,P2,7.8,是,4
T200496,2024-03-06 00:02,web,功能咨询,P1,4.6,是,2
T200497,2024-03-08 11:27,phone,物流查询,P1,8.9,是,2
T200498,2024-04-10 04:21,web,功能咨询,P1,21.1,是,3
T200499,2024-03-09 14:41,app,物流查询,P3,34.7,是,5
T200500,2024-04-10 05:50,web,登录问题,P2,11.3,是,3
T200501,2024-06-07 08:11,web,物流查询,P0,12.5,否,3
T200502,2024-04-14 14:46,web,功能咨询,P1,10.8,否,5
T200503,2024-06-29 14:30,web,物流查询,P1,18.6,否,2
T200504,2024/06/01 07:25,web,支付失败,P0,5.0,是,4
T200505,2024-04-30 12:39,phone,功能咨询,P2,30.1,是,4
T200506,2024-06-15 10:49,phone,物流查询,P0,28.0,是,3
T200507,2024-05-21 06:06,phone,物流查询,P0,10.2,是,4
T200508,2024-04-14 17:36,Web,登录问题,P2,30.3,是,3
T200509,2024-03-30 01:41,app,物流查询,P3,22.1,是,1
T200510,2024-05-16 03:10,app,物流查询,P1,31.6,是,1
T200511,2024-04-28 21:46,web,功能咨询,P2,1.6,是,1
T200512,2024-04-09 11:52,app,功能咨询,P2,15.9,是,1
T200513,2024-04-01 17:27,Phone,支付失败,P0,7.3,是,3
T200514,2024-04-17 23:21,phone,功能咨询,P2,34.8,是,1
T200515,2024-03-05 19:17,app,功能咨询,P1,20.7,是,2
T200516,2024/03/27 20:52,phone,物流查询,P1,8.5,是,1
T200517,2024-06-25 03:05,app,登录问题,P0,10.9,是,3
T200518,2024-03-30 07:31,APP,登录问题,P3,25.9,是,4
T200519,2024-03-26 07:26,app,退款进度,P2,12.4,是,4
T200520,2024-06-25 10:03,web,物流查询,P3,18.8,是,3
T200521,2024-06-17 05:05,Web,登录问题,P0,29.8,是,4
T200522,2024-03-15 00:56,phone,支付失败,P1,,是,1
T200523,2024-06-02 06:03,app,登录问题,P0,33.6,是,5
T200524,2024-06-03 00:11,app,登录问题,P0,24.6,是,3
T200525,2024-05-30 23:28,app,登录问题,P0,15.0,是,2
T200526,2024-06-27 19:59,phone,功能咨询,P3,12.5,是,4
T200527,2024-06-29 14:33,phone,退款进度,P0,30.6,是,4
T200528,2024/04/23 20:25,web,支付失败,P3,25.1,是,1
T200529,2024-04-03 22:20,phone,物流查询,P3,16.7,是,3
T200530,2024-06-03 04:15,app,功能咨询,P3,12.0,是,4
T200531,2024-04-29 05:53,phone,退款进度,P2,9.8,是,4
T200532,2024-06-09 12:35,phone,物流查询,P2,18.6,是,3
T200533,2024-06-14 15:39,APP,支付失败,P3,20.9,是,1
T200534,2024-03-22 23:48,phone,功能咨询,P1,16.2,是,4
T200535,2024-04-21 19:19,phone,功能咨询,P0,14.2,是,3
T200536,2024-04-26 18:44,Web,物流查询,P1,33.6,是,3
T200537,2024-03-06 00:05,web,登录问题,P2,27.8,是,2
T200538,2024-05-20 15:45,phone,退款进度,P1,25.8,否,4
T200539,2024-05-19 06:05,phone,退款进度,P1,9.0,是,1
T200540,2024/04/07 08:42,phone,退款进度,P3,25.4,否,3
T200541,2024-04-21 03:47,web,功能咨询,P3,3.3,是,5
T200542,2024-05-26 02:20,phone,功能咨询,P0,9.2,是,1
T200543,2024-05-03 14:40,Phone,登录问题,P3,29.6,是,4
T200544,2024-06-15 07:23,web,登录问题,P3,35.8,是,5
T200545,2024-03-07 12:13,web,物流查询,P3,33.3,是,2
T200546,2024-03-31 11:18,Web,支付失败,P2,1.8,是,5
T200547,2024-05-25 22:03,web,登录问题,P1,8.8,是,2
T200548,2024-03-20 00:21,APP,登录问题,P0,26.5,是,3
T200549,2024-05-11 21:08,phone,物流查询,P2,25.3,是,4
T200550,2024-05-03 11:57,web,功能咨询,P1,15.0,是,2
T200551,2024-03-20 01:53,phone,支付失败,P0,23.6,是,1
T200552,2024/03/14 12:20,app,功能咨询,P3,13.3,是,3
T200553,2024-04-29 18:35,web,功能咨询,P3,4.7,是,3
T200554,2024-05-04 09:29,web,物流查询,P3,8.9,否,2
T200555,2024-04-15 12:46,app,退款进度,P1,18.2,是,3
T200556,2024-04-28 19:14,phone,功能咨询,P2,5.0,是,3
T200557,2024-05-01 04:43,phone,退款进度,P3,8.8,是,1
T200558,2024-06-29 06:09,app,物流查询,P1,16.8,是,3
T200559,2024-04-26 06:46,APP,登录问题,P1,22.9,是,1
T200560,2024-04-26 15:00,Web,物流查询,P3,23.6,是,5
T200561,2024-05-24 20:38,phone,功能咨询,P1,32.9,是,4
T200562,2024-05-03 15:57,app,物流查询,P0,14.6,是,3
T200563,2024-04-21 23:07,phone,支付失败,P3,32.3,是,2
T200564,2024/03/17 09:54,web,功能咨询,P2,20.1,是,5
T200565,2024-05-02 00:07,Web,支付失败,P0,23.5,否,1
T200566,2024-04-14 07:33,phone,物流查询,P2,2.4,是,3
T200567,2024-03-03 18:39,app,退款进度,P0,22.7,是,4
T200568,2024-03-03 12:26,APP,支付失败,P2,1.9,是,2
T200569,2024-03-06 08:22,web,物流查询,P3,5.7,是,1
T200570,2024-04-13 18:29,Web,功能咨询,P0,15.1,是,2
T200571,2024-04-29 23:53,web,退款进度,P1,16.8,是,1
T200572,2024-04-29 04:01,app,退款进度,P3,30.0,是,5
T200573,2024-06-15 19:47,Phone,退款进度,P2,21.9,是,3
T200574,2024-06-10 16:43,phone,支付失败,P3,29.6,是,5
T200575,2024-03-21 18:21,web,支付失败,P0,6.8,是,5
T200576,2024/03/15 16:00,web,登录问题,P2,17.7,是,1
T200577,2024-06-08 06:05,web,支付失败,P3,8.3,是,2
T200578,2024-05-23 23:04,phone,退款进度,P1,14.7,是,4
T200579,2024-04-12 01:46,app,物流查询,P3,1.4,是,1
T200580,2024-06-14 22:54,phone,功能咨询,P2,,是,2
T200581,2024-03-30 09:22,app,物流查询,P1,19.3,是,3
T200582,2024-05-03 09:43,web,物流查询,P1,16.3,是,2
T200583,2024-03-14 15:36,app,支付失败,P3,31.6,是,1
T200584,2024-05-16 20:06,phone,退款进度,P3,6.2,是,1
T200585,2024-04-01 20:06,web,登录问题,P3,2.9,是,4
T200586,2024-05-16 09:33,web,物流查询,P0,35.2,否,4
T200587,2024-05-23 02:44,phone,功能咨询,P3,26.5,是,3
T200588,2024/05/27 09:49,web,功能咨询,P3,20.6,是,1
T200589,2024-06-21 01:21,web,登录问题,P3,13.6,是,5
T200590,2024-03-28 16:32,Web,功能咨询,P3,16.5,是,4
T200591,2024-03-28 11:17,APP,支付失败,P0,32.9,是,5
T200592,2024-04-19 13:43,web,登录问题,P2,11.7,是,2
T200593,2024-04-15 19:21,web,登录问题,P0,33.1,是,1
T200594,2024-06-16 03:20,phone,物流查询,P3,14.1,是,3
T200595,2024-05-16 22:25,web,退款进度,P2,32.4,否,1
T200596,2024-03-13 05:30,web,物流查询,P2,25.1,是,5
T200597,2024-05-21 22:00,app,功能咨询,P2,24.7,是,2
T200598,2024-04-28 07:45,web,功能咨询,P3,9.2,是,4
T200599,2024-04-03 11:40,app,物流查询,P1,16.7,是,3
T200600,2024/05/23 00:06,phone,支付失败,P2,3.2,是,1
T200601,2024-06-30 17:23,phone,退款进度,P0,8.6,是,5
T200602,2024-05-14 12:19,phone,支付失败,P3,20.9,是,1
T200603,2024-06-03 00:14,phone,支付失败,P3,17.5,是,5
T200604,2024-05-07 23:32,phone,物流查询,P0,16.8,否,4
T200605,2024-04-09 06:17,phone,物流查询,P2,16.5,否,2
T200606,2024-04-14 18:09,app,物流查询,P3,10.4,是,5
T200607,2024-04-23 12:24,app,支付失败,P0,21.2,是,2
T200608,2024-04-23 06:22,app,支付失败,P3,22.1,是,2
T200609,2024-04-24 03:01,web,退款进度,P1,17.6,是,5
T200610,2024-03-27 10:44,phone,退款进度,P1,21.3,是,4
T200611,2024-04-30 20:38,app,退款进度,P3,18.7,是,4
T200612,2024/06/16 21:17,web,登录问题,P1,35.9,是,1
T200613,2024-04-19 18:49,web,物流查询,P3,12.4,是,5
T200614,2024-03-03 07:09,web,支付失败,P3,9.8,是,1
T200615,2024-04-23 02:05,app,功能咨询,P0,23.5,是,1
T200616,2024-04-21 20:54,phone,功能咨询,P1,2.4,是,1
T200617,2024-05-07 08:43,Web,退款进度,P1,2.8,是,1
T200618,2024-05-30 03:45,phone,支付失败,P3,6.2,否,3
T200619,2024-04-04 10:30,app,功能咨询,P2,5.5,是,3
T200620,2024-05-13 06:48,app,物流查询,P2,29.9,是,1
T200621,2024-06-05 11:02,phone,支付失败,P3,10.7,是,4
T200622,2024-05-01 02:30,app,功能咨询,P3,25.4,是,1
T200623,2024-06-04 20:47,web,功能咨询,P0,26.6,是,2
T200624,2024/05/10 13:22,web,退款进度,P0,21.5,是,1
T200625,2024-03-05 08:11,web,登录问题,P2,26.7,是,2
T200626,2024-04-26 14:09,app,支付失败,P1,14.3,否,5
T200627,2024-05-18 08:19,app,退款进度,P0,23.5,是,4
T200628,2024-05-30 15:13,phone,登录问题,P2,2.8,是,3
T200629,2024-06-12 10:57,web,退款进度,P0,35.3,是,5
T200630,2024-04-17 22:17,web,支付失败,P0,1.7,否,1
T200631,2024-04-06 00:37,phone,支付失败,P1,23.2,是,1
T200632,2024-04-26 09:21,phone,物流查询,P1,18.6,是,5
T200633,2024-03-25 10:17,app,登录问题,P1,25.8,是,1
T200634,2024-05-11 03:41,web,退款进度,P2,4.6,是,5
T200635,2024-06-27 07:36,web,功能咨询,P1,24.5,是,3
T200636,2024/06/29 08:20,app,退款进度,P1,3.9,是,2
T200637,2024-04-30 21:31,web,支付失败,P2,32.6,否,1
T200638,2024-05-17 13:02,web,退款进度,P2,,是,1
T200639,2024-04-01 08:02,web,退款进度,P3,21.0,否,2
T200640,2024-04-02 15:37,web,物流查询,P1,17.7,是,4
T200641,2024-06-18 23:49,phone,物流查询,P0,27.7,否,2
T200642,2024-03-07 20:08,app,物流查询,P3,16.9,是,1
T200643,2024-06-25 18:46,app,物流查询,P0,4.5,是,5
T200644,2024-03-22 01:28,Web,支付失败,P0,6.1,是,2
T200645,2024-04-13 11:45,phone,登录问题,P1,32.5,是,2
T200646,2024-06-07 20:35,web,登录问题,P3,19.7,否,5
T200647,2024-04-17 21:46,phone,功能咨询,P3,34.3,否,2
T200648,2024/03/11 21:09,phone,支付失败,P1,7.1,是,3
T200649,2024-06-03 15:20,web,功能咨询,P2,18.1,是,5
T200650,2024-03-14 13:45,web,支付失败,P3,21.1,是,1
T200651,2024-05-05 07:12,web,退款进度,P0,12.4,是,5
T200652,2024-04-22 11:38,app,功能咨询,P2,35.9,是,5
T200653,2024-06-27 07:43,web,退款进度,P3,22.3,是,2
T200654,2024-03-19 13:11,app,物流查询,P3,7.6,否,3
T200655,2024-06-28 08:36,web,登录问题,P2,10.3,否,3
T200656,2024-04-08 05:10,phone,支付失败,P2,19.4,是,5
T200657,2024-05-27 07:47,web,物流查询,P0,14.2,是,3
T200658,2024-06-09 14:20,Phone,登录问题,P0,24.1,是,2
T200659,2024-05-13 20:48,Web,退款进度,P1,30.5,是,1
T200660,2024/03/17 19:10,Phone,支付失败,P0,28.0,是,1
T200661,2024-06-24 22:28,web,登录问题,P3,32.9,是,3
T200662,2024-05-02 02:05,app,登录问题,P2,21.3,是,1
T200663,2024-05-14 04:03,app,登录问题,P2,13.2,是,2
T200664,2024-06-13 05:56,phone,物流查询,P1,26.7,是,4
T200665,2024-06-08 09:37,phone,登录问题,P2,9.0,是,4
T200666,2024-06-09 05:13,app,功能咨询,P3,17.6,否,3
T200667,2024-05-19 16:45,app,退款进度,P3,26.1,是,2
T200668,2024-05-26 14:10,Phone,物流查询,P2,20.8,是,3
T200669,2024-06-04 07:29,phone,登录问题,P2,16.1,是,3
T200670,2024-03-29 09:03,web,功能咨询,P2,34.1,是,4
T200671,2024-04-02 08:32,phone,功能咨询,P1,11.1,是,5
T200672,2024/06/07 11:34,Phone,功能咨询,P2,33.7,是,4
T200673,2024-06-24 08:23,web,支付失败,P3,4.0,否,4
T200674,2024-06-18 17:00,web,功能咨询,P2,11.5,是,1
T200675,2024-03-01 21:57,web,功能咨询,P1,10.4,是,1
T200676,2024-05-11 23:17,phone,支付失败,P3,11.4,是,4
T200677,2024-04-17 03:37,web,登录问题,P0,34.7,是,1
T200678,2024-03-12 18:15,web,支付失败,P1,7.0,是,1
T200679,2024-05-12 18:29,phone,物流查询,P3,35.6,是,5
T200680,2024-05-17 17:20,Phone,支付失败,P2,11.2,是,4
T200681,2024-05-25 07:07,Phone,物流查询,P1,29.2,是,2
T200682,2024-04-15 17:33,phone,支付失败,P0,11.2,是,1
T200683,2024-04-25 02:30,app,支付失败,P2,11.0,否,2
T200684,2024/05/01 14:17,web,支付失败,P2,8.0,是,4
T200685,2024-04-10 20:46,web,退款进度,P2,35.9,是,1
T200686,2024-05-05 03:12,web,登录问题,P1,32.3,是,3
T200687,2024-03-02 10:45,web,登录问题,P2,23.0,是,2
T200688,2024-06-10 06:43,app,退款进度,P3,34.1,否,4
T200689,2024-05-25 22:04,app,登录问题,P0,28.2,是,3
T200690,2024-04-09 12:22,app,物流查询,P2,9.3,否,2
T200691,2024-05-20 13:51,phone,退款进度,P2,10.6,是,3
T200692,2024-05-15 02:04,web,登录问题,P1,21.9,是,4
T200693,2024-03-13 13:32,app,物流查询,P1,25.4,否,5
T200694,2024-03-30 07:30,web,支付失败,P0,33.7,是,5
T200695,2024-04-28 03:53,app,退款进度,P2,17.6,是,1
T200696,2024/03/17 08:37,web,退款进度,P3,,否,4
T200697,2024-03-31 08:09,app,功能咨询,P0,2.3,否,4
T200698,2024-03-09 00:46,phone,支付失败,P3,18.5,是,4
T200699,2024-06-26 08:12,web,退款进度,P3,21.8,是,3
T200700,2024-05-18 15:03,web,登录问题,P1,9.6,否,5
T200701,2024-03-03 03:14,web,退款进度,P1,21.5,是,2
T200702,2024-06-16 13:18,app,功能咨询,P2,20.7,是,5
T200703,2024-04-22 14:59,APP,物流查询,P2,23.3,是,5
T200704,2024-03-01 19:20,APP,支付失败,P0,16.8,是,5
T200705,2024-04-30 01:50,web,支付失败,P2,2.2,是,1
T200706,2024-04-05 22:58,phone,支付失败,P3,36.0,是,2
T200707,2024-06-21 02:03,phone,登录问题,P0,23.8,是,2
T200708,2024/06/11 02:20,app,功能咨询,P3,15.4,是,2
T200709,2024-04-14 06:51,phone,物流查询,P3,22.7,是,1
T200710,2024-05-08 05:04,APP,登录问题,P0,0.5,否,1
T200711,2024-03-29 02:50,app,退款进度,P1,23.8,是,2
T200712,2024-05-05 17:49,app,支付失败,P1,32.7,是,4
T200713,2024-04-25 14:35,Phone,功能咨询,P0,3.3,是,2
T200714,2024-03-12 14:50,phone,功能咨询,P0,9.6,是,4
T200715,2024-06-19 17:24,web,支付失败,P1,29.0,是,1
T200716,2024-06-17 04:26,APP,物流查询,P3,6.3,是,4
T200717,2024-04-02 05:08,web,物流查询,P1,25.5,是,1
T200718,2024-06-19 07:36,Web,功能咨询,P0,18.8,是,4
T200719,2024-06-24 16:08,app,支付失败,P2,19.4,否,4
T200720,2024/06/04 00:51,app,退款进度,P2,16.6,是,1
T200721,2024-03-29 19:14,web,登录问题,P3,12.1,否,2
T200722,2024-03-12 22:06,app,登录问题,P2,21.4,是,5
T200723,2024-03-23 02:55,web,退款进度,P0,16.8,否,3
T200724,2024-04-04 06:35,web,支付失败,P3,11.6,是,4
T200725,2024-04-04 22:48,web,物流查询,P1,31.2,是,3
T200726,2024-05-07 02:13,app,登录问题,P2,6.7,是,4
T200727,2024-04-07 11:06,phone,支付失败,P2,5.1,是,2
T200728,2024-04-11 00:27,phone,功能咨询,P0,8.3,是,4
T200729,2024-04-28 23:58,Web,登录问题,P2,25.5,否,5
T200730,2024-04-22 14:00,app,物流查询,P3,2.3,是,5
T200731,2024-04-21 14:07,web,登录问题,P3,25.9,是,5
T200732,2024/04/18 17:25,app,登录问题,P2,24.8,是,2
T200733,2024-03-18 23:37,web,登录问题,P2,3.4,是,5
T200734,2024-05-11 22:39,phone,物流查询,P2,15.8,是,3
T200735,2024-06-01 13:00,web,登录问题,P2,30.7,是,2
T200736,2024-03-22 00:40,web,退款进度,P0,26.3,是,4
T200737,2024-04-09 17:18,web,物流查询,P2,8.6,否,2
T200738,2024-03-10 23:19,web,退款进度,P3,5.0,否,5
T200739,2024-06-14 12:06,Phone,功能咨询,P2,3.5,是,4
T200740,2024-05-30 20:23,web,功能咨询,P3,5.6,是,1
T200741,2024-03-20 05:13,web,登录问题,P2,19.9,是,4
T200742,2024-03-05 02:34,web,退款进度,P3,3.2,否,2
T200743,2024-04-15 23:42,web,功能咨询,P2,24.6,是,2
T200744,2024/03/24 01:22,phone,支付失败,P1,14.6,否,2
T200745,2024-04-03 05:48,app,物流查询,P0,26.3,是,4
T200746,2024-05-10 05:34,phone,退款进度,P1,4.7,是,2
T200747,2024-03-02 04:34,web,物流查询,P3,33.5,是,5
T200748,2024-06-02 12:05,web,退款进度,P1,3.7,是,4
T200749,2024-05-28 13:32,phone,登录问题,P1,6.4,是,3
T200750,2024-04-20 22:44,web,物流查询,P1,21.1,是,3
T200751,2024-06-01 00:45,app,支付失败,P2,16.6,是,4
T200752,2024-03-28 12:40,web,登录问题,P2,14.5,是,5
T200753,2024-05-01 04:17,web,退款进度,P1,3.1,否,2
T200754,2024-05-17 02:36,phone,登录问题,P2,,是,3
T200755,2024-05-11 19:52,APP,物流查询,P1,6.2,是,1
T200756,2024/05/03 19:49,web,物流查询,P0,1.8,是,3
T200757,2024-04-20 02:06,web,退款进度,P2,0.7,是,3
T200758,2024-03-04 13:01,web,功能咨询,P1,14.3,是,4
T200759,2024-06-25 00:16,app,退款进度,P3,26.5,否,1
T200760,2024-04-13 14:48,phone,登录问题,P1,27.0,是,5
T200761,2024-03-08 19:40,APP,物流查询,P3,5.4,是,5
T200762,2024-06-05 01:43,web,支付失败,P2,9.0,是,5
T200763,2024-05-02 20:55,phone,登录问题,P2,33.2,否,3
T200764,2024-06-22 21:07,Web,登录问题,P1,14.2,否,5
T200765,2024-03-14 21:17,web,登录问题,P0,8.3,是,5
T200766,2024-04-19 11:18,phone,退款进度,P1,14.9,是,1
T200767,2024-06-04 08:57,phone,支付失败,P2,30.4,是,4
T200768,2024/05/18 07:30,web,退款进度,P0,21.1,是,4
T200769,2024-06-29 17:42,web,登录问题,P3,15.1,是,1
T200770,2024-04-09 14:09,app,登录问题,P2,28.0,否,3
T200771,2024-04-27 06:05,Phone,支付失败,P0,14.0,是,3
T200772,2024-04-15 11:37,app,物流查询,P3,25.7,是,1
T200773,2024-06-06 22:58,app,物流查询,P1,19.4,是,5
T200774,2024-03-20 07:04,phone,支付失败,P2,12.2,是,1
T200775,2024-03-19 09:17,phone,退款进度,P0,9.3,是,5
T200776,2024-06-22 09:03,phone,登录问题,P0,19.1,是,5
T200777,2024-03-09 06:33,web,支付失败,P0,31.8,是,4
T200778,2024-03-11 16:44,phone,登录问题,P1,12.4,是,5
T200779,2024-06-09 11:48,web,物流查询,P0,23.8,是,3
T200780,2024/05/15 11:05,app,支付失败,P3,8.3,是,5
T200781,2024-06-13 10:32,app,物流查询,P0,3.0,否,4
T200782,2024-06-16 23:05,phone,物流查询,P2,12.2,是,4
T200783,2024-04-02 12:37,app,支付失败,P1,24.5,是,4
T200784,2024-03-05 20:38,web,登录问题,P3,18.1,是,2
T200785,2024-04-11 19:43,phone,登录问题,P1,30.1,否,2
T200786,2024-03-05 11:56,Phone,支付失败,P0,25.0,是,2
T200787,2024-06-29 12:13,app,登录问题,P0,21.0,是,4
T200788,2024-06-08 16:58,phone,退款进度,P0,4.0,是,1
T200789,2024-03-09 17:42,app,功能咨询,P0,26.1,是,4
T200790,2024-03-31 21:52,app,登录问题,P0,20.6,否,2
T200791,2024-06-09 17:59,Phone,登录问题,P1,16.2,是,4
T200792,2024/03/31 06:50,app,登录问题,P2,3.7,否,1
T200793,2024-05-13 15:09,phone,支付失败,P0,23.4,是,3
T200794,2024-04-15 11:00,web,功能咨询,P0,8.0,是,5
T200795,2024-03-29 16:19,web,登录问题,P2,23.1,否,1
T200796,2024-04-14 05:18,web,物流查询,P0,34.8,是,5
T200797,2024-06-11 20:27,phone,退款进度,P3,20.2,是,1
T200798,2024-04-21 10:59,app,功能咨询,P3,15.6,是,1
T200799,2024-05-15 08:51,web,功能咨询,P0,15.3,是,2
T200800,2024-05-04 10:56,app,功能咨询,P0,3.2,是,4
T200801,2024-03-11 05:20,web,退款进度,P2,4.0,是,5
T200802,2024-06-29 06:18,web,退款进度,P2,28.8,是,3
T200803,2024-06-24 13:39,app,物流查询,P3,31.8,是,1
T200804,2024/06/16 04:17,APP,功能咨询,P0,0.7,是,3
T200805,2024-05-18 20:33,web,物流查询,P1,11.8,是,3
T200806,2024-05-05 21:39,app,登录问题,P3,22.8,是,2
T200807,2024-03-30 14:19,web,登录问题,P0,33.7,是,3
T200808,2024-06-09 01:34,web,退款进度,P3,15.7,是,3
T200809,2024-04-04 15:43,web,支付失败,P3,1.7,是,1
T200810,2024-06-30 07:28,phone,功能咨询,P3,3.9,是,1
T200811,2024-03-24 06:50,Phone,退款进度,P3,23.8,是,5
T200812,2024-03-28 21:39,app,支付失败,P0,,是,4
T200813,2024-05-16 10:14,Phone,支付失败,P2,12.7,是,4
T200814,2024-05-17 05:53,app,退款进度,P3,8.4,是,2
T200815,2024-06-30 09:14,app,物流查询,P3,6.4,是,3
T200816,2024/04/07 20:54,phone,退款进度,P0,3.3,是,4
T200817,2024-05-04 11:19,APP,功能咨询,P1,18.2,是,2
T200818,2024-06-09 11:54,phone,功能咨询,P2,35.2,是,5
T200819,2024-06-17 02:18,web,支付失败,P3,30.4,是,1
T200820,2024-04-06 21:37,phone,支付失败,P0,1.7,否,3
T200821,2024-06-20 01:32,web,功能咨询,P0,1.3,是,5
T200822,2024-03-29 18:38,app,功能咨询,P0,17.4,是,2
T200823,2024-05-16 06:37,phone,功能咨询,P0,29.4,是,1
T200824,2024-03-20 19:24,phone,功能咨询,P1,1.7,是,4
T200825,2024-03-15 14:16,app,登录问题,P0,20.7,是,5
T200826,2024-04-21 21:37,web,功能咨询,P0,2.5,是,4
T200827,2024-04-05 17:08,phone,支付失败,P3,10.6,是,5
T200828,2024/04/03 11:25,app,功能咨询,P3,30.0,是,1
T200829,2024-03-02 08:53,phone,支付失败,P1,7.8,是,3
T200830,2024-04-30 21:07,APP,登录问题,P1,31.2,是,4
T200831,2024-06-28 14:10,app,物流查询,P0,18.8,是,2
T200832,2024-05-13 21:43,phone,支付失败,P3,18.3,否,4
T200833,2024-04-24 03:10,phone,退款进度,P2,32.8,是,5
T200834,2024-05-29 01:16,web,退款进度,P0,10.4,是,4
T200835,2024-06-27 19:48,web,物流查询,P2,28.1,是,4
T200836,2024-04-24 22:42,phone,支付失败,P1,17.0,是,2
T200837,2024-03-25 07:17,phone,物流查询,P0,8.5,是,3
T200838,2024-03-27 22:55,phone,登录问题,P1,19.9,是,1
T200839,2024-04-05 05:20,phone,退款进度,P2,26.6,是,4
T200840,2024/03/08 21:27,phone,退款进度,P0,33.9,是,4
T200841,2024-06-02 16:37,app,物流查询,P3,18.8,是,1
T200842,2024-03-30 15:38,phone,登录问题,P1,26.3,是,2
T200843,2024-05-04 09:22,app,支付失败,P1,16.8,是,1
T200844,2024-06-23 00:26,APP,功能咨询,P3,17.3,否,3
T200845,2024-05-19 18:38,phone,登录问题,P3,36.0,是,4
T200846,2024-06-02 15:11,web,物流查询,P2,14.0,否,5
T200847,2024-06-17 23:08,phone,支付失败,P1,1.3,是,1
T200848,2024-04-05 06:27,APP,物流查询,P2,24.9,是,5
T200849,2024-05-22 10:25,Web,支付失败,P1,11.9,是,5
T200850,2024-03-22 16:12,web,退款进度,P2,17.2,是,4
T200851,2024-03-14 03:45,phone,登录问题,P3,16.2,是,1
T200852,2024/06/26 14:39,phone,支付失败,P1,16.5,是,1
T200853,2024-06-09 13:39,app,物流查询,P3,26.2,是,4
T200854,2024-04-11 06:24,web,物流查询,P1,2.8,否,4
T200855,2024-05-24 09:30,phone,功能咨询,P0,1.7,是,4
T200856,2024-06-03 06:50,app,物流查询,P3,2.4,是,1
T200857,2024-04-08 01:35,app,功能咨询,P3,27.3,是,3
T200858,2024-04-10 10:41,phone,物流查询,P2,29.6,否,2
T200859,2024-05-01 17:55,app,退款进度,P1,35.2,是,1
T200860,2024-03-21 03:23,phone,物流查询,P0,11.0,是,1
T200861,2024-05-23 17:28,web,物流查询,P0,23.6,是,3
T200862,2024-05-26 04:00,app,物流查询,P2,3.8,是,2
T200863,2024-06-30 16:55,phone,功能咨询,P1,22.8,是,1
T200864,2024/05/06 10:35,web,退款进度,P1,5.0,是,4
T200865,2024-06-07 20:12,web,物流查询,P0,17.2,是,5
T200866,2024-04-29 21:34,web,退款进度,P1,26.6,是,3
T200867,2024-04-24 01:59,web,物流查询,P0,10.6,是,4
T200868,2024-06-02 01:47,app,退款进度,P0,25.9,是,1
T200869,2024-06-18 11:45,app,退款进度,P3,21.1,是,4
T200870,2024-06-05 21:44,phone,退款进度,P1,,否,5
T200871,2024-04-13 03:53,web,退款进度,P2,10.3,是,4
T200872,2024-05-13 23:32,phone,退款进度,P2,32.1,是,4
T200873,2024-06-23 19:59,app,登录问题,P2,33.9,是,5
T200874,2024-06-18 13:30,app,登录问题,P0,9.0,是,3
T200875,2024-04-03 09:22,web,登录问题,P0,33.2,是,4
T200876,2024/04/28 04:45,phone,功能咨询,P0,27.1,是,2
T200877,2024-04-28 21:33,app,功能咨询,P2,27.4,否,3
T200878,2024-04-29 23:07,app,物流查询,P1,3.9,是,5
T200879,2024-04-06 05:53,phone,功能咨询,P0,5.8,否,5
T200880,2024-04-28 06:12,app,物流查询,P0,8.6,是,4
T200881,2024-06-08 00:22,app,物流查询,P3,18.3,是,1
T200882,2024-05-31 04:46,phone,退款进度,P1,8.1,是,1
T200883,2024-03-10 04:40,web,物流查询,P0,14.4,是,2
T200884,2024-06-05 04:46,phone,登录问题,P2,28.1,是,1
T200885,2024-04-21 07:14,web,功能咨询,P0,21.5,是,3
T200886,2024-06-23 18:09,phone,功能咨询,P0,24.5,是,5
T200887,2024-05-07 11:58,phone,退款进度,P3,19.0,是,5
T200888,2024/05/08 12:46,phone,物流查询,P1,4.8,是,1
T200889,2024-03-02 09:38,Web,退款进度,P1,35.0,是,3
T200890,2024-06-01 10:53,web,功能咨询,P1,20.8,否,5
T200891,2024-06-17 04:05,app,功能咨询,P3,1.7,是,1
T200892,2024-06-09 21:47,phone,退款进度,P3,27.7,是,1
T200893,2024-05-21 09:24,web,功能咨询,P0,21.0,是,2
T200894,2024-04-09 12:35,phone,物流查询,P0,29.5,是,3
T200895,2024-04-29 18:55,app,功能咨询,P2,26.2,是,3
T200896,2024-04-28 00:44,app,登录问题,P1,26.7,否,5
T200897,2024-05-28 17:20,phone,登录问题,P0,15.8,是,1
T200898,2024-05-23 23:49,phone,登录问题,P1,0.8,是,5
T200899,2024-05-11 11:50,web,支付失败,P3,35.3,是,3
T200900,2024/06/30 21:16,web,支付失败,P3,10.9,是,5
T200901,2024-06-03 13:35,web,登录问题,P2,4.4,是,2
T200902,2024-04-04 11:06,phone,支付失败,P0,30.5,是,1
T200903,2024-03-18 11:28,phone,功能咨询,P2,19.5,是,2
T200904,2024-03-22 03:25,phone,支付失败,P3,8.7,是,4
T200905,2024-04-28 14:22,Web,物流查询,P3,27.8,是,3
T200906,2024-05-05 05:46,web,登录问题,P3,23.0,是,3
T200907,2024-06-18 09:41,phone,功能咨询,P3,6.1,是,1
T200908,2024-05-11 14:06,web,功能咨询,P2,5.4,是,5
T200909,2024-06-02 01:12,web,功能咨询,P0,9.1,是,1
T200910,2024-03-13 18:09,APP,退款进度,P0,29.2,是,3
T200911,2024-05-02 02:43,web,物流查询,P1,24.1,是,2
T200912,2024/03/21 00:34,phone,物流查询,P2,31.0,是,1
T200913,2024-05-16 05:57,phone,支付失败,P3,23.7,是,5
T200914,2024-04-13 20:05,app,登录问题,P1,5.2,是,2
T200915,2024-05-14 07:45,phone,支付失败,P0,22.2,是,2
T200916,2024-06-25 03:27,phone,退款进度,P1,29.0,是,3
T200917,2024-04-11 16:46,web,功能咨询,P3,1.9,否,3
T200918,2024-06-08 15:29,phone,功能咨询,P1,18.3,是,5
T200919,2024-04-27 08:03,phone,支付失败,P1,1.0,否,5
T200920,2024-03-05 21:05,web,支付失败,P3,32.5,否,1
T200921,2024-06-21 03:52,web,支付失败,P1,1.1,是,4
T200922,2024-05-31 05:18,Web,登录问题,P2,34.5,是,5
T200923,2024-06-01 20:50,app,支付失败,P1,23.9,是,5
T200924,2024/06/17 10:05,web,功能咨询,P1,31.8,是,5
T200925,2024-05-17 13:01,app,支付失败,P2,35.6,否,1
T200926,2024-03-28 07:48,web,退款进度,P1,11.9,是,5
T200927,2024-06-18 21:43,web,物流查询,P1,25.8,是,3
T200928,2024-06-25 03:39,web,登录问题,P3,,是,5
T200929,2024-06-24 23:20,Web,退款进度,P2,29.3,是,4
T200930,2024-05-01 16:13,app,登录问题,P0,3.4,是,4
T200931,2024-05-04 18:38,app,退款进度,P2,28.5,否,2
T200932,2024-05-05 11:11,app,登录问题,P0,24.5,是,5
T200933,2024-05-09 21:31,phone,支付失败,P3,24.0,是,5
T200934,2024-06-15 00:51,app,退款进度,P2,26.5,否,2
T200935,2024-06-06 11:12,web,功能咨询,P0,9.1,是,5
T200936,2024/04/21 22:57,app,功能咨询,P1,12.2,是,2
T200937,2024-03-16 21:21,phone,退款进度,P0,2.2,否,1
T200938,2024-05-12 17:59,phone,退款进度,P2,4.8,否,1
T200939,2024-04-20 17:03,app,退款进度,P1,32.6,是,1
T200940,2024-06-21 14:46,Phone,支付失败,P0,11.8,是,3
T200941,2024-06-29 12:34,web,物流查询,P3,25.4,是,3
T200942,2024-06-02 16:20,app,登录问题,P2,25.4,是,4
T200943,2024-05-04 16:56,phone,功能咨询,P0,20.9,是,2
T200944,2024-04-01 11:43,app,功能咨询,P2,26.4,是,5
T200945,2024-05-25 07:34,web,物流查询,P0,26.9,是,4
T200946,2024-06-27 06:54,web,退款进度,P1,10.2,是,5
T200947,2024-03-22 12:59,app,支付失败,P3,29.4,是,3
T200948,2024/03/23 00:12,web,退款进度,P2,10.1,是,4
T200949,2024-05-06 02:38,Web,功能咨询,P0,6.4,是,2
T200950,2024-05-19 18:23,web,支付失败,P2,23.4,是,2
T200951,2024-04-24 22:18,app,功能咨询,P3,21.3,是,4
T200952,2024-06-13 00:00,phone,物流查询,P0,15.8,是,1
T200953,2024-05-25 12:45,phone,功能咨询,P3,30.3,是,3
T200954,2024-06-17 20:53,web,物流查询,P1,19.1,是,1
T200955,2024-04-29 13:50,phone,物流查询,P3,16.9,是,4
T200956,2024-05-26 20:40,Web,登录问题,P3,26.7,是,1
T200957,2024-05-18 01:23,phone,登录问题,P3,35.3,否,5
T200958,2024-05-14 16:35,phone,支付失败,P3,27.9,是,5
T200959,2024-05-31 11:04,web,支付失败,P2,0.6,是,5
T200960,2024/03/12 21:21,web,物流查询,P1,14.1,是,5
T200961,2024-03-21 08:22,app,物流查询,P2,6.7,是,4
T200962,2024-05-29 05:09,app,支付失败,P1,22.8,是,4
T200963,2024-03-07 02:01,phone,支付失败,P2,5.1,是,4
T200964,2024-04-08 20:24,app,支付失败,P0,441.0,是,4
T200965,2024-04-27 17:59,app,登录问题,P0,2.1,是,4
T200966,2024-06-28 06:40,web,功能咨询,P3,20.9,是,5
T200967,2024-06-03 15:07,app,物流查询,P0,3.8,是,4
T200968,2024-04-22 20:59,web,登录问题,P2,33.8,否,3
T200969,2024-06-10 12:28,phone,退款进度,P1,35.0,是,3
T200970,2024-06-15 17:56,app,物流查询,P1,7.4,是,2
T200971,2024-06-03 19:12,web,物流查询,P3,9.6,是,5
T200972,2024/06/20 00:33,app,功能咨询,P0,21.7,是,4
T200973,2024-06-19 20:42,app,退款进度,P2,26.0,是,1
T200974,2024-04-10 00:03,phone,功能咨询,P2,25.0,是,4
T200975,2024-06-14 03:59,web,登录问题,P0,15.6,是,3
T200976,2024-03-24 16:18,Phone,支付失败,P3,26.6,是,3
T200977,2024-05-11 16:34,web,支付失败,P1,7.5,是,1
T200978,2024-04-01 19:04,app,退款进度,P3,17.5,否,1
T200979,2024-03-31 21:55,phone,支付失败,P0,1.2,是,4
T200980,2024-04-10 06:13,web,退款进度,P2,26.9,是,1
T200981,2024-05-17 06:20,phone,登录问题,P0,11.1,是,2
T200982,2024-06-22 05:49,app,功能咨询,P1,3.4,是,5
T200983,2024-06-06 19:03,phone,退款进度,P3,17.0,是,3
T200984,2024/06/26 12:00,app,功能咨询,P3,34.9,否,4
T200985,2024-04-27 18:42,phone,退款进度,P2,22.4,是,3
T200986,2024-05-20 04:18,app,支付失败,P2,,是,2
T200987,2024-05-22 07:30,phone,物流查询,P1,18.4,是,4
T200988,2024-03-26 06:53,app,退款进度,P2,28.4,是,4
T200989,2024-05-26 04:15,phone,退款进度,P1,11.9,是,5
T200990,2024-04-22 13:33,app,功能咨询,P2,3.3,是,1
T200991,2024-06-09 09:55,phone,物流查询,P3,10.1,是,1
T200992,2024-05-24 16:22,Phone,物流查询,P3,10.1,是,1
T200993,2024-03-12 17:55,Phone,物流查询,P3,13.9,是,4
T200994,2024-04-18 18:38,web,功能咨询,P3,8.3,是,2
T200995,2024-05-15 06:03,app,登录问题,P1,7.1,否,2
T200996,2024/05/16 15:01,phone,物流查询,P3,15.0,是,4
T200997,2024-04-01 12:50,app,登录问题,P0,22.3,是,3
T200998,2024-06-19 15:27,phone,登录问题,P2,13.7,是,3
T200999,2024-03-02 11:44,app,功能咨询,P2,9.8,是,2
T201000,2024-03-17 12:35,app,功能咨询,P0,30.8,是,1
T201001,2024-03-04 08:18,web,功能咨询,P3,17.8,是,3
T201002,2024-03-09 03:25,web,功能咨询,P0,5.2,是,3
T201003,2024-04-26 00:26,web,退款进度,P2,30.9,是,2
T201004,2024-04-27 06:35,phone,退款进度,P3,19.8,是,5
T201005,2024-06-04 20:24,phone,功能咨询,P3,35.2,是,1
T201006,2024-03-18 11:43,app,功能咨询,P2,13.2,是,3
T201007,2024-05-11 10:26,phone,支付失败,P2,28.7,是,3
T201008,2024/03/19 21:28,app,支付失败,P0,34.2,是,5
T201009,2024-05-23 08:06,phone,登录问题,P0,19.2,是,1
T201010,2024-06-23 09:10,APP,功能咨询,P0,21.9,是,2
T201011,2024-05-15 00:03,web,物流查询,P1,14.4,是,2
T201012,2024-03-10 10:21,app,功能咨询,P2,33.5,是,5
T201013,2024-04-05 14:32,web,物流查询,P0,14.1,是,1
T201014,2024-05-27 23:53,phone,物流查询,P2,1.5,否,2
T201015,2024-03-07 20:13,web,物流查询,P1,21.8,是,4
T201016,2024-05-08 01:56,phone,功能咨询,P0,15.2,是,5
T201017,2024-04-27 01:10,APP,支付失败,P3,32.6,否,4
T201018,2024-04-06 23:43,app,功能咨询,P3,28.8,是,3
T201019,2024-06-12 19:53,web,退款进度,P1,7.2,是,2
T201020,2024/06/20 22:39,app,物流查询,P3,19.8,是,4
T201021,2024-03-06 04:07,app,功能咨询,P0,25.1,是,2
T201022,2024-05-01 10:51,web,支付失败,P2,15.8,是,4
T201023,2024-06-29 23:27,web,退款进度,P0,22.4,是,2
T201024,2024-05-27 15:38,web,物流查询,P1,10.4,是,2
T201025,2024-05-24 15:46,phone,支付失败,P0,19.2,是,3
T201026,2024-05-12 07:45,web,支付失败,P0,11.6,是,1
T201027,2024-06-03 05:39,app,功能咨询,P2,22.2,是,2
T201028,2024-03-25 04:59,app,退款进度,P1,21.5,否,3
T201029,2024-05-28 08:05,web,登录问题,P2,28.4,是,4
T201030,2024-04-04 18:30,phone,功能咨询,P1,10.9,是,2
T201031,2024-06-02 16:04,Phone,登录问题,P3,10.8,是,4
T201032,2024/05/05 11:02,phone,物流查询,P0,14.6,是,5
T201033,2024-04-15 18:35,web,登录问题,P0,26.1,是,3
T201034,2024-05-13 04:59,phone,支付失败,P2,34.2,否,1
T201035,2024-04-26 20:13,web,功能咨询,P1,9.6,否,1
T201036,2024-06-06 19:14,web,支付失败,P2,34.3,是,4
T201037,2024-05-25 00:58,app,物流查询,P3,28.1,是,2
T201038,2024-06-09 07:20,phone,登录问题,P2,5.8,是,5
T201039,2024-05-03 06:24,phone,物流查询,P0,8.9,是,3
T201040,2024-03-27 12:17,web,支付失败,P1,30.4,是,4
T201041,2024-03-15 13:46,APP,功能咨询,P3,31.6,是,2
T201042,2024-03-14 19:48,phone,退款进度,P3,2.7,是,4
T201043,2024-04-11 01:39,app,功能咨询,P2,5.0,是,2
T201044,2024/03/30 10:11,web,登录问题,P3,,是,5
T201045,2024-04-14 06:17,app,退款进度,P2,27.3,是,1
T201046,2024-06-24 15:05,app,物流查询,P3,3.1,是,5
T201047,2024-06-14 16:25,web,退款进度,P2,12.6,是,4
T201048,2024-06-06 07:59,web,功能咨询,P3,30.7,是,5
T201049,2024-03-04 17:48,phone,登录问题,P2,23.5,是,1
T201050,2024-06-01 16:01,web,支付失败,P0,11.3,是,2
T201051,2024-04-08 02:49,app,支付失败,P2,15.7,是,5
T201052,2024-03-12 00:27,web,退款进度,P1,6.2,否,2
T201053,2024-03-24 05:34,phone,支付失败,P2,1.5,否,3
T201054,2024-06-08 21:04,Web,退款进度,P0,17.5,是,5
T201055,2024-04-09 04:24,web,功能咨询,P2,17.8,是,2
T201056,2024/04/07 21:26,app,退款进度,P3,3.7,是,2
T201057,2024-05-09 21:31,app,登录问题,P2,3.6,是,3
T201058,2024-06-02 22:48,Web,物流查询,P2,16.4,否,3
T201059,2024-05-10 23:58,web,功能咨询,P0,14.2,是,3
T201060,2024-04-16 11:04,web,物流查询,P0,22.7,是,4
T201061,2024-05-30 02:02,phone,登录问题,P1,16.9,是,3
T201062,2024-05-19 21:17,app,物流查询,P2,9.5,是,4
T201063,2024-05-08 20:22,web,支付失败,P1,9.2,是,5
T201064,2024-04-19 19:25,app,退款进度,P0,13.0,是,3
T201065,2024-06-02 11:36,phone,支付失败,P3,7.7,是,1
T201066,2024-04-30 03:29,web,物流查询,P0,14.7,是,3
T201067,2024-03-26 15:33,app,支付失败,P3,12.6,是,5
T201068,2024/06/01 08:03,Web,退款进度,P3,30.4,是,4
T201069,2024-03-25 19:15,web,退款进度,P3,9.6,是,4
T201070,2024-04-01 19:07,phone,功能咨询,P2,8.7,是,3
T201071,2024-05-29 18:29,app,登录问题,P2,34.3,是,3
T201072,2024-04-16 14:19,phone,物流查询,P2,11.1,是,2
T201073,2024-03-03 20:40,web,物流查询,P2,28.7,否,4
T201074,2024-05-31 23:40,phone,物流查询,P0,24.8,是,1
T201075,2024-03-10 20:14,phone,功能咨询,P2,27.6,否,4
T201076,2024-04-03 01:23,APP,支付失败,P3,24.4,是,5
T201077,2024-03-27 15:58,web,退款进度,P0,26.3,是,4
T201078,2024-04-19 22:32,app,功能咨询,P1,0.9,是,2
T201079,2024-04-21 21:10,web,功能咨询,P2,9.2,否,2
T201080,2024/05/15 06:37,app,物流查询,P3,15.7,是,4
T201081,2024-04-23 04:30,app,登录问题,P2,1.4,是,2
T201082,2024-04-24 17:46,Phone,物流查询,P1,2.1,是,3
T201083,2024-05-28 00:36,app,登录问题,P1,26.0,是,3
T201084,2024-04-25 15:28,web,退款进度,P1,34.4,是,4
T201085,2024-03-03 06:20,app,退款进度,P3,2.7,否,3
T201086,2024-06-18 05:48,app,支付失败,P2,5.3,否,4
T201087,2024-04-20 22:42,app,功能咨询,P3,35.4,是,2
T201088,2024-05-16 09:38,web,功能咨询,P2,9.1,是,3
T201089,2024-04-20 11:43,web,登录问题,P0,31.0,是,2
T201090,2024-06-02 23:05,phone,登录问题,P2,20.4,是,2
T201091,2024-06-24 17:40,app,支付失败,P2,21.2,是,1
T201092,2024/03/06 14:38,web,登录问题,P1,14.5,是,1
T201093,2024-04-05 19:44,app,登录问题,P1,29.2,是,5
T201094,2024-05-08 04:39,app,支付失败,P0,32.7,是,3
T201095,2024-03-28 07:02,web,登录问题,P2,33.4,是,2
T201096,2024-03-08 19:33,phone,物流查询,P1,9.6,是,4
T201097,2024-04-22 05:42,phone,支付失败,P1,4.9,是,3
T201098,2024-06-11 15:57,web,登录问题,P0,9.4,是,4
T201099,2024-06-12 23:33,phone,物流查询,P1,7.1,是,4
T201100,2024-05-11 22:50,web,登录问题,P1,7.7,否,1
T201101,2024-03-18 20:09,web,登录问题,P0,4.5,是,2
T201102,2024-03-15 23:48,Web,支付失败,P0,,是,2
T201103,2024-03-07 09:49,app,支付失败,P0,32.7,是,2
T201104,2024/03/08 01:55,web,退款进度,P3,28.7,是,1
T201105,2024-06-18 13:14,Web,物流查询,P2,30.1,是,4
T201106,2024-05-31 20:47,Web,退款进度,P3,8.0,否,5
T201107,2024-06-08 04:09,app,退款进度,P0,32.0,是,4
T201108,2024-06-09 10:59,phone,物流查询,P2,34.6,是,2
T201109,2024-05-18 16:12,phone,物流查询,P2,11.2,是,2
T201110,2024-04-16 03:09,app,物流查询,P3,16.2,是,5
T201111,2024-05-29 20:24,phone,退款进度,P1,31.7,是,2
T201112,2024-03-06 02:15,phone,功能咨询,P0,21.6,是,5
T201113,2024-06-16 19:19,app,退款进度,P2,32.4,是,2
T201114,2024-04-20 09:45,web,登录问题,P0,0.8,是,3
T201115,2024-03-11 21:50,Web,支付失败,P2,15.5,是,1
T201116,2024/05/27 06:52,web,登录问题,P0,6.3,否,3
T201117,2024-05-27 10:55,web,支付失败,P1,18.5,是,4
T201118,2024-03-23 19:27,web,登录问题,P1,3.9,是,5
T201119,2024-06-08 01:53,web,退款进度,P1,498.3,是,4
T201120,2024-06-26 09:45,phone,支付失败,P3,33.6,是,3
T201121,2024-03-31 07:16,phone,支付失败,P3,24.5,是,3
T201122,2024-06-02 01:05,app,退款进度,P1,30.6,是,2
T201123,2024-05-04 04:16,app,支付失败,P1,13.3,是,5
T201124,2024-03-06 23:28,web,功能咨询,P1,19.1,是,3
T201125,2024-03-31 13:57,phone,物流查询,P1,17.8,是,4
T201126,2024-05-27 08:21,app,功能咨询,P2,6.2,是,3
T201127,2024-04-12 10:39,phone,登录问题,P0,29.1,是,4
T201128,2024/04/03 01:27,web,退款进度,P2,13.1,否,4
T201129,2024-04-05 11:45,phone,登录问题,P3,6.2,是,1
T201130,2024-06-27 07:37,web,支付失败,P0,26.4,是,1
T201131,2024-06-19 06:18,web,功能咨询,P0,15.5,是,3
T201132,2024-03-05 22:57,web,功能咨询,P0,3.1,否,4
T201133,2024-04-22 17:03,web,登录问题,P1,21.3,是,3
T201134,2024-05-04 04:43,app,登录问题,P0,8.1,是,1
T201135,2024-03-19 02:35,app,支付失败,P0,28.5,是,1
T201136,2024-03-19 11:12,app,登录问题,P3,34.4,是,4
T201137,2024-06-10 00:57,APP,功能咨询,P3,19.8,是,1
T201138,2024-03-11 17:35,app,支付失败,P1,8.5,是,3
T201139,2024-06-09 12:06,phone,登录问题,P1,23.4,是,4
T201140,2024/04/28 10:58,app,退款进度,P0,21.9,是,3
T201141,2024-06-19 08:12,web,物流查询,P0,27.6,否,2
T201142,2024-06-30 01:24,APP,物流查询,P3,25.6,是,5
T201143,2024-04-23 19:27,app,功能咨询,P1,16.1,是,5
T201144,2024-06-13 08:27,web,登录问题,P2,20.6,是,5
T201145,2024-03-16 07:28,web,支付失败,P3,30.5,是,2
T201146,2024-06-17 05:24,Web,支付失败,P3,3.3,是,4
T201147,2024-03-11 16:59,web,功能咨询,P1,3.6,是,5
T201148,2024-03-30 01:29,phone,物流查询,P2,9.9,否,5
T201149,2024-03-22 00:00,web,登录问题,P0,32.6,是,4
T201150,2024-04-28 03:30,app,物流查询,P1,4.3,是,4
T201151,2024-05-22 13:01,phone,退款进度,P1,10.2,是,1
T201152,2024/05/20 18:24,phone,物流查询,P3,32.2,是,4
T201153,2024-06-22 06:41,phone,功能咨询,P3,11.7,是,2
T201154,2024-03-28 10:12,app,物流查询,P3,19.5,是,2
T201155,2024-04-14 11:17,web,退款进度,P3,13.0,是,3
T201156,2024-06-30 13:54,web,支付失败,P3,8.8,是,3
T201157,2024-06-01 08:40,app,物流查询,P2,28.2,是,4
T201158,2024-03-22 08:52,phone,支付失败,P3,9.5,是,4
T201159,2024-03-09 07:32,web,物流查询,P2,19.2,是,1
T201160,2024-03-23 01:51,app,退款进度,P1,,是,2
T201161,2024-04-16 12:38,phone,登录问题,P2,11.2,是,4
T201162,2024-05-02 13:59,web,功能咨询,P2,5.4,是,5
T201163,2024-06-16 06:30,phone,物流查询,P1,19.8,是,3
T201164,2024/06/28 02:52,web,退款进度,P2,23.5,否,2
T201165,2024-04-25 13:07,app,支付失败,P2,11.3,是,3
T201166,2024-04-18 22:44,app,支付失败,P2,19.1,是,4
T201167,2024-03-10 01:07,app,登录问题,P0,12.9,是,5
T201168,2024-03-20 23:03,phone,支付失败,P2,6.6,是,1
T201169,2024-03-20 07:28,app,物流查询,P1,14.1,是,4
T201170,2024-06-02 01:05,Phone,物流查询,P1,32.5,是,5
T201171,2024-05-31 23:28,phone,登录问题,P2,22.3,是,2
T201172,2024-04-28 23:35,app,支付失败,P1,12.1,是,5
T201173,2024-06-07 17:35,phone,退款进度,P3,1.4,是,5
T201174,2024-05-20 23:37,phone,功能咨询,P0,14.0,是,5
T201175,2024-04-02 22:18,app,支付失败,P1,26.5,是,3
T201176,2024/06/28 11:43,web,退款进度,P0,23.6,是,5
T201177,2024-06-24 12:25,app,功能咨询,P1,13.5,是,5
T201178,2024-06-29 12:41,phone,功能咨询,P2,17.8,是,3
T201179,2024-06-25 11:18,app,支付失败,P2,31.9,是,5
T201180,2024-04-22 22:41,phone,功能咨询,P1,32.1,是,4
T201181,2024-06-24 19:58,phone,物流查询,P2,12.8,是,4
T201182,2024-04-19 19:13,app,登录问题,P0,32.6,是,2
T201183,2024-06-27 02:47,web,物流查询,P1,13.8,是,1
T201184,2024-05-21 21:33,Web,支付失败,P3,21.7,是,4
T201185,2024-03-12 20:03,app,支付失败,P2,7.2,是,4
T201186,2024-05-24 02:51,phone,物流查询,P0,14.0,是,2
T201187,2024-06-29 12:27,app,支付失败,P3,4.3,是,4
T201188,2024/04/17 05:18,phone,登录问题,P0,23.0,是,4
T201189,2024-05-25 09:05,Phone,物流查询,P3,30.3,否,3
T201190,2024-05-20 21:56,Phone,退款进度,P2,25.9,是,1
T201191,2024-04-22 18:11,app,支付失败,P1,18.0,是,4
T201192,2024-06-03 01:17,phone,登录问题,P2,26.3,是,1
T201193,2024-04-09 00:30,web,支付失败,P3,7.7,是,3
T201194,2024-04-05 19:28,web,物流查询,P1,34.3,是,5
T201195,2024-05-17 09:58,phone,功能咨询,P3,25.9,否,3
T201196,2024-05-01 21:29,app,功能咨询,P3,6.5,是,4
T201197,2024-05-03 19:13,app,支付失败,P2,26.2,是,2
T201198,2024-05-02 05:05,app,物流查询,P3,6.8,是,4
T201199,2024-05-27 20:57,app,退款进度,P1,21.7,是,2
T201200,2024/05/20 01:09,phone,退款进度,P2,26.0,是,3
T201201,2024-04-15 12:51,web,支付失败,P2,35.6,是,4
T201202,2024-05-22 16:26,phone,登录问题,P2,15.5,是,5
T201203,2024-05-18 00:53,phone,登录问题,P2,27.4,否,4
T201204,2024-05-14 10:41,web,支付失败,P3,9.5,是,2
T201205,2024-03-26 23:51,phone,物流查询,P3,6.6,是,1
T201206,2024-04-09 07:13,Phone,支付失败,P0,35.9,否,4
T201207,2024-06-12 04:39,web,登录问题,P0,5.2,是,2
T201208,2024-03-04 21:05,app,功能咨询,P1,3.8,是,2
T201209,2024-05-13 09:40,phone,支付失败,P0,13.0,是,2
T201210,2024-04-05 18:24,app,物流查询,P0,31.8,是,1
T201211,2024-05-14 02:21,phone,物流查询,P1,13.1,是,1
T201212,2024/04/26 18:28,app,物流查询,P1,29.1,是,4
T201213,2024-05-03 12:32,web,支付失败,P3,23.9,否,2
T201214,2024-03-05 17:24,app,登录问题,P3,21.2,是,3
T201215,2024-05-03 17:05,phone,退款进度,P0,0.7,是,2
T201216,2024-06-22 05:49,app,退款进度,P1,11.5,否,5
T201217,2024-04-20 00:43,web,退款进度,P0,9.7,是,1
T201218,2024-05-01 21:17,phone,功能咨询,P2,,是,4
T201219,2024-04-07 21:34,web,物流查询,P1,31.7,是,4
T201220,2024-06-27 05:31,phone,功能咨询,P2,24.5,是,2
T201221,2024-04-20 00:11,web,功能咨询,P3,6.2,是,3
T201222,2024-05-14 05:19,web,物流查询,P0,30.0,是,1
T201223,2024-04-06 05:44,app,支付失败,P2,6.2,是,4
T201224,2024/05/08 14:16,app,功能咨询,P3,34.5,是,5
T201225,2024-06-23 14:44,phone,支付失败,P1,23.5,是,2
T201226,2024-03-28 18:26,web,退款进度,P2,19.7,是,2
T201227,2024-05-23 04:19,phone,功能咨询,P0,27.4,是,5
T201228,2024-03-10 02:55,Web,退款进度,P1,6.1,是,5
T201229,2024-03-31 19:24,web,退款进度,P3,3.3,是,2
T201230,2024-05-02 03:45,phone,登录问题,P1,27.8,否,5
T201231,2024-05-18 15:46,Phone,支付失败,P2,32.3,是,3
T201232,2024-03-11 09:23,Web,功能咨询,P2,20.4,是,2
T201233,2024-06-07 10:14,web,退款进度,P0,2.4,是,5
T201234,2024-04-21 11:21,phone,物流查询,P3,31.9,是,2
T201235,2024-06-19 08:49,Web,退款进度,P3,7.7,是,4
T201236,2024/05/23 21:52,Phone,退款进度,P3,8.9,是,2
T201237,2024-05-11 00:43,Phone,退款进度,P2,14.6,是,3
T201238,2024-06-27 17:53,web,退款进度,P3,1.5,是,3
T201239,2024-05-26 16:00,Phone,登录问题,P1,13.3,是,1
T201240,2024-04-22 02:40,phone,登录问题,P2,11.0,是,2
T201241,2024-03-17 21:52,web,功能咨询,P1,35.8,是,5
T201242,2024-04-06 22:08,phone,物流查询,P0,11.5,是,2
T201243,2024-04-15 21:54,app,物流查询,P2,8.0,是,5
T201244,2024-05-19 12:42,phone,退款进度,P3,28.0,是,1
T201245,2024-05-27 03:31,web,功能咨询,P1,32.3,是,2
T201246,2024-06-25 14:16,web,功能咨询,P0,4.9,否,5
T201247,2024-03-04 01:08,app,登录问题,P0,1.9,是,4
T201248,2024/06/02 05:43,app,登录问题,P2,25.9,是,5
T201249,2024-04-18 21:04,web,功能咨询,P0,1.7,是,3
T201250,2024-04-06 16:42,web,功能咨询,P1,26.0,是,3
T201251,2024-06-10 20:14,web,登录问题,P0,25.5,是,1
T201252,2024-05-31 23:34,web,退款进度,P2,21.4,是,5
T201253,2024-03-13 15:00,web,功能咨询,P1,13.1,是,5
T201254,2024-06-28 20:05,phone,登录问题,P1,17.7,是,2
T201255,2024-04-29 21:47,Web,支付失败,P1,1.8,是,3
T201256,2024-04-03 15:23,phone,功能咨询,P1,3.4,是,4
T201257,2024-06-03 19:06,web,功能咨询,P0,10.4,是,3
T201258,2024-05-30 15:23,web,登录问题,P1,27.7,是,4
T201259,2024-05-04 04:21,app,登录问题,P0,17.5,是,2
T201260,2024/06/13 15:40,app,登录问题,P1,32.9,是,3
T201261,2024-05-29 20:37,app,功能咨询,P2,15.1,是,2
T201262,2024-06-17 23:07,app,退款进度,P0,34.3,是,4
T201263,2024-03-13 14:07,app,支付失败,P0,2.7,是,3
T201264,2024-05-26 18:01,app,支付失败,P2,19.7,是,5
T201265,2024-05-27 20:50,phone,支付失败,P2,15.0,是,3
T201266,2024-06-13 19:21,app,登录问题,P0,6.9,否,1
T201267,2024-04-21 15:52,app,物流查询,P2,9.9,是,3
T201268,2024-06-19 23:50,app,登录问题,P0,26.4,是,5
T201269,2024-06-27 14:51,app,功能咨询,P2,34.4,否,3
T201270,2024-04-09 17:24,web,登录问题,P0,29.0,是,3
T201271,2024-06-26 09:35,web,登录问题,P2,5.1,是,2
T201272,2024/05/17 05:18,APP,登录问题,P2,24.7,是,1
T201273,2024-04-27 11:23,Web,物流查询,P3,18.9,是,5
T201274,2024-04-02 01:13,APP,功能咨询,P3,2.6,是,2
T201275,2024-04-06 20:06,Web,支付失败,P3,10.9,是,4
T201276,2024-04-13 23:18,APP,支付失败,P1,,是,3
T201277,2024-05-22 11:21,app,支付失败,P2,21.9,是,1
T201278,2024-03-30 15:40,app,物流查询,P0,25.7,是,2
T201279,2024-05-07 01:42,phone,功能咨询,P0,3.2,是,3
T201280,2024-05-10 07:04,app,退款进度,P3,35.6,是,3
T201281,2024-05-10 16:28,phone,物流查询,P0,32.6,是,2
T201282,2024-06-04 07:34,app,功能咨询,P3,28.7,是,4
T201283,2024-05-17 12:59,web,登录问题,P3,28.1,是,4
T201284,2024/03/13 15:57,web,功能咨询,P2,32.3,否,1
T201285,2024-05-24 19:20,APP,功能咨询,P2,35.8,是,2
T201286,2024-04-30 09:45,web,功能咨询,P1,10.2,是,5
T201287,2024-05-20 21:54,app,退款进度,P1,34.0,是,4
T201288,2024-04-21 19:48,app,支付失败,P3,22.4,是,2
T201289,2024-04-24 04:16,web,登录问题,P1,11.6,是,3
T201290,2024-05-07 13:05,app,登录问题,P2,7.6,是,4
T201291,2024-05-31 15:12,app,功能咨询,P2,14.7,是,3
T201292,2024-03-31 08:44,Phone,支付失败,P3,26.3,是,2
T201293,2024-05-11 22:40,web,登录问题,P3,10.0,否,1
T201294,2024-06-04 02:48,app,功能咨询,P2,32.7,是,5
T201295,2024-05-16 11:22,phone,退款进度,P3,21.2,是,1
T201296,2024/05/18 05:18,APP,功能咨询,P3,24.6,是,4
T201297,2024-04-23 14:29,Web,物流查询,P3,21.0,是,4
T201298,2024-06-03 21:03,web,物流查询,P3,18.4,是,5
T201299,2024-05-23 00:04,web,支付失败,P1,16.3,是,3
T201300,2024-06-22 16:17,phone,功能咨询,P0,28.4,是,2
T201301,2024-05-03 15:17,web,物流查询,P3,453.5,否,4
T201302,2024-03-03 16:16,app,登录问题,P1,6.0,否,1
T201303,2024-05-24 22:13,app,支付失败,P3,13.1,是,4
T201304,2024-04-11 04:21,app,功能咨询,P2,2.2,是,1
T201305,2024-04-06 21:21,APP,物流查询,P0,34.8,是,5
T201306,2024-03-31 23:53,web,支付失败,P2,28.9,否,4
T201307,2024-06-28 03:28,phone,登录问题,P2,20.3,是,1
T201308,2024/05/16 14:58,web,登录问题,P0,31.0,是,5
T201309,2024-03-05 09:15,app,登录问题,P2,3.0,是,3
T201310,2024-06-06 14:58,phone,登录问题,P0,28.3,是,1
T201311,2024-03-09 23:57,web,物流查询,P2,15.2,是,4
T201312,2024-06-08 00:25,web,功能咨询,P3,1.0,是,1
T201313,2024-04-26 02:18,web,功能咨询,P2,7.6,是,4
T201314,2024-06-02 06:31,app,登录问题,P1,32.8,是,4
T201315,2024-06-07 11:52,app,登录问题,P3,30.2,是,4
T201316,2024-05-04 21:54,app,物流查询,P2,4.6,是,1
T201317,2024-06-09 06:19,app,退款进度,P2,17.8,是,4
T201318,2024-05-22 01:54,Web,物流查询,P2,34.4,是,5
T201319,2024-04-02 02:58,app,登录问题,P2,7.0,是,1
T201320,2024/03/05 21:31,Web,物流查询,P0,17.0,否,2
T201321,2024-06-27 14:03,web,支付失败,P0,12.6,是,2
T201322,2024-04-07 02:21,web,退款进度,P1,19.7,否,4
T201323,2024-06-08 15:35,web,支付失败,P3,4.0,是,4
T201324,2024-06-22 17:50,web,登录问题,P1,13.6,否,2
T201325,2024-06-25 01:01,app,登录问题,P1,9.8,是,3
T201326,2024-05-23 19:22,Web,功能咨询,P2,19.9,是,5
T201327,2024-03-20 06:58,APP,物流查询,P2,11.7,是,5
T201328,2024-05-28 01:39,web,物流查询,P0,21.0,是,1
T201329,2024-04-03 22:21,phone,支付失败,P3,35.5,是,4
T201330,2024-04-13 01:32,Web,登录问题,P0,17.3,是,2
T201331,2024-05-06 02:50,app,退款进度,P0,29.8,是,2
T201332,2024/06/21 19:53,phone,物流查询,P0,17.7,是,1
T201333,2024-06-05 07:39,phone,物流查询,P1,19.6,是,5
T201334,2024-04-27 21:38,app,登录问题,P0,,是,5
T201335,2024-05-11 10:46,web,物流查询,P0,23.3,是,3
T201336,2024-04-26 17:17,phone,物流查询,P1,16.0,是,3
T201337,2024-05-14 15:10,app,支付失败,P1,29.9,否,2
T201338,2024-03-24 06:17,app,功能咨询,P3,30.0,是,1
T201339,2024-04-28 16:23,web,支付失败,P0,21.4,是,3
T201340,2024-06-24 20:33,app,功能咨询,P0,15.0,是,5
T201341,2024-04-09 15:06,web,退款进度,P2,15.0,是,4
T201342,2024-05-08 02:40,app,功能咨询,P0,2.4,是,4
T201343,2024-06-12 22:46,app,登录问题,P3,16.4,是,1
T201344,2024/04/02 01:32,app,物流查询,P1,17.6,是,3
T201345,2024-03-13 09:10,web,登录问题,P0,25.3,否,4
T201346,2024-06-09 16:25,web,功能咨询,P0,12.2,是,3
T201347,2024-05-26 01:29,web,支付失败,P0,16.1,是,1
T201348,2024-05-20 16:34,Phone,登录问题,P3,24.2,是,5
T201349,2024-04-11 22:10,phone,退款进度,P0,17.1,是,4
T201350,2024-03-28 08:07,phone,物流查询,P1,14.1,是,4
T201351,2024-05-29 17:33,web,物流查询,P3,23.3,是,3
T201352,2024-05-19 04:39,app,物流查询,P0,31.0,是,1
T201353,2024-04-08 19:30,web,退款进度,P0,20.7,是,4
T201354,2024-06-02 04:06,phone,支付失败,P2,32.5,否,1
T201355,2024-05-14 09:52,app,功能咨询,P2,20.8,是,4
T201356,2024/03/10 21:18,phone,功能咨询,P3,12.9,是,5
T201357,2024-03-16 21:52,app,登录问题,P1,19.4,是,2
T201358,2024-04-13 04:15,app,登录问题,P0,31.7,是,3
T201359,2024-05-31 01:11,web,登录问题,P3,0.6,是,5
T201360,2024-04-01 23:53,web,退款进度,P1,32.5,是,1
T201361,2024-06-15 19:28,phone,物流查询,P3,28.8,是,5
T201362,2024-05-10 00:41,phone,退款进度,P3,31.7,是,3
T201363,2024-03-20 11:11,web,登录问题,P3,30.6,是,5
T201364,2024-05-02 09:37,phone,物流查询,P1,0.6,是,1
T201365,2024-06-25 23:00,app,支付失败,P3,34.4,是,4
T201366,2024-05-11 19:09,app,登录问题,P0,22.1,是,1
T201367,2024-03-15 06:41,web,物流查询,P0,22.4,是,1
T201368,2024/05/21 15:04,app,支付失败,P0,33.7,是,2
T201369,2024-06-11 07:38,app,退款进度,P2,7.9,是,1
T201370,2024-05-22 03:05,app,支付失败,P0,12.9,是,5
T201371,2024-05-07 23:43,phone,功能咨询,P1,19.7,否,5
T201372,2024-06-05 23:06,app,退款进度,P0,2.5,是,2
T201373,2024-04-02 09:11,app,物流查询,P1,29.3,是,4
T201374,2024-05-27 01:16,web,退款进度,P3,3.9,是,3
T201375,2024-06-13 03:49,app,支付失败,P1,13.1,是,3
T201376,2024-06-13 16:54,APP,物流查询,P2,5.7,是,1
T201377,2024-04-03 11:41,app,登录问题,P2,7.3,是,1
T201378,2024-05-25 12:29,web,支付失败,P1,26.9,是,4
T201379,2024-03-17 01:19,phone,退款进度,P0,10.1,是,3
T201380,2024/04/15 21:59,web,登录问题,P2,28.6,是,4
T201381,2024-06-25 21:36,web,物流查询,P2,29.2,否,5
T201382,2024-04-14 15:05,phone,登录问题,P1,12.8,是,3
T201383,2024-05-06 14:47,web,退款进度,P0,15.0,是,3
T201384,2024-06-10 17:22,phone,登录问题,P1,30.6,是,2
T201385,2024-05-13 08:18,phone,退款进度,P0,21.3,是,3
T201386,2024-05-04 01:22,phone,登录问题,P0,34.0,是,1
T201387,2024-03-07 23:16,phone,登录问题,P3,33.8,是,5
T201388,2024-03-23 14:50,web,物流查询,P1,30.1,是,5
T201389,2024-03-21 14:25,web,物流查询,P2,31.6,否,1
T201390,2024-03-20 02:27,app,功能咨询,P3,2.7,是,1
T201391,2024-04-14 20:36,Web,登录问题,P0,9.1,否,1
T201392,2024/06/07 15:50,phone,功能咨询,P1,,是,4
T201393,2024-05-11 01:28,phone,退款进度,P3,31.4,是,3
T201394,2024-04-26 09:15,app,支付失败,P1,4.8,是,2
T201395,2024-03-04 18:36,phone,功能咨询,P0,10.0,否,2
T201396,2024-03-21 15:06,Phone,支付失败,P0,5.9,是,5
T201397,2024-05-10 14:32,app,登录问题,P1,36.0,是,3
T201398,2024-05-09 14:21,app,支付失败,P2,19.8,是,5
T201399,2024-04-01 08:26,app,登录问题,P3,33.9,否,4
T201400,2024-03-31 07:25,phone,功能咨询,P1,22.5,是,5
T201401,2024-06-26 02:17,app,登录问题,P3,4.4,是,2
T201402,2024-03-29 13:04,app,功能咨询,P1,15.1,是,2
T201403,2024-04-11 12:37,phone,登录问题,P0,17.0,是,5
T201404,2024/03/13 18:34,app,退款进度,P0,24.1,是,2
T201405,2024-06-16 16:31,Web,退款进度,P0,24.1,是,3
T201406,2024-03-25 06:11,app,登录问题,P0,16.1,是,5
T201407,2024-06-15 21:32,web,支付失败,P2,27.3,是,2
T201408,2024-05-29 22:10,web,物流查询,P0,7.0,是,4
T201409,2024-06-07 16:34,phone,退款进度,P0,7.8,是,4
T201410,2024-06-27 05:53,app,功能咨询,P1,10.6,否,3
T201411,2024-03-09 12:42,phone,功能咨询,P3,15.3,是,5
T201412,2024-03-07 05:03,phone,退款进度,P2,9.1,否,4
T201413,2024-06-25 14:21,app,登录问题,P1,18.5,是,4
T201414,2024-06-24 13:14,app,功能咨询,P1,28.0,是,4
T201415,2024-06-27 16:12,phone,物流查询,P1,12.8,是,3
T201416,2024/03/22 03:01,phone,支付失败,P2,28.7,否,1
T201417,2024-05-04 02:51,Phone,支付失败,P1,31.1,是,4
T201418,2024-04-12 19:58,web,物流查询,P1,19.5,否,2
T201419,2024-04-15 17:27,phone,功能咨询,P1,16.3,是,4
T201420,2024-05-15 05:04,web,退款进度,P1,3.0,是,1
T201421,2024-05-22 12:10,app,登录问题,P2,13.8,是,3
T201422,2024-06-03 16:21,web,退款进度,P2,14.8,是,3
T201423,2024-03-26 10:10,phone,物流查询,P3,2.8,是,2
T201424,2024-05-28 06:35,web,功能咨询,P3,23.9,是,5
T201425,2024-04-07 09:13,phone,登录问题,P1,20.5,是,5
T201426,2024-04-29 22:09,APP,支付失败,P2,20.4,是,1
T201427,2024-06-17 01:14,app,登录问题,P2,30.1,是,2
T201428,2024/06/14 18:52,APP,支付失败,P1,15.3,是,2
T201429,2024-04-03 19:36,phone,登录问题,P0,21.7,是,3
T201430,2024-06-01 11:06,app,退款进度,P2,7.1,是,4
T201431,2024-05-02 09:23,phone,登录问题,P2,9.0,是,2
T201432,2024-06-16 06:57,web,功能咨询,P3,30.9,是,1
T201433,2024-06-01 20:54,Phone,功能咨询,P3,35.2,是,1
T201434,2024-06-29 16:02,app,退款进度,P2,12.5,否,3
T201435,2024-04-15 00:23,phone,退款进度,P0,12.5,是,2
T201436,2024-05-16 04:13,phone,登录问题,P0,10.9,是,2
T201437,2024-05-01 05:11,Phone,登录问题,P0,30.5,是,1
T201438,2024-06-01 15:53,app,功能咨询,P2,15.9,是,4
T201439,2024-06-02 03:59,app,支付失败,P3,9.2,是,5
T201440,2024/06/15 15:07,app,登录问题,P1,8.8,是,4
T201441,2024-03-22 10:06,web,功能咨询,P3,10.0,是,4
T201442,2024-06-08 05:20,phone,登录问题,P2,27.4,是,1
T201443,2024-06-09 00:43,app,支付失败,P1,1.5,是,4
T201444,2024-04-06 20:37,phone,功能咨询,P1,32.2,是,3
T201445,2024-04-02 05:19,phone,退款进度,P0,33.7,是,4
T201446,2024-04-30 03:27,app,物流查询,P0,22.7,是,4
T201447,2024-06-27 15:03,phone,支付失败,P2,11.4,是,2
T201448,2024-03-17 21:25,phone,物流查询,P3,35.4,是,3
T201449,2024-06-07 15:02,app,退款进度,P0,33.1,是,5
T201450,2024-03-18 06:54,web,支付失败,P1,,否,2
T201451,2024-04-17 01:29,phone,支付失败,P2,14.0,是,3
T201452,2024/03/08 20:20,app,物流查询,P2,5.4,否,2
T201453,2024-03-08 19:48,app,退款进度,P0,12.5,是,4
T201454,2024-06-06 09:41,phone,物流查询,P3,14.4,是,4
T201455,2024-06-25 01:49,web,功能咨询,P3,6.0,是,2
T201456,2024-05-20 10:06,phone,登录问题,P3,6.6,是,5
T201457,2024-04-06 00:32,phone,物流查询,P1,28.6,是,4
T201458,2024-06-20 12:17,phone,物流查询,P2,17.2,是,5
T201459,2024-04-04 09:44,APP,功能咨询,P1,20.3,是,2
T201460,2024-04-08 14:33,phone,登录问题,P0,31.0,是,1
T201461,2024-03-23 02:03,web,退款进度,P3,23.6,是,5
T201462,2024-06-11 23:20,web,退款进度,P0,19.4,是,1
T201463,2024-06-14 21:32,web,登录问题,P3,4.3,是,3
T201464,2024/06/21 17:01,phone,退款进度,P1,26.2,是,1
T201465,2024-05-26 16:25,web,功能咨询,P1,35.5,是,2
T201466,2024-05-03 10:16,phone,退款进度,P0,20.8,否,5
T201467,2024-04-14 11:04,web,支付失败,P1,10.9,是,3
T201468,2024-04-14 20:50,phone,功能咨询,P0,16.5,是,3
T201469,2024-06-21 00:38,Web,登录问题,P2,28.9,是,1
T201470,2024-03-03 00:04,app,登录问题,P3,25.6,是,3
T201471,2024-03-11 18:51,APP,物流查询,P0,32.0,是,1
T201472,2024-05-14 02:47,app,支付失败,P0,14.4,是,4
T201473,2024-04-02 20:59,web,功能咨询,P0,2.8,否,2
T201474,2024-05-26 07:18,app,功能咨询,P2,23.7,是,5
T201475,2024-03-18 11:46,web,登录问题,P0,14.9,否,2
T201476,2024/06/11 02:03,phone,退款进度,P3,25.7,是,2
T201477,2024-03-29 04:40,phone,支付失败,P1,35.0,否,3
T201478,2024-04-09 12:25,APP,功能咨询,P0,31.3,否,4
T201479,2024-04-16 15:25,app,退款进度,P1,1.1,是,1
T201480,2024-04-13 06:54,web,支付失败,P2,23.9,是,2
T201481,2024-05-04 07:42,web,物流查询,P1,2.2,是,5
T201482,2024-05-08 05:47,web,支付失败,P0,22.5,是,3
T201483,2024-04-17 12:58,Web,功能咨询,P0,33.6,是,3
T201484,2024-04-18 12:22,app,登录问题,P3,26.2,是,1
T201485,2024-06-01 16:34,web,支付失败,P3,16.0,否,2
T201486,2024-06-24 07:33,web,登录问题,P1,15.4,是,3
T201487,2024-04-13 06:24,app,物流查询,P2,23.9,是,4
T201488,2024/03/17 05:30,app,登录问题,P2,35.8,是,4
T201489,2024-05-11 10:05,phone,功能咨询,P1,26.7,是,2
T201490,2024-06-14 06:22,web,登录问题,P2,33.2,是,1
T201491,2024-03-05 12:22,web,登录问题,P2,33.0,是,2
T201492,2024-06-09 16:51,phone,登录问题,P0,21.1,是,2
T201493,2024-04-05 06:41,web,支付失败,P3,9.9,是,5
T201494,2024-05-30 17:58,web,退款进度,P3,8.2,是,5
T201495,2024-03-17 11:54,app,登录问题,P3,11.1,是,1
T201496,2024-03-02 09:23,web,退款进度,P3,14.9,是,2
T201497,2024-03-29 07:11,app,物流查询,P3,32.2,否,1
T201498,2024-05-21 06:44,Phone,登录问题,P2,13.5,是,4
T201499,2024-05-30 12:16,APP,退款进度,P2,22.4,是,3
T201500,2024/06/13 23:06,web,物流查询,P2,3.0,是,5
T201501,2024-04-01 20:59,phone,登录问题,P2,466.4,是,5
T201502,2024-03-28 15:55,app,支付失败,P1,8.1,是,4
T201503,2024-03-25 04:32,phone,支付失败,P1,4.8,否,4
T201504,2024-04-01 03:41,phone,登录问题,P1,33.8,是,4
T201505,2024-06-20 04:38,Phone,支付失败,P1,12.7,是,5
T201506,2024-04-18 14:27,APP,功能咨询,P3,11.5,是,2
T201507,2024-04-15 17:43,web,退款进度,P1,10.9,是,2
T201508,2024-03-25 11:06,phone,物流查询,P3,,是,1
T201509,2024-05-26 23:18,web,登录问题,P0,19.6,是,1
T201510,2024-05-09 12:15,app,退款进度,P0,1.0,是,1
T201511,2024-04-07 18:31,web,退款进度,P1,25.7,是,1
T201512,2024/06/25 05:33,web,物流查询,P0,16.3,否,2
T201513,2024-05-27 15:16,app,登录问题,P0,0.6,是,5
T201514,2024-04-16 03:57,phone,登录问题,P0,29.6,是,1
T201515,2024-06-27 11:47,web,登录问题,P0,27.4,是,3
T201516,2024-06-08 10:22,app,功能咨询,P1,15.8,是,3
T201517,2024-06-17 22:19,app,支付失败,P1,6.1,是,3
T201518,2024-05-27 19:13,app,功能咨询,P2,22.5,是,3
T201519,2024-06-09 12:26,app,物流查询,P2,29.2,是,5
T201520,2024-04-28 17:59,app,物流查询,P1,18.8,是,5
T201521,2024-04-16 03:48,phone,支付失败,P1,5.0,是,4
T201522,2024-04-22 15:46,app,退款进度,P0,20.0,否,1
T201523,2024-03-20 08:11,app,物流查询,P1,8.2,是,2
T201524,2024/03/24 17:07,phone,登录问题,P0,16.9,是,4
T201525,2024-03-09 14:42,phone,退款进度,P0,35.4,是,4
T201526,2024-04-06 06:18,app,登录问题,P1,9.3,是,3
T201527,2024-05-30 05:42,app,功能咨询,P0,14.1,否,2
T201528,2024-06-24 16:07,app,物流查询,P1,29.1,是,3
T201529,2024-06-10 16:04,app,物流查询,P0,20.6,是,3
T201530,2024-05-01 15:00,app,退款进度,P1,9.0,否,3
T201531,2024-03-26 12:04,web,登录问题,P1,12.9,是,4
T201532,2024-06-09 07:02,app,物流查询,P3,30.2,是,2
T201533,2024-05-09 14:01,web,功能咨询,P3,30.7,是,1
T201534,2024-04-28 12:05,Phone,功能咨询,P3,17.8,是,4
T201535,2024-03-22 21:11,app,退款进度,P0,18.2,否,5
T201536,2024/05/28 23:39,web,功能咨询,P2,2.2,是,4
T201537,2024-05-05 05:48,Web,功能咨询,P3,16.9,是,3
T201538,2024-03-03 13:31,phone,退款进度,P3,35.0,是,1
T201539,2024-04-04 21:02,phone,物流查询,P1,6.3,是,4
T201540,2024-06-30 13:36,phone,登录问题,P1,34.3,是,1
T201541,2024-03-28 16:19,phone,退款进度,P3,23.0,是,2
T201542,2024-03-14 23:28,web,登录问题,P0,6.4,是,1
T201543,2024-06-03 19:43,app,登录问题,P1,17.6,是,2
T201544,2024-06-24 10:18,app,物流查询,P0,18.7,是,2
T201545,2024-05-20 18:05,app,退款进度,P2,4.7,是,5
T201546,2024-05-17 06:45,APP,物流查询,P2,20.1,否,5
T201547,2024-04-08 16:30,web,退款进度,P0,13.5,是,2
T201548,2024/05/27 04:30,Phone,功能咨询,P3,0.9,是,5
T201549,2024-04-13 00:40,phone,退款进度,P1,3.6,是,2
T201550,2024-06-03 11:34,web,退款进度,P0,6.8,是,3
T201551,2024-03-21 05:26,web,登录问题,P3,6.3,是,3
T201552,2024-05-31 08:14,phone,退款进度,P0,0.8,是,4
T201553,2024-04-03 04:43,phone,退款进度,P3,23.1,是,1
T201554,2024-05-06 02:42,phone,退款进度,P3,25.9,是,3
T201555,2024-05-30 16:07,web,物流查询,P0,9.0,是,4
T201556,2024-04-07 08:31,app,登录问题,P3,35.3,否,5
T201557,2024-06-03 01:00,Phone,物流查询,P0,26.2,是,2
T201558,2024-03-15 19:11,web,功能咨询,P1,4.8,否,4
T201559,2024-05-11 16:24,Phone,登录问题,P0,13.7,是,5
T201560,2024/03/07 12:40,app,退款进度,P3,7.6,是,1
T201561,2024-05-03 18:51,phone,功能咨询,P0,16.6,是,2
T201562,2024-06-02 08:18,app,支付失败,P0,15.1,否,4
T201563,2024-03-11 07:16,app,退款进度,P0,12.1,是,1
T201564,2024-04-06 11:33,web,登录问题,P2,33.9,否,5
T201565,2024-05-05 16:08,web,物流查询,P2,23.6,是,1
T201566,2024-03-16 08:51,app,登录问题,P2,,是,2
T201567,2024-06-13 06:03,web,物流查询,P3,2.5,是,2
T201568,2024-06-05 20:12,web,退款进度,P2,35.8,是,4
T201569,2024-05-09 18:26,app,退款进度,P3,31.5,否,1
T201570,2024-06-19 18:28,app,支付失败,P0,26.7,是,3
T201571,2024-05-23 13:05,app,物流查询,P3,5.2,是,1
T201572,2024/03/25 22:50,app,支付失败,P1,27.2,是,2
T201573,2024-06-27 04:38,web,功能咨询,P1,13.0,是,4
T201574,2024-05-17 01:19,app,支付失败,P3,14.9,否,2
T201575,2024-06-20 07:20,web,退款进度,P2,29.2,是,2
T201576,2024-03-15 07:12,APP,物流查询,P0,26.1,是,3
T201577,2024-04-11 03:29,app,登录问题,P0,3.0,否,1
T201578,2024-03-24 23:13,web,功能咨询,P1,12.7,是,5
T201579,2024-04-15 20:54,Web,支付失败,P3,14.9,是,3
T201580,2024-05-08 21:33,phone,登录问题,P1,23.2,是,5
T201581,2024-04-23 04:53,phone,物流查询,P2,34.4,是,3
T201582,2024-04-17 13:03,phone,物流查询,P3,28.4,是,4
T201583,2024-03-03 00:55,phone,支付失败,P0,4.3,是,1
T201584,2024/03/28 23:10,phone,支付失败,P3,29.3,是,2
T201585,2024-03-06 23:32,web,功能咨询,P2,34.4,是,1
T201586,2024-04-17 09:43,web,退款进度,P0,20.8,是,2
T201587,2024-06-19 01:09,app,登录问题,P1,21.2,是,3
T201588,2024-05-14 03:46,phone,功能咨询,P0,1.7,是,2
T201589,2024-06-20 22:30,web,功能咨询,P2,33.2,是,3
T201590,2024-03-12 02:51,app,退款进度,P1,33.2,是,1
T201591,2024-06-21 06:53,app,物流查询,P0,22.9,是,4
T201592,2024-04-25 09:11,web,登录问题,P1,1.3,是,2
T201593,2024-03-25 17:46,app,物流查询,P0,6.0,是,1
T201594,2024-05-29 17:09,phone,功能咨询,P3,19.8,是,3
T201595,2024-05-31 19:10,web,物流查询,P1,25.9,是,1
T201596,2024/04/05 19:31,web,支付失败,P3,22.7,是,3
T201597,2024-05-29 08:33,Phone,登录问题,P3,26.3,是,1
T201598,2024-03-06 01:20,Phone,登录问题,P1,4.8,是,4
T201599,2024-06-17 10:19,web,退款进度,P1,12.5,是,5
T201600,2024-05-03 14:37,app,支付失败,P1,22.8,是,1
T201601,2024-05-28 18:12,phone,功能咨询,P0,16.6,是,4
T201602,2024-06-02 14:09,app,功能咨询,P0,17.0,是,2
T201603,2024-04-06 21:05,app,功能咨询,P1,17.5,是,4
T201604,2024-05-16 02:04,app,物流查询,P1,3.7,是,1
T201605,2024-03-18 21:09,web,物流查询,P1,6.3,是,3
T201606,2024-05-06 23:07,web,登录问题,P1,6.7,是,2
T201607,2024-03-04 13:16,app,退款进度,P3,8.2,是,1
T201608,2024/06/19 11:04,app,功能咨询,P0,8.2,是,4
T201609,2024-03-23 12:37,web,退款进度,P0,15.1,否,1
T201610,2024-03-13 13:03,app,功能咨询,P0,11.0,是,4
T201611,2024-04-10 07:14,Web,退款进度,P0,17.0,是,5
T201612,2024-03-23 01:11,phone,支付失败,P1,17.3,是,1
T201613,2024-05-17 06:19,app,支付失败,P2,31.9,是,2
T201614,2024-05-15 16:26,app,支付失败,P3,31.2,否,5
T201615,2024-05-10 20:32,web,功能咨询,P3,6.9,是,3
T201616,2024-05-05 17:45,Web,物流查询,P0,33.5,是,1
T201617,2024-03-15 18:27,phone,登录问题,P2,3.3,是,3
T201618,2024-05-08 01:21,phone,物流查询,P2,20.5,是,3
T201619,2024-06-09 05:52,phone,功能咨询,P2,31.3,是,2
T201620,2024/03/20 00:50,app,退款进度,P3,13.1,是,2
T201621,2024-03-10 02:40,app,退款进度,P2,16.7,是,4
T201622,2024-05-15 16:15,app,退款进度,P0,8.6,是,4
T201623,2024-05-17 13:02,web,退款进度,P3,23.3,是,4
T201624,2024-06-02 17:28,web,登录问题,P2,,是,1
T201625,2024-04-22 06:32,Phone,退款进度,P2,35.7,是,3
T201626,2024-04-08 10:05,phone,功能咨询,P1,18.3,是,5
T201627,2024-03-19 10:13,phone,支付失败,P3,5.3,否,4
T201628,2024-05-13 09:03,Web,支付失败,P2,13.3,是,4
T201629,2024-04-06 07:34,phone,登录问题,P3,29.9,是,3
T201630,2024-05-18 18:07,app,退款进度,P0,18.4,是,3
T201631,2024-05-03 22:56,web,支付失败,P0,7.1,是,2
T201632,2024/05/19 14:58,web,退款进度,P0,12.1,是,4
T201633,2024-06-19 23:09,phone,退款进度,P2,2.7,是,5
T201634,2024-06-25 13:35,phone,登录问题,P2,7.9,是,5
T201635,2024-04-09 07:55,app,功能咨询,P2,20.0,是,4
T201636,2024-06-10 01:06,app,功能咨询,P3,27.5,是,2
T201637,2024-05-17 20:26,app,物流查询,P0,29.6,是,2
T201638,2024-06-20 20:35,app,退款进度,P1,21.8,是,4
T201639,2024-05-24 20:48,app,支付失败,P0,5.2,是,5
T201640,2024-05-25 08:13,web,物流查询,P2,20.2,是,5
T201641,2024-04-21 04:51,phone,退款进度,P1,31.6,是,3
T201642,2024-03-15 16:39,app,登录问题,P3,19.4,是,4
T201643,2024-06-18 11:29,phone,退款进度,P3,26.1,是,4
T201644,2024/04/13 02:56,Phone,登录问题,P2,14.3,是,1
T201645,2024-05-30 14:37,web,登录问题,P2,34.8,是,1
T201646,2024-05-11 14:16,phone,退款进度,P0,35.0,是,5
T201647,2024-05-24 05:49,phone,退款进度,P3,2.2,是,3
T201648,2024-06-16 08:33,phone,物流查询,P0,34.2,否,2
T201649,2024-04-28 19:05,web,支付失败,P1,6.7,是,1
T201650,2024-06-06 12:02,phone,物流查询,P0,35.4,是,2
T201651,2024-06-05 21:27,phone,物流查询,P2,5.9,是,2
T201652,2024-06-27 13:11,app,支付失败,P3,32.9,是,1
T201653,2024-05-14 08:38,app,登录问题,P3,5.3,否,1
T201654,2024-06-06 17:46,Phone,功能咨询,P2,33.4,是,2
T201655,2024-04-13 08:19,web,支付失败,P1,7.5,是,5
T201656,2024/04/21 12:14,app,登录问题,P3,33.7,是,4
T201657,2024-04-10 17:55,app,支付失败,P1,32.6,是,5
T201658,2024-06-29 11:15,app,物流查询,P1,18.3,是,2
T201659,2024-04-11 15:06,web,登录问题,P3,18.9,是,1
T201660,2024-05-08 10:47,web,退款进度,P1,18.6,是,3
T201661,2024-05-10 10:34,web,物流查询,P1,23.7,是,3
T201662,2024-04-11 08:00,web,支付失败,P0,16.1,是,5
T201663,2024-03-05 19:29,APP,功能咨询,P3,13.7,是,1
T201664,2024-03-02 18:36,app,支付失败,P1,20.8,是,3
T201665,2024-05-05 11:47,web,支付失败,P2,20.6,是,2
T201666,2024-05-28 21:42,web,功能咨询,P2,27.4,是,1
T201667,2024-03-29 22:19,Phone,退款进度,P1,5.3,是,2
T201668,2024/04/21 09:08,web,支付失败,P1,2.6,否,2
T201669,2024-06-23 22:58,phone,登录问题,P3,33.2,是,1
T201670,2024-05-26 06:01,app,支付失败,P3,11.9,是,1
T201671,2024-05-02 23:18,app,功能咨询,P1,2.9,是,5
T201672,2024-04-20 10:35,phone,支付失败,P2,31.5,是,1
T201673,2024-05-27 04:23,web,支付失败,P3,482.1,是,2
T201674,2024-04-13 11:50,web,功能咨询,P2,9.9,是,3
T201675,2024-03-21 18:45,phone,登录问题,P3,20.0,是,4
T201676,2024-03-13 01:39,web,支付失败,P3,6.9,是,4
T201677,2024-03-11 18:44,app,退款进度,P1,20.1,是,5
T201678,2024-06-09 10:34,app,退款进度,P3,1.0,是,1
T201679,2024-03-19 02:05,web,退款进度,P0,11.6,是,3
T201680,2024/03/22 13:09,Phone,登录问题,P2,31.9,是,2
T201681,2024-05-03 20:30,phone,物流查询,P3,35.8,是,2
T201682,2024-04-11 07:26,phone,登录问题,P1,,是,2
T201683,2024-06-21 18:38,app,退款进度,P1,30.2,是,2
T201684,2024-06-05 05:11,app,登录问题,P0,14.9,是,3
T201685,2024-05-08 13:42,web,物流查询,P3,16.7,否,2
T201686,2024-03-16 11:03,web,登录问题,P0,30.6,是,4
T201687,2024-06-05 11:41,app,功能咨询,P2,22.3,是,1
T201688,2024-05-11 09:27,web,登录问题,P1,34.7,是,2
T201689,2024-05-10 14:56,web,功能咨询,P1,28.9,是,5
T201690,2024-06-23 16:02,web,功能咨询,P0,8.4,是,3
T201691,2024-06-26 08:25,phone,功能咨询,P1,20.2,是,1
T201692,2024/03/05 22:04,app,物流查询,P1,10.9,是,3
T201693,2024-06-08 04:42,app,功能咨询,P3,23.5,是,2
T201694,2024-06-25 15:47,web,功能咨询,P2,28.1,是,2
T201695,2024-06-08 03:44,app,支付失败,P0,30.6,是,2
T201696,2024-06-17 23:30,Web,退款进度,P2,27.9,否,3
T201697,2024-06-11 09:26,web,支付失败,P0,6.8,是,1
T201698,2024-05-24 20:11,app,功能咨询,P2,35.8,是,5
T201699,2024-05-12 10:54,phone,登录问题,P0,19.8,是,3
T201700,2024-03-01 16:20,phone,退款进度,P3,11.7,是,1
T201701,2024-06-02 04:33,web,登录问题,P1,29.8,是,5
T201702,2024-03-27 22:13,web,物流查询,P0,3.8,是,5
T201703,2024-03-24 21:26,phone,物流查询,P1,12.4,是,2
T201704,2024/05/04 22:38,web,物流查询,P2,30.4,是,2
T201705,2024-03-18 16:48,app,登录问题,P1,18.2,是,2
T201706,2024-05-23 09:21,web,退款进度,P3,27.4,是,5
T201707,2024-03-31 21:17,web,登录问题,P2,35.6,否,5
T201708,2024-06-10 03:19,app,退款进度,P3,35.9,是,5
T201709,2024-04-16 11:13,phone,支付失败,P1,5.7,是,3
T201710,2024-05-10 14:00,app,登录问题,P3,20.4,是,1
T201711,2024-05-09 02:36,app,功能咨询,P2,0.6,是,4
T201712,2024-04-25 11:59,app,支付失败,P3,13.6,是,1
T201713,2024-05-23 02:39,phone,退款进度,P0,14.4,是,5
T201714,2024-04-24 18:25,web,登录问题,P3,32.2,是,4
T201715,2024-03-30 16:04,app,功能咨询,P2,3.7,是,2
T201716,2024/06/21 10:47,web,登录问题,P1,15.2,是,1
T201717,2024-05-08 10:46,app,退款进度,P3,22.2,是,5
T201718,2024-06-01 19:41,app,支付失败,P1,3.0,是,4
T201719,2024-06-30 14:58,phone,物流查询,P0,21.1,是,1
T201720,2024-06-08 05:01,web,功能咨询,P3,11.4,是,3
T201721,2024-03-14 09:25,app,退款进度,P3,14.1,是,3
T201722,2024-03-29 18:41,web,登录问题,P1,18.0,否,5
T201723,2024-05-12 14:26,app,登录问题,P1,34.0,是,1
T201724,2024-06-05 20:26,phone,物流查询,P0,35.7,是,2
T201725,2024-05-01 16:44,app,退款进度,P2,34.3,是,2
T201726,2024-06-01 01:53,phone,退款进度,P2,32.0,是,5
T201727,2024-03-22 07:50,phone,功能咨询,P1,3.3,是,3
T201728,2024/06/20 22:27,web,登录问题,P3,32.8,否,3
T201729,2024-06-30 04:29,web,退款进度,P0,24.4,是,1
T201730,2024-04-08 15:46,Web,功能咨询,P2,11.8,是,1
T201731,2024-06-02 04:25,phone,支付失败,P0,27.2,是,4
T201732,2024-04-01 03:31,phone,登录问题,P3,9.2,是,5
T201733,2024-05-13 23:23,app,退款进度,P3,1.4,是,2
T201734,2024-06-16 10:36,app,退款进度,P1,15.0,否,5
T201735,2024-06-13 19:26,app,功能咨询,P3,16.1,是,2
T201736,2024-06-29 19:22,web,功能咨询,P2,12.9,是,4
T201737,2024-04-19 16:49,web,支付失败,P2,16.1,是,3
T201738,2024-05-23 10:42,phone,支付失败,P0,25.5,是,3
T201739,2024-03-10 18:40,Phone,退款进度,P3,13.4,是,2
T201740,2024/03/22 16:41,phone,功能咨询,P3,,是,4
T201741,2024-06-27 01:49,web,登录问题,P1,19.2,是,4
T201742,2024-03-16 18:40,web,功能咨询,P0,31.4,是,1
T201743,2024-04-22 22:18,app,支付失败,P1,17.6,否,5
T201744,2024-06-22 09:49,phone,物流查询,P1,32.9,是,2
T201745,2024-04-14 18:36,phone,退款进度,P0,9.2,否,3
T201746,2024-05-13 23:44,Web,退款进度,P1,21.3,是,2
T201747,2024-03-04 08:12,phone,支付失败,P3,5.5,是,5
T201748,2024-03-09 14:22,phone,功能咨询,P1,19.4,是,3
T201749,2024-03-23 02:19,app,物流查询,P0,9.2,否,1
T201750,2024-06-21 00:00,phone,退款进度,P1,34.4,是,2
T201751,2024-06-28 15:45,web,支付失败,P3,13.4,是,1
T201752,2024/04/08 04:36,app,退款进度,P1,20.5,是,3
T201753,2024-05-28 07:26,phone,支付失败,P1,32.3,是,4
T201754,2024-06-23 09:45,web,支付失败,P3,18.6,是,5
T201755,2024-03-14 06:56,phone,功能咨询,P3,30.7,是,1
T201756,2024-05-18 18:08,app,功能咨询,P1,22.1,是,5
T201757,2024-05-13 18:35,app,功能咨询,P3,1.3,是,1
T201758,2024-06-10 16:00,app,功能咨询,P0,23.2,是,5
T201759,2024-03-07 12:22,app,支付失败,P3,11.6,是,1
T201760,2024-05-30 02:48,phone,物流查询,P1,21.3,是,5
T201761,2024-03-16 14:51,app,登录问题,P0,18.5,否,4
T201762,2024-03-17 06:02,web,退款进度,P3,5.5,是,1
T201763,2024-03-02 07:45,app,退款进度,P0,4.7,否,2
T201764,2024/03/01 21:32,web,登录问题,P3,23.5,是,3
T201765,2024-06-26 18:14,Web,登录问题,P3,24.8,否,4
T201766,2024-04-11 06:20,app,支付失败,P1,1.3,是,5
T201767,2024-04-21 03:47,phone,登录问题,P2,28.2,是,4
T201768,2024-05-11 20:06,web,物流查询,P1,34.2,是,2
T201769,2024-04-04 15:58,APP,登录问题,P1,20.8,是,2
T201770,2024-06-10 22:34,phone,支付失败,P3,33.4,是,4
T201771,2024-05-23 09:37,APP,支付失败,P2,23.0,是,3
T201772,2024-03-10 17:50,web,登录问题,P1,9.9,是,1
T201773,2024-05-03 16:21,app,支付失败,P3,26.9,是,5
T201774,2024-06-28 06:28,app,支付失败,P1,21.9,是,2
T201775,2024-06-02 07:56,phone,退款进度,P3,8.9,是,5
T201776,2024/05/17 13:48,phone,功能咨询,P0,4.4,是,1
T201777,2024-04-24 06:43,web,登录问题,P3,9.4,是,2
T201778,2024-06-24 12:48,app,登录问题,P1,25.1,是,2
T201779,2024-03-08 13:54,web,支付失败,P3,5.7,是,3
T201780,2024-05-18 12:38,phone,功能咨询,P0,8.8,否,5
T201781,2024-04-12 21:14,phone,登录问题,P3,6.5,是,4
T201782,2024-03-28 06:52,web,退款进度,P1,20.9,是,5
T201783,2024-06-24 23:40,phone,登录问题,P3,23.4,是,4
T201784,2024-05-10 06:17,web,退款进度,P3,3.1,是,4
T201785,2024-03-29 20:07,app,物流查询,P0,28.9,是,4
T201786,2024-04-01 18:08,web,支付失败,P1,13.5,是,2
T201787,2024-03-11 03:52,Phone,物流查询,P1,24.6,否,1
T201788,2024/05/22 13:31,web,支付失败,P2,3.7,是,4
T201789,2024-04-24 01:16,phone,退款进度,P3,2.8,是,2
T201790,2024-05-20 00:52,phone,支付失败,P1,25.3,是,5
T201791,2024-04-19 02:08,Web,登录问题,P3,25.3,是,3
T201792,2024-06-06 14:03,phone,物流查询,P0,27.3,是,5
T201793,2024-03-06 09:15,phone,登录问题,P2,21.2,是,2
T201794,2024-05-13 15:26,phone,物流查询,P0,16.6,是,2
T201795,2024-03-10 18:19,app,登录问题,P0,22.5,否,1
T201796,2024-05-28 03:04,phone,退款进度,P2,32.2,是,1
T201797,2024-05-06 23:38,phone,支付失败,P1,31.3,是,4
T201798,2024-06-15 14:34,web,登录问题,P3,,是,4
T201799,2024-04-21 20:38,phone,物流查询,P1,16.4,否,1
T201800,2024/03/22 20:05,phone,登录问题,P1,8.5,是,4
T201801,2024-06-04 00:22,web,支付失败,P1,5.0,是,5
T201802,2024-06-03 11:03,app,功能咨询,P2,13.6,是,1
T201803,2024-03-10 19:52,app,物流查询,P1,28.2,是,3
T201804,2024-06-29 22:47,web,支付失败,P3,32.5,是,1
T201805,2024-03-08 04:05,app,支付失败,P3,2.0,是,3
T201806,2024-05-02 04:02,app,登录问题,P1,1.8,是,1
T201807,2024-06-17 14:47,app,功能咨询,P1,20.1,否,4
T201808,2024-05-06 21:45,app,物流查询,P1,10.7,是,4
T201809,2024-04-22 07:46,web,功能咨询,P2,34.4,是,1
T201810,2024-04-12 18:12,phone,退款进度,P2,34.8,是,2
T201811,2024-04-11 22:16,phone,退款进度,P3,33.6,是,5
T201812,2024/06/03 15:59,web,退款进度,P3,30.6,是,4
T201813,2024-04-02 03:15,phone,物流查询,P3,19.0,是,4
T201814,2024-06-20 02:03,web,物流查询,P0,7.4,是,1
T201815,2024-04-03 04:07,app,退款进度,P2,29.9,是,3
T201816,2024-06-10 10:49,phone,支付失败,P2,32.2,否,1
T201817,2024-03-24 06:48,web,支付失败,P1,9.8,是,5
T201818,2024-03-28 00:46,phone,功能咨询,P1,15.2,是,2
T201819,2024-05-04 10:31,web,登录问题,P3,4.2,是,3
T201820,2024-06-16 23:34,web,退款进度,P0,30.9,是,3
T201821,2024-06-05 08:42,web,支付失败,P2,28.5,是,2
T201822,2024-06-08 15:36,app,功能咨询,P2,12.5,是,5
T201823,2024-05-09 23:55,web,物流查询,P0,6.2,是,2
T201824,2024/06/18 09:29,phone,退款进度,P0,31.7,是,5
T201825,2024-03-02 00:30,phone,支付失败,P3,28.9,是,4
T201826,2024-05-30 23:43,web,支付失败,P1,8.6,是,5
T201827,2024-03-14 19:25,phone,退款进度,P0,2.7,是,3
T201828,2024-03-20 19:03,web,退款进度,P0,29.2,是,3
T201829,2024-03-29 08:21,app,功能咨询,P0,11.2,是,3
T201830,2024-03-18 02:26,phone,退款进度,P3,9.6,是,1
T201831,2024-03-31 22:04,app,支付失败,P1,1.7,否,3
T201832,2024-05-10 13:52,web,功能咨询,P0,19.0,是,1
T201833,2024-06-17 12:10,phone,登录问题,P1,18.2,是,2
T201834,2024-05-18 10:38,app,功能咨询,P2,6.3,是,4
T201835,2024-03-06 21:15,app,登录问题,P0,13.0,是,1
T201836,2024/06/23 05:45,Web,物流查询,P1,25.7,是,2
T201837,2024-06-19 09:56,web,支付失败,P0,18.7,是,3
T201838,2024-03-22 10:49,phone,功能咨询,P0,1.5,是,4
T201839,2024-06-21 15:16,phone,支付失败,P0,32.2,是,1
T201840,2024-06-27 21:31,app,退款进度,P0,7.7,否,1
T201841,2024-06-19 02:23,web,登录问题,P1,30.6,是,1
T201842,2024-05-16 23:57,app,登录问题,P2,15.4,是,4
T201843,2024-04-24 08:20,phone,功能咨询,P0,33.6,是,1
T201844,2024-04-11 23:17,app,功能咨询,P2,23.5,是,4
T201845,2024-04-26 18:01,Web,物流查询,P2,1.0,是,2
T201846,2024-03-17 07:55,phone,登录问题,P3,34.2,是,2
T201847,2024-04-16 23:38,phone,支付失败,P0,28.4,是,1
T201848,2024/05/19 06:37,phone,登录问题,P3,12.5,是,4
T201849,2024-05-18 23:41,phone,登录问题,P2,16.1,是,2
T201850,2024-05-14 21:58,phone,功能咨询,P3,29.4,是,3
T201851,2024-04-24 03:14,app,支付失败,P0,4.9,是,5
T201852,2024-05-16 21:22,phone,功能咨询,P0,1.5,是,1
T201853,2024-04-22 14:31,web,登录问题,P3,5.4,否,4
T201854,2024-05-13 06:21,app,支付失败,P3,24.7,是,5
T201855,2024-03-16 12:32,web,退款进度,P0,20.5,是,2
T201856,2024-04-27 08:29,web,物流查询,P1,,是,2
T201857,2024-05-27 08:07,web,支付失败,P1,13.3,是,3
T201858,2024-04-17 22:06,Phone,支付失败,P0,438.5,是,5
T201859,2024-05-29 10:53,web,功能咨询,P3,31.7,是,3
T201860,2024/05/26 04:48,phone,退款进度,P0,14.1,是,3
T201861,2024-04-27 10:26,Phone,功能咨询,P1,35.7,否,3
T201862,2024-03-20 16:49,phone,功能咨询,P0,2.4,是,1
T201863,2024-04-12 17:13,app,退款进度,P2,28.8,是,5
T201864,2024-03-05 12:02,app,退款进度,P3,4.1,是,4
T201865,2024-06-10 14:53,web,支付失败,P1,29.1,否,3
T201866,2024-03-27 09:22,phone,物流查询,P0,0.7,是,1
T201867,2024-03-10 16:21,web,功能咨询,P0,20.2,是,1
T201868,2024-05-30 00:36,web,登录问题,P0,14.9,是,4
T201869,2024-05-26 23:24,app,物流查询,P3,13.1,是,5
T201870,2024-03-13 11:45,phone,退款进度,P3,21.9,是,5
T201871,2024-05-17 23:34,phone,支付失败,P0,15.3,是,4
T201872,2024/04/28 18:07,app,退款进度,P3,12.0,是,2
T201873,2024-06-19 10:34,web,退款进度,P1,9.3,是,4
T201874,2024-04-12 12:45,phone,物流查询,P0,0.6,是,1
T201875,2024-06-14 23:39,phone,物流查询,P3,7.3,是,2
T201876,2024-06-18 17:11,phone,支付失败,P0,6.6,是,4
T201877,2024-06-14 05:56,app,退款进度,P2,1.1,是,1
T201878,2024-06-19 07:15,web,登录问题,P2,25.1,是,2
T201879,2024-06-19 00:02,phone,登录问题,P2,23.2,是,3
T201880,2024-06-30 14:15,phone,物流查询,P3,17.3,是,3
T201881,2024-05-06 22:47,APP,支付失败,P1,28.4,否,4
T201882,2024-03-11 03:15,Web,登录问题,P2,29.6,是,2
T201883,2024-06-11 22:12,Phone,物流查询,P1,20.4,是,5
T201884,2024/06/26 23:32,app,退款进度,P2,35.0,是,4
T201885,2024-06-09 21:54,web,物流查询,P2,33.0,是,5
T201886,2024-06-25 07:23,phone,登录问题,P1,12.9,是,1
T201887,2024-04-28 23:29,phone,支付失败,P1,14.0,是,5
T201888,2024-03-21 00:17,phone,支付失败,P0,26.7,是,3
T201889,2024-03-17 00:32,phone,登录问题,P1,16.3,是,2
T201890,2024-06-20 09:03,app,物流查询,P3,15.8,是,4
T201891,2024-05-21 06:38,app,功能咨询,P2,3.3,是,5
T201892,2024-03-09 04:58,Phone,功能咨询,P2,11.1,是,4
T201893,2024-05-04 18:38,APP,支付失败,P1,20.4,是,3
T201894,2024-06-06 13:25,web,退款进度,P1,34.6,否,3
T201895,2024-05-31 17:04,phone,退款进度,P0,19.1,是,2
T201896,2024/04/07 18:21,web,退款进度,P1,0.8,是,3
T201897,2024-05-05 19:11,app,支付失败,P1,23.1,是,4
T201898,2024-04-17 10:23,web,功能咨询,P3,19.3,是,3
T201899,2024-05-02 20:56,web,支付失败,P2,2.8,是,5
T201900,2024-06-12 16:58,app,功能咨询,P0,19.2,是,2
T201901,2024-04-09 22:50,phone,退款进度,P0,16.7,是,1
T201902,2024-05-12 16:57,app,登录问题,P0,16.8,是,1
T201903,2024-03-04 17:19,web,退款进度,P3,1.2,是,3
T201904,2024-06-15 17:10,web,登录问题,P3,11.9,是,4
T201905,2024-05-06 04:58,web,登录问题,P3,32.4,是,1
T201906,2024-03-30 01:24,web,物流查询,P0,7.8,是,5
T201907,2024-05-16 11:39,Phone,物流查询,P3,0.7,是,4
T201908,2024/04/19 14:11,app,功能咨询,P2,35.4,是,1
T201909,2024-03-23 15:57,phone,退款进度,P2,24.1,是,2
T201910,2024-03-09 03:55,phone,支付失败,P1,3.4,是,1
T201911,2024-03-24 05:49,Web,支付失败,P2,1.9,是,4
T201912,2024-03-28 04:50,web,登录问题,P2,14.3,是,3
T201913,2024-06-01 00:31,phone,物流查询,P3,7.1,是,3
T201914,2024-04-03 17:17,app,物流查询,P3,,是,1
T201915,2024-04-14 15:13,web,退款进度,P2,18.1,是,3
T201916,2024-03-25 13:55,phone,退款进度,P1,29.9,否,3
T201917,2024-06-24 05:24,web,物流查询,P2,12.4,是,1
T201918,2024-06-08 03:29,Web,支付失败,P2,24.9,是,3
T201919,2024-04-29 06:02,app,支付失败,P0,19.5,是,3
T201920,2024/06/03 21:55,phone,功能咨询,P2,9.1,是,4
T201921,2024-04-01 13:59,phone,退款进度,P1,33.3,否,4
T201922,2024-03-18 22:13,phone,支付失败,P3,17.3,是,3
T201923,2024-06-09 06:55,app,物流查询,P2,2.2,否,1
T201924,2024-04-01 19:39,web,支付失败,P3,3.8,否,5
T201925,2024-06-29 18:36,web,登录问题,P2,20.3,是,2
T201926,2024-06-19 12:59,phone,退款进度,P0,23.9,是,4
T201927,2024-04-02 17:02,app,功能咨询,P1,16.5,是,2
T201928,2024-05-06 01:53,web,退款进度,P0,3.7,是,1
T201929,2024-04-01 17:54,phone,退款进度,P0,35.3,是,1
T201930,2024-05-31 13:16,web,登录问题,P3,24.1,是,2
T201931,2024-03-10 12:08,phone,支付失败,P2,7.5,是,2
T201932,2024/03/12 06:41,app,支付失败,P3,3.7,是,1
T201933,2024-03-20 10:54,app,登录问题,P1,27.3,否,2
T201934,2024-03-13 06:41,web,功能咨询,P1,25.5,是,4
T201935,2024-05-29 11:57,phone,登录问题,P2,9.4,是,4
T201936,2024-06-17 13:13,app,功能咨询,P3,34.9,是,4
T201937,2024-03-21 23:16,app,支付失败,P1,19.7,是,4
T201938,2024-05-25 03:08,phone,退款进度,P0,1.0,是,3
T201939,2024-05-18 08:57,phone,物流查询,P1,17.5,是,1
T201940,2024-05-02 06:04,app,功能咨询,P3,4.5,是,1
T201941,2024-03-13 03:04,web,功能咨询,P3,20.6,是,5
T201942,2024-04-01 15:24,app,退款进度,P3,19.5,是,3
T201943,2024-05-10 16:18,phone,支付失败,P3,10.9,是,1
T201944,2024/04/18 20:27,phone,支付失败,P1,21.9,是,5
T201945,2024-04-26 05:39,web,功能咨询,P2,22.9,否,3
T201946,2024-06-24 22:44,web,登录问题,P2,11.4,是,5
T201947,2024-06-14 14:10,phone,支付失败,P1,22.6,是,2
T201948,2024-04-25 22:52,app,支付失败,P1,2.2,是,2
T201949,2024-03-19 13:44,Web,支付失败,P0,27.7,是,1
T201950,2024-04-07 06:56,web,物流查询,P2,12.7,是,5
T201951,2024-06-20 14:38,app,功能咨询,P2,11.8,否,2
T201952,2024-05-09 21:58,app,物流查询,P2,1.4,是,1
T201953,2024-04-10 02:55,web,物流查询,P3,17.1,是,2
T201954,2024-05-06 21:18,Phone,物流查询,P1,24.6,是,3
T201955,2024-04-29 22:04,phone,登录问题,P1,9.7,否,3
T201956,2024/05/29 23:31,web,登录问题,P0,18.4,是,1
T201957,2024-06-28 06:45,app,物流查询,P1,33.1,是,2
T201958,2024-04-04 13:14,phone,功能咨询,P2,17.7,是,3
T201959,2024-04-25 05:48,web,功能咨询,P2,33.0,是,3
T201960,2024-04-11 11:56,app,物流查询,P3,6.9,否,2
T201961,2024-05-25 21:47,web,物流查询,P2,10.4,是,1
T201962,2024-06-22 08:50,app,功能咨询,P1,10.1,是,2
T201963,2024-03-07 12:33,phone,支付失败,P0,19.3,否,4
T201964,2024-05-06 03:12,web,登录问题,P1,10.6,是,5
T201965,2024-04-22 15:45,app,支付失败,P2,4.0,是,1
T201966,2024-05-04 18:18,APP,退款进度,P1,6.7,是,4
T201967,2024-03-07 13:54,Phone,支付失败,P2,14.5,是,3
T201968,2024/04/05 23:18,Web,支付失败,P1,7.8,是,5
T201969,2024-04-23 15:53,web,支付失败,P2,28.0,是,1
T201970,2024-06-23 15:45,app,退款进度,P0,35.7,是,3
T201971,2024-04-24 10:20,web,支付失败,P3,21.5,是,2
T201972,2024-03-19 02:51,web,物流查询,P1,,否,5
T201973,2024-03-09 14:25,app,退款进度,P0,4.4,是,2
T201974,2024-04-04 10:03,phone,退款进度,P0,31.3,是,2
T201975,2024-05-04 07:58,phone,功能咨询,P2,16.5,是,5
T201976,2024-04-20 09:43,app,功能咨询,P3,10.3,否,2
T201977,2024-05-16 05:52,Web,功能咨询,P2,31.4,是,3
T201978,2024-05-25 23:22,phone,登录问题,P3,31.1,是,3
T201979,2024-06-01 16:57,app,登录问题,P3,26.7,否,5
T201980,2024/05/14 05:03,app,功能咨询,P1,1.1,是,4
T201981,2024-04-04 15:23,app,退款进度,P0,30.8,否,4
T201982,2024-04-30 11:33,phone,物流查询,P2,25.6,是,2
T201983,2024-06-13 16:37,phone,登录问题,P1,20.3,是,4
T201984,2024-06-18 15:48,web,物流查询,P0,31.3,是,1
T201985,2024-06-17 19:53,Web,登录问题,P1,11.1,是,3
T201986,2024-05-08 06:06,web,退款进度,P2,14.7,是,4
T201987,2024-05-02 10:27,phone,支付失败,P0,19.9,是,4
T201988,2024-03-13 17:07,phone,登录问题,P1,34.5,是,1
T201989,2024-05-06 12:12,app,功能咨询,P2,4.8,否,5
T201990,2024-05-29 14:15,app,物流查询,P0,23.8,是,4
T201991,2024-05-17 16:05,phone,登录问题,P1,27.5,是,4
T201992,2024/06/17 05:14,web,支付失败,P2,19.3,是,1
T201993,2024-03-24 20:28,web,登录问题,P2,31.2,否,4
T201994,2024-03-01 02:27,web,支付失败,P1,21.5,是,5
T201995,2024-06-13 04:54,Web,支付失败,P1,26.2,是,4
T201996,2024-04-02 22:08,Web,支付失败,P3,32.2,是,5
T201997,2024-06-18 02:04,web,功能咨询,P2,35.4,否,3
T201998,2024-04-28 07:43,app,退款进度,P0,33.9,是,1
T201999,2024-04-06 00:21,web,登录问题,P2,11.4,是,1
T202000,2024-06-20 23:07,web,物流查询,P0,13.8,否,1
T202001,2024-03-24 18:22,Web,支付失败,P0,15.6,是,5
T202002,2024-03-09 20:55,web,登录问题,P2,12.2,是,4
T202003,2024-04-17 13:42,web,登录问题,P3,28.7,是,4
T202004,2024/05/12 15:21,phone,支付失败,P3,11.5,是,2
T202005,2024-04-14 18:29,web,支付失败,P1,2.7,是,4
T202006,2024-04-17 19:43,app,功能咨询,P1,5.8,是,4
T202007,2024-03-03 07:03,phone,功能咨询,P2,20.9,是,1
T202008,2024-04-09 03:26,web,退款进度,P3,33.4,是,5
T202009,2024-05-02 13:31,phone,登录问题,P1,26.5,是,1
T202010,2024-04-09 14:18,phone,支付失败,P1,11.2,是,5
T202011,2024-06-26 03:27,phone,退款进度,P3,34.3,是,4
T202012,2024-04-16 19:04,phone,物流查询,P2,21.7,否,5
T202013,2024-05-06 17:19,web,登录问题,P2,34.6,是,3
T202014,2024-05-08 09:50,app,支付失败,P0,22.7,是,1
T202015,2024-06-19 01:02,app,支付失败,P2,17.5,否,1
T202016,2024/04/30 21:00,app,退款进度,P2,34.5,是,1
T202017,2024-04-01 12:20,app,登录问题,P2,13.3,是,4
T202018,2024-05-18 06:53,app,功能咨询,P2,33.0,是,2
T202019,2024-05-31 12:52,app,退款进度,P2,18.3,是,1
T202020,2024-05-09 22:44,phone,功能咨询,P3,35.9,是,2
T202021,2024-05-12 22:13,APP,退款进度,P3,16.3,是,4
T202022,2024-03-29 10:46,app,功能咨询,P2,17.0,是,1
T202023,2024-05-11 19:36,phone,支付失败,P3,4.3,是,4
T202024,2024-04-10 02:53,APP,登录问题,P2,14.3,是,1
T202025,2024-03-26 09:02,app,支付失败,P2,16.7,是,3
T202026,2024-06-13 14:14,phone,退款进度,P0,14.1,是,3
T202027,2024-04-30 21:35,phone,登录问题,P3,19.6,是,1
T202028,2024/03/07 02:20,phone,功能咨询,P3,14.8,是,2
T202029,2024-04-11 10:54,Web,登录问题,P1,15.5,是,5
T202030,2024-03-25 05:56,web,物流查询,P2,,是,5
T202031,2024-03-06 03:45,Phone,支付失败,P2,12.9,是,1
T202032,2024-06-05 21:36,app,支付失败,P2,14.3,是,2
T202033,2024-06-08 15:06,web,物流查询,P0,34.6,是,2
T202034,2024-03-27 12:48,APP,登录问题,P0,34.1,是,1
T202035,2024-03-21 18:27,app,支付失败,P0,36.0,是,2
T202036,2024-03-26 22:48,web,支付失败,P0,7.8,是,3
T202037,2024-04-21 09:27,APP,登录问题,P2,22.1,否,4
T202038,2024-05-24 11:48,APP,物流查询,P2,25.3,否,4
T202039,2024-03-06 02:29,phone,登录问题,P3,28.6,是,5
T202040,2024/06/17 10:10,APP,退款进度,P0,20.7,是,1
T202041,2024-05-27 19:24,phone,支付失败,P1,18.6,是,3
T202042,2024-04-10 23:45,app,登录问题,P3,22.2,否,1
T202043,2024-03-25 13:16,web,物流查询,P2,8.5,是,2
T202044,2024-06-03 09:04,app,支付失败,P0,5.5,是,5
T202045,2024-04-16 19:50,phone,登录问题,P0,30.4,是,5
T202046,2024-03-16 00:07,phone,功能咨询,P1,5.1,否,3
T202047,2024-03-10 04:00,web,登录问题,P2,3.4,是,4
T202048,2024-05-18 16:26,app,物流查询,P0,5.6,是,2
T202049,2024-03-18 11:41,Web,支付失败,P1,9.5,是,1
T202050,2024-04-06 17:10,app,退款进度,P1,15.1,否,4
T202051,2024-03-18 11:18,app,登录问题,P1,2.9,是,3
T202052,2024/03/03 03:16,phone,功能咨询,P1,26.8,是,5
T202053,2024-06-05 08:12,web,登录问题,P0,14.8,是,3
T202054,2024-03-10 20:01,web,物流查询,P2,25.6,是,4
T202055,2024-06-21 23:51,phone,物流查询,P1,35.0,否,3
T202056,2024-06-20 07:03,web,功能咨询,P3,10.7,是,1
T202057,2024-05-27 18:14,app,支付失败,P2,17.2,是,1
T202058,2024-03-20 10:05,web,功能咨询,P3,31.4,是,2
T202059,2024-05-17 01:40,app,功能咨询,P2,11.6,是,5
T202060,2024-03-02 09:32,app,支付失败,P3,1.2,是,5
T202061,2024-05-26 03:15,Phone,支付失败,P0,7.0,是,5
T202062,2024-03-15 08:50,phone,支付失败,P2,15.0,是,3
T202063,2024-06-07 02:15,APP,退款进度,P1,9.2,是,3
T202064,2024/05/07 18:32,app,登录问题,P3,7.8,是,2
T202065,2024-04-26 03:28,web,退款进度,P2,35.9,是,3
T202066,2024-05-16 14:02,web,登录问题,P2,22.2,是,3
T202067,2024-04-18 06:02,phone,退款进度,P1,1.2,是,3
T202068,2024-04-13 11:48,app,功能咨询,P2,3.8,是,3
T202069,2024-04-15 11:25,web,物流查询,P0,2.1,是,3
T202070,2024-04-26 16:33,web,物流查询,P0,23.8,是,3
T202071,2024-06-22 18:36,Phone,功能咨询,P0,31.7,是,5
T202072,2024-06-11 04:53,app,功能咨询,P2,30.6,是,3
T202073,2024-06-15 04:44,web,支付失败,P2,21.6,是,4
T202074,2024-05-07 11:31,phone,功能咨询,P0,6.7,是,3
T202075,2024-04-13 03:24,APP,支付失败,P3,32.6,是,1
T202076,2024/04/22 08:33,app,退款进度,P3,18.1,是,3
T202077,2024-03-11 10:07,app,退款进度,P3,12.7,是,5
T202078,2024-05-18 06:17,app,支付失败,P0,15.4,是,1
T202079,2024-03-21 05:39,app,物流查询,P1,28.3,否,2
T202080,2024-04-03 21:55,phone,功能咨询,P1,19.4,是,4
T202081,2024-04-05 17:16,phone,支付失败,P1,22.9,是,5
T202082,2024-04-14 12:15,app,功能咨询,P1,32.8,否,2
T202083,2024-04-03 00:49,web,物流查询,P2,26.2,是,4
T202084,2024-06-06 18:25,web,功能咨询,P2,7.2,否,2
T202085,2024-05-04 22:39,app,支付失败,P0,28.6,是,5
T202086,2024-05-17 17:41,phone,物流查询,P1,29.1,是,4
T202087,2024-05-27 23:25,phone,退款进度,P2,19.4,是,3
T202088,2024/06/01 23:53,web,退款进度,P1,,否,2
T202089,2024-03-21 03:55,APP,物流查询,P1,35.2,否,1
T202090,2024-04-25 20:28,app,支付失败,P1,12.7,是,4
T202091,2024-05-05 11:29,web,物流查询,P2,2.8,是,1
T202092,2024-06-11 09:16,phone,功能咨询,P3,22.6,是,3
T202093,2024-04-10 15:37,web,支付失败,P1,15.1,是,2
T202094,2024-04-24 05:18,web,物流查询,P0,6.1,是,4
T202095,2024-04-01 17:15,web,登录问题,P1,30.3,是,1
T202096,2024-06-03 10:12,web,物流查询,P3,30.2,是,4
T202097,2024-04-23 20:12,web,支付失败,P1,6.6,是,1
T202098,2024-03-06 16:01,web,物流查询,P3,7.9,否,2
T202099,2024-05-29 07:27,web,退款进度,P3,19.1,是,4
T202100,2024/04/29 01:04,web,退款进度,P2,7.4,是,3
T202101,2024-03-03 20:56,APP,物流查询,P0,14.1,是,2
T202102,2024-03-26 17:49,web,物流查询,P2,11.9,否,5
T202103,2024-04-24 13:46,app,退款进度,P0,3.2,是,3
T202104,2024-03-04 21:46,web,物流查询,P2,2.3,是,3
T202105,2024-05-26 01:59,app,功能咨询,P2,33.2,是,2
T202106,2024-05-03 04:35,app,物流查询,P1,21.0,否,2
T202107,2024-03-29 06:37,app,退款进度,P0,34.2,是,4
T202108,2024-06-28 20:29,web,功能咨询,P1,4.6,是,2
T202109,2024-05-09 03:41,app,退款进度,P3,3.3,是,5
T202110,2024-04-10 20:10,Phone,退款进度,P3,0.9,是,5
T202111,2024-05-31 16:10,app,支付失败,P2,15.6,是,4
T202112,2024/03/18 00:11,phone,登录问题,P1,34.4,是,4
T202113,2024-03-06 08:51,web,退款进度,P1,5.2,否,5
T202114,2024-06-28 00:11,APP,物流查询,P0,30.7,是,1
T202115,2024-04-09 00:06,phone,物流查询,P1,26.2,否,5
T202116,2024-06-10 09:06,phone,支付失败,P0,12.7,是,2
T202117,2024-03-04 06:29,phone,退款进度,P0,13.2,是,3
T202118,2024-06-03 21:16,web,退款进度,P3,20.4,是,4
T202119,2024-06-25 07:03,app,登录问题,P3,17.5,是,4
T202120,2024-06-30 16:43,Phone,支付失败,P0,10.6,是,3
T202121,2024-06-28 18:35,app,登录问题,P3,18.8,是,2
T202122,2024-06-06 19:36,APP,物流查询,P0,16.3,是,2
T202123,2024-03-26 16:20,phone,物流查询,P3,33.7,是,3
T202124,2024/03/20 13:29,Web,支付失败,P0,27.7,是,1
T202125,2024-03-28 09:25,app,支付失败,P2,34.8,是,1
T202126,2024-03-16 13:59,phone,支付失败,P0,1.1,是,4
T202127,2024-04-06 00:46,phone,登录问题,P0,27.0,否,1
T202128,2024-04-21 23:31,app,物流查询,P3,18.2,是,5
T202129,2024-03-23 19:46,APP,支付失败,P3,29.8,是,3
T202130,2024-06-08 18:57,phone,物流查询,P1,24.2,是,5
T202131,2024-03-24 06:48,web,物流查询,P1,31.3,是,1
T202132,2024-06-04 02:34,phone,物流查询,P1,32.9,是,3
T202133,2024-04-16 05:43,web,物流查询,P2,5.4,是,2
T202134,2024-05-05 01:59,web,物流查询,P3,21.6,是,2
T202135,2024-05-15 10:28,phone,功能咨询,P0,32.3,是,4
T202136,2024/03/09 08:38,web,登录问题,P0,6.9,是,1
T202137,2024-06-02 22:36,app,登录问题,P0,2.7,是,3
T202138,2024-06-06 09:38,app,功能咨询,P1,13.7,是,4
T202139,2024-03-25 07:04,phone,功能咨询,P1,9.6,是,5
T202140,2024-04-26 17:21,phone,登录问题,P0,20.7,是,3
T202141,2024-03-22 06:02,phone,退款进度,P3,22.6,是,5
T202142,2024-05-08 06:06,APP,物流查询,P0,2.8,否,4
T202143,2024-05-16 13:49,app,物流查询,P2,16.1,否,1
T202144,2024-05-26 17:18,app,物流查询,P0,6.2,是,3
T202145,2024-04-08 12:32,APP,退款进度,P2,6.5,是,5
T202146,2024-04-09 14:18,phone,功能咨询,P2,,是,4
T202147,2024-04-15 02:51,phone,功能咨询,P3,26.3,是,4
T202148,2024/04/16 19:58,app,支付失败,P1,28.1,否,4
T202149,2024-04-03 10:29,app,物流查询,P2,35.1,是,3
T202150,2024-06-12 04:16,phone,物流查询,P3,20.6,是,2
T202151,2024-05-18 20:29,app,登录问题,P2,13.6,是,1
T202152,2024-05-27 11:55,phone,支付失败,P2,24.3,是,4
T202153,2024-05-12 12:53,Web,功能咨询,P0,33.1,是,2
T202154,2024-06-02 19:11,app,功能咨询,P0,25.8,是,2
T202155,2024-06-26 18:00,web,功能咨询,P2,8.6,是,5
T202156,2024-04-06 19:17,phone,登录问题,P0,5.1,是,2
T202157,2024-05-20 05:55,phone,功能咨询,P2,8.1,是,3
T202158,2024-03-17 03:26,APP,功能咨询,P3,28.5,是,2
T202159,2024-05-30 02:42,web,登录问题,P0,21.0,是,5
T202160,2024/06/16 14:19,Phone,功能咨询,P1,7.3,是,1
T202161,2024-06-26 08:47,web,支付失败,P2,30.1,是,4
T202162,2024-03-07 19:42,web,登录问题,P1,0.5,是,1
T202163,2024-04-05 10:11,app,登录问题,P1,4.8,是,1
T202164,2024-04-18 02:20,phone,退款进度,P1,33.6,是,2
T202165,2024-05-27 18:38,app,登录问题,P3,2.6,是,4
T202166,2024-04-03 06:05,web,退款进度,P0,26.1,是,3
T202167,2024-05-05 17:55,app,支付失败,P1,27.8,是,2
T202168,2024-05-07 03:40,app,退款进度,P1,11.5,是,1
T202169,2024-03-26 00:47,web,退款进度,P2,29.9,是,5
T202170,2024-04-24 18:50,web,物流查询,P1,30.5,是,5
T202171,2024-04-01 13:56,phone,功能咨询,P3,10.2,是,2
T202172,2024/06/23 06:02,app,退款进度,P2,11.8,是,1
T202173,2024-03-11 20:31,app,物流查询,P0,24.9,是,2
T202174,2024-06-07 06:44,web,退款进度,P2,31.8,是,5
T202175,2024-06-09 18:08,web,功能咨询,P1,14.2,是,4
T202176,2024-03-12 00:56,web,退款进度,P3,21.3,是,3
T202177,2024-04-26 21:22,app,物流查询,P2,31.4,是,2
T202178,2024-05-19 16:48,phone,功能咨询,P3,25.5,是,4
T202179,2024-06-24 09:18,web,支付失败,P3,11.7,是,3
T202180,2024-03-01 07:13,app,支付失败,P3,22.5,是,4
T202181,2024-03-24 15:43,web,功能咨询,P2,3.8,是,5
T202182,2024-03-16 21:59,web,功能咨询,P3,17.4,是,2
T202183,2024-05-20 00:43,web,登录问题,P2,24.9,是,5
T202184,2024/06/02 04:35,phone,退款进度,P0,17.5,是,5
T202185,2024-03-08 20:15,phone,登录问题,P3,32.2,是,4
T202186,2024-04-14 09:34,app,支付失败,P2,31.0,是,2
T202187,2024-05-18 05:56,web,退款进度,P0,17.4,是,4
T202188,2024-04-02 14:49,app,登录问题,P1,33.6,是,2
T202189,2024-06-29 19:21,phone,物流查询,P0,13.3,否,5
T202190,2024-03-25 04:44,app,功能咨询,P1,1.4,是,1
T202191,2024-05-29 14:52,app,退款进度,P1,16.4,是,3
T202192,2024-04-09 18:14,app,物流查询,P1,16.0,是,3
T202193,2024-04-24 12:23,Web,功能咨询,P1,7.6,是,5
T202194,2024-06-12 09:37,app,登录问题,P0,29.5,是,3
T202195,2024-06-01 04:50,web,支付失败,P0,14.2,否,4
T202196,2024/05/24 19:52,app,退款进度,P3,1.0,是,1
T202197,2024-04-18 19:33,web,物流查询,P3,8.5,是,5
T202198,2024-03-11 04:39,app,功能咨询,P1,8.2,否,5
T202199,2024-04-30 23:37,app,登录问题,P3,14.8,是,2
T202200,2024-04-13 18:45,phone,退款进度,P0,4.2,是,4
T202201,2024-04-27 05:15,Phone,登录问题,P1,20.4,是,2
T202202,2024-06-24 11:55,web,支付失败,P1,17.8,否,1
T202203,2024-05-07 21:34,app,退款进度,P3,19.1,否,3
T202204,2024-04-05 01:45,app,物流查询,P1,,是,3
T202205,2024-06-01 11:24,app,退款进度,P2,14.3,是,5
T202206,2024-05-29 12:50,app,物流查询,P3,29.4,是,5
T202207,2024-06-22 06:22,Web,支付失败,P2,11.6,是,4
T202208,2024/06/11 11:10,web,物流查询,P1,2.7,否,4
T202209,2024-04-27 09:57,phone,登录问题,P1,10.8,是,5
T202210,2024-04-30 13:59,app,登录问题,P0,2.4,是,1
T202211,2024-05-15 15:59,app,功能咨询,P3,9.5,是,4
T202212,2024-05-08 15:26,web,功能咨询,P0,19.2,是,1
T202213,2024-03-13 03:05,APP,登录问题,P0,23.8,否,4
T202214,2024-06-14 06:08,phone,物流查询,P3,32.3,是,1
T202215,2024-03-19 19:23,phone,退款进度,P2,11.4,是,1
T202216,2024-06-26 22:47,web,功能咨询,P0,3.8,是,4
T202217,2024-06-02 13:53,web,功能咨询,P1,2.5,否,4
T202218,2024-04-14 14:02,web,支付失败,P3,16.0,是,4
T202219,2024-04-12 22:11,app,登录问题,P3,1.0,是,1
T202220,2024/06/01 20:29,phone,功能咨询,P1,23.7,是,4
T202221,2024-04-16 07:26,phone,功能咨询,P2,7.4,是,1
T202222,2024-05-11 16:16,phone,功能咨询,P3,9.0,是,3
T202223,2024-06-08 13:20,phone,物流查询,P0,21.1,是,3
T202224,2024-06-22 10:56,web,功能咨询,P1,23.3,是,1
T202225,2024-06-07 16:38,APP,功能咨询,P3,29.3,是,3
T202226,2024-05-05 14:28,phone,功能咨询,P2,19.2,是,5
T202227,2024-05-24 07:03,web,物流查询,P1,8.9,是,4
T202228,2024-04-10 20:19,app,功能咨询,P0,13.7,否,4
T202229,2024-04-20 04:30,phone,功能咨询,P1,28.9,是,5
T202230,2024-04-13 10:59,web,功能咨询,P0,19.1,是,4
T202231,2024-05-28 14:09,phone,退款进度,P1,34.4,是,2
T202232,2024/04/14 04:27,phone,物流查询,P2,32.0,否,2
T202233,2024-05-30 23:44,phone,退款进度,P3,13.1,是,4
T202234,2024-05-11 13:25,app,功能咨询,P3,7.0,是,5
T202235,2024-04-28 07:25,web,登录问题,P2,1.7,否,2
T202236,2024-04-30 02:39,Phone,功能咨询,P1,13.4,否,5
T202237,2024-06-29 21:57,phone,功能咨询,P2,10.7,是,2
T202238,2024-03-29 11:59,app,物流查询,P2,12.8,是,2
T202239,2024-05-11 19:51,web,物流查询,P1,29.3,否,5
T202240,2024-06-25 22:03,Phone,功能咨询,P2,18.4,否,2
T202241,2024-05-20 08:54,web,登录问题,P2,15.2,是,1
T202242,2024-05-11 10:52,phone,退款进度,P3,20.0,是,5
T202243,2024-04-22 20:57,phone,支付失败,P3,21.6,是,2
T202244,2024/05/16 14:26,app,支付失败,P1,25.5,是,4
T202245,2024-04-29 23:29,web,登录问题,P3,15.6,是,5
T202246,2024-04-04 07:18,web,支付失败,P2,5.6,是,3
T202247,2024-05-26 08:01,app,功能咨询,P2,28.7,否,5
T202248,2024-05-16 23:13,app,物流查询,P2,27.1,是,2
T202249,2024-04-03 10:54,web,功能咨询,P0,32.8,是,2
T202250,2024-05-17 12:42,APP,登录问题,P0,35.0,是,4
T202251,2024-05-09 12:11,APP,退款进度,P1,16.9,否,1
T202252,2024-04-10 04:07,app,登录问题,P1,5.5,是,1
T202253,2024-04-01 14:46,web,登录问题,P1,12.8,否,1
T202254,2024-06-07 08:37,phone,物流查询,P0,28.4,是,3
T202255,2024-04-19 12:35,phone,物流查询,P2,10.4,是,1
T202256,2024/06/14 18:07,phone,退款进度,P2,0.6,是,2
T202257,2024-05-06 15:53,app,功能咨询,P3,25.9,是,5
T202258,2024-05-15 18:57,Phone,功能咨询,P3,29.2,否,2
T202259,2024-04-03 07:30,phone,物流查询,P1,9.8,是,4
T202260,2024-03-28 21:07,web,登录问题,P2,32.4,是,4
T202261,2024-03-17 18:57,Phone,功能咨询,P0,19.4,是,1
T202262,2024-03-09 17:58,app,退款进度,P3,,是,5
T202263,2024-05-27 10:58,app,登录问题,P0,26.7,是,2
T202264,2024-03-29 18:02,web,登录问题,P1,25.8,是,4
T202265,2024-06-20 04:48,web,支付失败,P0,14.7,是,1
T202266,2024-05-31 15:28,app,功能咨询,P3,14.3,是,4
T202267,2024-04-19 21:10,phone,物流查询,P0,7.5,否,5
T202268,2024/06/05 18:33,web,支付失败,P0,34.0,否,2
T202269,2024-05-02 07:06,web,功能咨询,P0,2.7,是,1
T202270,2024-06-04 03:33,web,物流查询,P2,9.3,是,3
T202271,2024-04-22 10:16,web,功能咨询,P0,19.5,是,5
T202272,2024-05-04 23:32,web,退款进度,P3,27.9,是,2
T202273,2024-06-07 08:42,phone,功能咨询,P1,6.5,是,1
T202274,2024-06-03 08:02,phone,物流查询,P2,27.6,是,1
T202275,2024-04-02 01:53,app,退款进度,P1,12.3,是,2
T202276,2024-06-27 19:20,web,退款进度,P2,13.8,是,5
T202277,2024-06-24 04:47,phone,支付失败,P2,20.3,是,5
T202278,2024-05-30 10:38,phone,功能咨询,P0,12.3,是,3
T202279,2024-06-18 21:01,phone,物流查询,P1,25.2,是,2
T202280,2024/05/29 20:06,web,功能咨询,P1,11.9,是,1
T202281,2024-05-04 22:34,web,退款进度,P0,30.2,是,2
T202282,2024-04-13 00:06,app,物流查询,P3,14.5,是,2
T202283,2024-06-21 03:11,app,支付失败,P0,6.5,是,3
T202284,2024-04-25 23:30,app,物流查询,P1,11.5,是,1
T202285,2024-06-01 03:42,app,登录问题,P2,3.0,是,3
T202286,2024-06-28 21:14,APP,功能咨询,P3,32.2,否,4
T202287,2024-05-20 10:37,phone,登录问题,P3,2.3,是,1
T202288,2024-06-20 10:00,phone,物流查询,P2,27.5,是,3
T202289,2024-03-04 22:51,app,支付失败,P0,35.3,是,2
T202290,2024-05-27 11:25,web,登录问题,P0,10.5,是,3
T202291,2024-03-02 12:48,web,登录问题,P1,18.2,是,2
T202292,2024/06/17 11:40,phone,功能咨询,P2,25.2,是,1
T202293,2024-03-21 10:39,web,登录问题,P0,34.1,是,4
T202294,2024-04-29 13:26,web,功能咨询,P0,26.7,是,2
T202295,2024-05-05 20:11,app,退款进度,P0,5.3,是,1
T202296,2024-05-23 09:47,app,登录问题,P3,8.9,否,1
T202297,2024-03-08 04:33,app,支付失败,P2,26.6,是,1
T202298,2024-05-31 08:43,app,支付失败,P2,29.7,是,2
T202299,2024-03-07 13:07,web,支付失败,P2,28.9,是,2
T202300,2024-04-11 11:55,app,支付失败,P3,32.0,是,4
T202301,2024-04-13 15:58,app,登录问题,P1,24.0,否,5
T202302,2024-05-16 23:50,web,登录问题,P0,22.3,否,5
T202303,2024-06-23 06:20,web,支付失败,P0,3.6,是,5
T202304,2024/04/05 15:45,app,退款进度,P3,25.5,是,2
T202305,2024-03-08 12:05,phone,支付失败,P0,23.4,是,2
T202306,2024-03-24 13:47,phone,功能咨询,P0,21.3,是,1
T202307,2024-03-30 01:31,phone,退款进度,P0,23.5,是,3
T202308,2024-03-22 12:07,app,支付失败,P3,18.7,是,4
T202309,2024-04-20 02:20,app,物流查询,P3,12.3,是,2
T202310,2024-05-27 17:34,app,退款进度,P1,7.1,是,3
T202311,2024-05-02 15:41,app,功能咨询,P3,2.1,是,3
T202312,2024-05-31 04:13,web,支付失败,P1,10.1,是,5
T202313,2024-05-22 23:19,phone,登录问题,P2,26.0,是,5
T202314,2024-06-09 07:36,phone,登录问题,P0,19.5,是,1
T202315,2024-03-12 18:27,phone,登录问题,P0,31.5,是,4
T202316,2024/06/14 08:51,APP,物流查询,P1,24.2,是,1
T202317,2024-06-21 15:37,web,登录问题,P3,6.4,是,5
T202318,2024-05-29 16:10,app,登录问题,P2,32.8,是,3
T202319,2024-06-04 22:03,phone,功能咨询,P3,17.7,是,2
T202320,2024-06-01 15:48,phone,退款进度,P0,,是,3
T202321,2024-04-22 12:31,web,物流查询,P0,25.8,是,5
T202322,2024-06-14 02:31,app,功能咨询,P1,24.9,否,3
T202323,2024-04-30 21:41,web,功能咨询,P2,14.9,否,1
T202324,2024-05-21 13:42,phone,登录问题,P1,15.7,否,5
T202325,2024-06-24 04:36,app,物流查询,P3,7.7,是,2
T202326,2024-06-23 14:38,app,登录问题,P3,11.3,否,3
T202327,2024-03-21 07:44,app,物流查询,P0,8.7,是,1
T202328,2024/03/28 16:36,app,功能咨询,P2,22.2,是,2
T202329,2024-04-01 11:08,app,登录问题,P2,10.2,是,1
T202330,2024-04-21 09:00,phone,功能咨询,P0,5.1,是,4
T202331,2024-04-09 20:57,web,支付失败,P1,9.6,是,1
T202332,2024-06-14 05:49,app,退款进度,P0,35.9,是,3
T202333,2024-04-21 10:44,web,退款进度,P3,33.3,是,5
T202334,2024-04-17 11:37,phone,退款进度,P2,11.0,是,1
T202335,2024-06-11 04:50,web,功能咨询,P3,32.9,是,2
T202336,2024-06-24 10:52,web,登录问题,P3,11.8,是,5
T202337,2024-06-11 18:26,app,物流查询,P0,22.6,是,4
T202338,2024-04-11 03:37,app,退款进度,P0,25.6,是,4
T202339,2024-05-26 13:41,app,登录问题,P2,3.6,是,4
T202340,2024/06/14 14:30,web,登录问题,P1,11.3,是,5
T202341,2024-04-20 23:40,phone,物流查询,P2,28.2,是,5
T202342,2024-05-19 11:23,web,登录问题,P2,11.7,是,5
T202343,2024-03-29 03:21,Web,登录问题,P0,32.6,是,2
T202344,2024-05-03 02:14,phone,支付失败,P0,35.5,是,2
T202345,2024-05-05 09:05,web,退款进度,P2,2.1,否,3
T202346,2024-04-09 12:26,phone,登录问题,P2,7.0,否,1
T202347,2024-06-27 01:57,phone,支付失败,P3,25.8,是,4
T202348,2024-06-28 21:24,phone,功能咨询,P2,21.0,是,3
T202349,2024-05-12 16:54,Web,登录问题,P3,4.9,是,2
T202350,2024-04-08 11:51,phone,支付失败,P3,18.0,是,4
T202351,2024-03-09 13:16,phone,登录问题,P1,11.0,是,5
T202352,2024/05/28 11:03,Phone,退款进度,P1,25.5,是,2
T202353,2024-03-25 03:36,Phone,支付失败,P2,29.4,是,5
T202354,2024-06-07 10:36,web,功能咨询,P3,3.4,是,4
T202355,2024-06-22 18:42,web,退款进度,P0,34.5,是,4
T202356,2024-03-04 00:15,web,功能咨询,P1,33.3,是,2
T202357,2024-06-28 14:38,app,退款进度,P0,13.6,是,2
T202358,2024-04-20 07:23,web,功能咨询,P0,33.2,是,1
T202359,2024-04-22 20:11,phone,登录问题,P2,1.9,是,4
T202360,2024-03-30 12:06,web,退款进度,P0,6.1,是,5
T202361,2024-03-05 07:34,phone,支付失败,P3,455.0,是,2
T202362,2024-06-21 22:42,app,退款进度,P0,19.6,是,5
T202363,2024-05-24 06:44,phone,退款进度,P3,33.8,是,3
T202364,2024/06/03 20:47,phone,物流查询,P1,24.0,是,2
T202365,2024-05-07 12:34,phone,功能咨询,P2,8.6,否,1
T202366,2024-04-20 23:15,phone,支付失败,P3,31.6,是,4
T202367,2024-06-02 13:08,phone,支付失败,P0,5.3,是,4
T202368,2024-05-22 22:12,app,支付失败,P0,0.7,是,3
T202369,2024-05-06 06:44,web,功能咨询,P1,35.8,否,2
T202370,2024-05-11 09:50,web,登录问题,P1,8.1,是,1
T202371,2024-03-08 19:01,app,登录问题,P2,16.3,是,2
T202372,2024-06-26 22:32,web,功能咨询,P3,18.8,是,3
T202373,2024-03-17 10:18,phone,物流查询,P2,19.6,是,1
T202374,2024-05-23 11:27,app,支付失败,P2,26.2,否,4
T202375,2024-04-19 22:51,phone,支付失败,P1,25.7,是,4
T202376,2024/04/10 07:54,phone,登录问题,P2,15.5,是,2
T202377,2024-06-06 05:13,app,功能咨询,P3,28.5,否,5
T202378,2024-05-17 14:43,Web,支付失败,P2,,是,3
T202379,2024-05-26 19:31,Phone,物流查询,P1,7.4,是,5
T202380,2024-06-25 08:30,web,功能咨询,P0,2.0,否,1
T202381,2024-04-26 14:40,app,功能咨询,P2,28.3,是,4
T202382,2024-03-13 07:38,phone,功能咨询,P2,0.9,否,1
T202383,2024-06-30 03:43,phone,登录问题,P3,11.7,是,5
T202384,2024-03-04 15:26,Phone,物流查询,P2,24.7,是,2
T202385,2024-05-01 09:39,app,功能咨询,P2,33.2,否,2
T202386,2024-06-03 21:56,phone,物流查询,P3,8.0,是,3
T202387,2024-05-22 13:33,web,物流查询,P3,17.2,是,5
T202388,2024/06/24 06:49,app,登录问题,P2,22.0,是,2
T202389,2024-03-04 16:40,app,退款进度,P0,27.4,是,2
T202390,2024-04-18 12:02,app,支付失败,P1,0.8,是,4
T202391,2024-04-15 11:31,app,物流查询,P2,17.2,是,1
T202392,2024-03-19 05:45,web,物流查询,P1,7.8,是,4
T202393,2024-05-11 17:27,app,退款进度,P2,35.6,是,1
T202394,2024-04-20 23:44,APP,功能咨询,P0,25.5,是,3
T202395,2024-06-13 14:14,app,功能咨询,P0,15.7,是,2
T202396,2024-03-11 10:47,web,物流查询,P1,10.2,是,5
T202397,2024-03-16 11:49,web,物流查询,P3,20.4,是,3
T202398,2024-06-11 09:46,phone,功能咨询,P1,3.3,是,3
T202399,2024-05-16 12:10,web,支付失败,P1,14.2,否,3
T202400,2024/03/30 12:30,app,功能咨询,P3,5.3,是,1
T202401,2024-06-22 22:45,app,登录问题,P2,13.8,是,5
T202402,2024-05-27 20:54,APP,登录问题,P0,8.2,是,2
T202403,2024-03-15 20:04,Web,物流查询,P0,6.6,是,5
T202404,2024-06-19 20:24,phone,功能咨询,P1,9.2,是,4
T202405,2024-04-20 07:50,web,支付失败,P2,25.8,否,3
T202406,2024-05-10 10:43,web,支付失败,P3,10.6,是,4
T202407,2024-06-21 21:01,phone,支付失败,P3,14.5,是,5
T202408,2024-06-16 00:20,app,登录问题,P2,14.1,否,5
T202409,2024-05-11 20:34,app,退款进度,P1,13.8,是,5
T202410,2024-05-30 03:57,web,物流查询,P2,1.5,是,5
T202411,2024-06-26 23:32,app,登录问题,P0,24.8,是,5
T202412,2024/04/16 03:31,web,登录问题,P3,33.8,否,3
T202413,2024-04-05 21:15,app,功能咨询,P0,34.5,是,2
T202414,2024-06-06 10:19,web,退款进度,P2,14.7,是,1
T202415,2024-04-11 07:53,phone,功能咨询,P1,30.2,否,5
T202416,2024-04-30 20:30,phone,支付失败,P3,5.2,是,5
T202417,2024-06-30 09:17,APP,退款进度,P1,21.0,是,1
T202418,2024-04-18 10:38,web,功能咨询,P1,20.6,是,2
T202419,2024-04-13 13:15,web,退款进度,P1,32.3,否,2
T202420,2024-03-31 22:27,app,退款进度,P1,29.6,是,5
T202421,2024-04-19 12:03,web,登录问题,P1,32.1,是,2
T202422,2024-03-13 19:37,phone,退款进度,P1,26.5,是,1
T202423,2024-06-16 14:36,app,功能咨询,P1,25.4,是,4
T202424,2024/05/17 20:31,phone,登录问题,P1,5.3,否,1
T202425,2024-04-24 17:01,app,物流查询,P2,30.2,是,3
T202426,2024-03-17 11:32,app,支付失败,P3,29.8,是,1
T202427,2024-06-18 03:06,web,支付失败,P2,10.8,是,2
T202428,2024-05-24 10:50,phone,退款进度,P2,14.7,是,3
T202429,2024-06-08 16:32,web,退款进度,P2,18.3,是,1
T202430,2024-03-12 05:15,Web,物流查询,P3,28.7,是,5
T202431,2024-04-04 04:50,web,功能咨询,P0,30.9,是,3
T202432,2024-04-04 08:32,web,功能咨询,P3,6.6,是,3
T202433,2024-04-09 02:02,app,退款进度,P0,31.2,是,1
T202434,2024-04-30 02:55,app,登录问题,P0,24.3,是,1
T202435,2024-05-29 12:08,APP,功能咨询,P3,13.8,是,4
T202436,2024/05/07 14:15,web,功能咨询,P1,,否,1
T202437,2024-05-08 13:08,app,物流查询,P0,21.9,否,3
T202438,2024-06-15 17:27,phone,功能咨询,P0,20.3,是,5
T202439,2024-05-29 01:39,web,功能咨询,P3,4.2,是,3
T202440,2024-06-10 04:23,APP,登录问题,P1,4.9,是,3
T202441,2024-06-29 23:55,phone,支付失败,P3,26.6,是,1
T202442,2024-06-17 06:52,app,支付失败,P0,10.3,是,1
T202443,2024-05-12 08:34,app,登录问题,P3,15.5,否,5
T202444,2024-05-04 23:22,app,支付失败,P1,1.2,是,4
T202445,2024-06-07 12:54,Web,登录问题,P0,9.6,是,5
T202446,2024-05-24 21:00,web,退款进度,P1,27.3,是,1
T202447,2024-03-18 15:39,web,物流查询,P3,17.5,是,1
T202448,2024/05/12 17:50,Web,功能咨询,P2,10.9,是,5
T202449,2024-03-04 08:57,web,功能咨询,P1,34.9,是,4
T202450,2024-06-09 19:49,web,支付失败,P1,30.0,否,3
T202451,2024-03-21 13:05,web,功能咨询,P1,35.0,是,4
T202452,2024-04-06 06:46,web,退款进度,P2,6.4,是,2
T202453,2024-05-03 13:53,phone,登录问题,P0,12.4,是,3
T202454,2024-04-22 15:25,app,功能咨询,P3,24.4,是,3
T202455,2024-03-08 07:55,app,登录问题,P0,12.6,是,3
T202456,2024-04-10 10:33,phone,登录问题,P1,24.9,是,4
T202457,2024-05-22 11:52,phone,退款进度,P2,26.7,是,5
T202458,2024-03-10 20:42,web,功能咨询,P3,24.8,是,5
T202459,2024-03-08 23:38,APP,登录问题,P2,26.0,是,5
T202460,2024/04/13 05:38,app,登录问题,P2,22.2,是,4
T202461,2024-04-14 17:32,Web,物流查询,P0,33.2,否,1
T202462,2024-06-01 13:00,phone,登录问题,P3,17.3,是,3
T202463,2024-04-13 14:01,phone,物流查询,P0,25.5,是,5
T202464,2024-05-25 22:28,web,登录问题,P1,2.7,是,5
T202465,2024-03-02 06:32,app,支付失败,P1,34.4,是,1
T202466,2024-05-16 10:49,web,物流查询,P0,16.2,是,5
T202467,2024-05-27 02:28,web,物流查询,P3,5.1,是,1
T202468,2024-04-26 08:01,phone,物流查询,P2,20.0,是,1
T202469,2024-06-21 02:27,web,功能咨询,P3,27.6,否,5
T202470,2024-05-24 12:53,app,退款进度,P3,28.2,是,1
T202471,2024-03-03 09:07,web,支付失败,P3,32.8,是,4
T202472,2024/03/11 19:21,app,物流查询,P2,15.0,是,4
T202473,2024-03-21 02:33,web,物流查询,P1,13.0,是,2
T202474,2024-03-27 08:46,phone,登录问题,P3,1.2,是,3
T202475,2024-03-08 02:34,app,支付失败,P1,9.3,是,4
T202476,2024-03-26 19:38,web,物流查询,P2,33.6,是,4
T202477,2024-04-28 17:44,web,退款进度,P3,3.7,是,4
T202478,2024-03-14 10:02,phone,功能咨询,P3,21.0,是,1
T202479,2024-04-15 22:12,app,退款进度,P2,4.5,否,1
T202480,2024-04-24 10:02,Phone,支付失败,P1,19.4,是,4
T202481,2024-05-17 12:14,web,登录问题,P0,26.5,是,4
T202482,2024-04-03 07:31,phone,登录问题,P3,28.9,否,5
T202483,2024-04-09 05:10,phone,物流查询,P0,4.8,否,3
T202484,2024/03/23 07:06,web,物流查询,P2,3.3,是,3
T202485,2024-04-11 20:51,phone,功能咨询,P0,2.9,否,4
T202486,2024-04-22 13:08,Web,登录问题,P2,27.0,是,3
T202487,2024-03-25 10:18,app,支付失败,P2,12.8,是,3
T202488,2024-03-09 18:03,web,支付失败,P2,6.6,是,5
T202489,2024-03-06 00:17,phone,登录问题,P1,28.3,是,4
T202490,2024-05-31 20:27,phone,功能咨询,P1,32.6,是,5
T202491,2024-03-11 12:56,web,退款进度,P0,6.7,是,3
T202492,2024-06-21 20:31,app,退款进度,P0,2.2,是,3
T202493,2024-03-12 05:20,phone,登录问题,P3,12.9,是,3
T202494,2024-04-02 12:48,phone,支付失败,P2,,是,5
T202495,2024-04-02 20:00,phone,退款进度,P0,6.7,是,1
T202496,2024/06/20 09:12,phone,功能咨询,P1,17.9,是,5
T202497,2024-06-04 07:17,web,功能咨询,P1,12.3,是,5
T202498,2024-04-23 02:23,app,功能咨询,P2,19.4,是,2
T202499,2024-03-29 15:40,app,支付失败,P1,5.6,是,2
T202500,2024-05-30 11:41,APP,登录问题,P3,20.6,是,1
T202501,2024-03-27 09:22,app,退款进度,P1,12.6,是,1
T202502,2024-04-25 09:02,web,物流查询,P3,18.3,是,3
T202503,2024-04-05 02:08,phone,退款进度,P1,19.9,是,5
T202504,2024-04-11 00:09,app,支付失败,P3,31.2,是,5
T202505,2024-04-05 20:05,phone,物流查询,P3,21.9,否,1
T202506,2024-03-21 20:52,Phone,登录问题,P1,31.6,否,1
T202507,2024-03-26 07:25,web,支付失败,P2,3.0,否,1
T202508,2024/06/05 05:07,web,物流查询,P1,4.6,是,3
T202509,2024-05-04 00:55,app,退款进度,P3,28.9,是,3
T202510,2024-04-18 18:36,app,功能咨询,P2,3.7,是,1
T202511,2024-03-21 23:34,phone,功能咨询,P2,1.9,是,3
T202512,2024-06-25 02:44,web,退款进度,P3,7.1,是,4
T202513,2024-05-08 07:04,app,功能咨询,P1,9.2,是,4
T202514,2024-04-14 19:00,APP,登录问题,P0,15.9,是,3
T202515,2024-04-13 05:44,web,退款进度,P2,33.5,是,1
T202516,2024-05-25 15:02,app,退款进度,P1,15.5,是,5
T202517,2024-04-03 23:14,phone,登录问题,P2,13.0,是,2
T202518,2024-05-08 18:30,app,支付失败,P1,28.9,是,2
T202519,2024-05-07 23:43,web,登录问题,P0,11.5,是,3
T202520,2024/04/07 09:24,web,登录问题,P1,32.7,是,5
T202521,2024-04-22 02:10,web,物流查询,P1,26.5,否,5
T202522,2024-05-20 04:37,phone,登录问题,P2,14.7,是,1
T202523,2024-06-02 08:03,Phone,登录问题,P1,8.8,是,4
T202524,2024-04-20 03:59,APP,支付失败,P1,24.1,是,1
T202525,2024-04-30 03:09,web,支付失败,P0,21.5,是,3
T202526,2024-04-08 10:16,phone,物流查询,P1,2.7,是,2
T202527,2024-06-25 05:23,web,物流查询,P2,28.1,是,4
T202528,2024-06-25 06:09,phone,功能咨询,P3,30.8,否,2
T202529,2024-04-25 10:11,web,登录问题,P3,14.3,是,4
T202530,2024-04-07 04:25,app,登录问题,P1,10.9,是,3
T202531,2024-03-03 09:51,Web,登录问题,P0,6.1,是,1
T202532,2024/05/31 09:49,web,支付失败,P2,27.2,是,4
T202533,2024-04-10 16:35,phone,登录问题,P1,32.2,是,2
T202534,2024-04-01 00:59,phone,物流查询,P0,8.7,是,1
T202535,2024-06-04 23:55,web,功能咨询,P1,11.4,否,1
T202536,2024-03-08 05:20,web,登录问题,P1,15.1,否,4
T202537,2024-05-03 00:26,phone,退款进度,P3,14.9,是,1
T202538,2024-05-01 09:24,app,登录问题,P2,34.6,是,3
T202539,2024-03-05 19:41,phone,支付失败,P1,24.1,是,2
T202540,2024-06-18 05:48,phone,物流查询,P1,4.2,是,5
T202541,2024-06-02 21:51,phone,退款进度,P1,19.7,是,1
T202542,2024-03-19 08:04,phone,退款进度,P0,18.6,是,4
T202543,2024-03-22 19:48,APP,退款进度,P1,14.9,是,2
T202544,2024/05/09 13:48,phone,登录问题,P3,34.5,是,2
T202545,2024-03-15 12:24,web,功能咨询,P1,416.5,是,3
T202546,2024-05-11 10:06,web,功能咨询,P0,24.2,是,4
T202547,2024-03-15 04:30,app,退款进度,P3,3.6,是,5
T202548,2024-03-01 15:02,phone,物流查询,P2,29.9,是,1
T202549,2024-04-13 10:00,web,功能咨询,P0,28.6,是,3
T202550,2024-04-04 20:32,web,退款进度,P1,15.0,否,5
T202551,2024-05-10 03:36,phone,功能咨询,P1,5.9,是,5
T202552,2024-04-26 23:19,web,登录问题,P2,,是,1
T202553,2024-04-11 10:35,web,登录问题,P3,5.6,是,4
T202554,2024-05-11 14:19,phone,功能咨询,P3,30.8,是,5
T202555,2024-03-07 12:24,phone,退款进度,P3,22.5,是,2
T202556,2024/06/13 04:53,Web,物流查询,P3,11.3,是,2
T202557,2024-05-14 07:01,app,功能咨询,P1,4.0,是,1
T202558,2024-06-13 19:00,Phone,退款进度,P1,34.1,否,1
T202559,2024-05-25 06:35,phone,物流查询,P0,13.2,否,2
T202560,2024-03-11 07:08,web,功能咨询,P2,24.4,否,2
T202561,2024-05-18 02:56,phone,支付失败,P1,21.6,否,1
T202562,2024-04-17 18:13,app,登录问题,P3,8.5,是,5
T202563,2024-05-13 00:12,app,支付失败,P3,20.1,是,5
T202564,2024-06-26 04:56,Phone,物流查询,P1,31.3,是,1
T202565,2024-04-13 05:28,app,退款进度,P1,9.9,是,2
T202566,2024-03-12 06:26,APP,支付失败,P1,28.8,否,3
T202567,2024-05-02 22:56,app,退款进度,P0,11.9,否,2
T202568,2024/04/06 16:29,web,退款进度,P0,0.8,是,5
T202569,2024-06-06 14:21,web,物流查询,P1,16.5,是,2
T202570,2024-04-10 22:30,APP,功能咨询,P3,12.9,是,2
T202571,2024-04-12 16:14,phone,登录问题,P0,35.1,是,1
T202572,2024-06-20 23:26,phone,功能咨询,P0,16.0,否,5
T202573,2024-05-08 07:59,web,功能咨询,P0,20.3,是,1
T202574,2024-05-29 09:21,Web,登录问题,P0,16.3,是,1
T202575,2024-04-05 06:42,app,物流查询,P2,6.7,是,4
T202576,2024-04-02 18:00,phone,登录问题,P1,20.7,是,5
T202577,2024-05-05 19:02,phone,功能咨询,P2,16.0,是,4
T202578,2024-05-19 05:23,web,物流查询,P2,32.9,是,5
T202579,2024-04-05 20:45,app,支付失败,P2,17.1,是,4
T202580,2024/03/18 22:53,app,登录问题,P3,26.6,是,4
T202581,2024-03-31 08:53,app,登录问题,P2,3.8,是,5
T202582,2024-03-03 20:19,web,物流查询,P0,30.0,否,1
T202583,2024-06-28 13:13,phone,退款进度,P0,19.1,是,4
T202584,2024-05-13 06:14,app,功能咨询,P3,8.3,是,1
T202585,2024-03-28 00:01,web,退款进度,P1,19.2,是,4
T202586,2024-03-14 10:07,APP,退款进度,P1,15.1,是,5
T202587,2024-04-14 20:04,web,功能咨询,P0,1.3,否,3
T202588,2024-04-20 22:50,Phone,登录问题,P3,26.0,是,3
T202589,2024-06-01 06:17,web,物流查询,P3,16.3,是,1
T202590,2024-03-16 10:17,phone,登录问题,P2,1.6,是,5
T202591,2024-05-11 21:06,phone,退款进度,P3,30.7,是,4
T202592,2024/06/21 10:53,phone,登录问题,P3,14.9,是,1
T202593,2024-03-14 09:10,APP,支付失败,P0,30.9,是,1
T202594,2024-06-08 00:33,app,物流查询,P1,18.5,是,4
T202595,2024-03-19 02:42,phone,退款进度,P3,24.0,是,5
T202596,2024-04-15 14:13,web,退款进度,P1,19.8,是,4
T202597,2024-06-10 00:37,Phone,物流查询,P0,0.8,是,3
T202598,2024-06-13 03:13,phone,物流查询,P3,16.6,是,3
T202599,2024-05-23 22:48,web,支付失败,P1,29.7,是,5
