date,sku,category,warehouse,stock_in,stock_out,ending_stock,unit_cost
2024-05-01,SKU-1001,家居百货,华北三仓,117.0,57,59,¥103.07
2024-05-01,SKU-1002,食品饮料,华北三仓,83.0,94,63,57.10
2024-05-01,SKU-1003,个护清洁,华东一仓,114.0,74,56,35.75
2024-05-01,SKU-1004,服饰,华北三仓,62.0,54,124,65.16
2024-05-01,SKU-1005,数码配件,华北三仓,114.0,95,104,¥144.11
2024-05-01,SKU-1006,家居百货,华东一仓,0.0,87,185,¥156.00
2024-05-01,SKU-1007,食品饮料,华东一仓,15.0,31,279,139.59
2024-05-01,SKU-1008,个护清洁,华南二仓,43.0,82,120,39.94
2024-05-01,SKU-1009,服饰,华东一仓,14.0,69,96,63.74
2024-05-01,SKU-1010,数码配件,华东一仓,85.0,64,258,¥143.60
2024-05-01,SKU-1011,家居百货,华南二仓,119.0,6,195,101.09
2024-05-01,SKU-1012,食品饮料,华南二仓,111.0,29,220,¥142.98
2024-05-01,SKU-1013,个护清洁,华东一仓,70.0,44,163,123.51
2024-05-01,SKU-1014,服饰,华南二仓,82.0,6,62,61.62
2024-05-01,SKU-1015,数码配件,华南二仓,20.0,21,144,114.24
2024-05-01,SKU-1016,家居百货,华南二仓,67.0,14,273,35.21
2024-05-01,SKU-1017,食品饮料,华北三仓,108.0,36,186,135.82
2024-05-01,SKU-1018,个护清洁,华北三仓,118.0,69,171,104.08
2024-05-01,SKU-1019,服饰,华南二仓,19.0,95,140,¥149.61
2024-05-01,SKU-1020,数码配件,华南二仓,103.0,93,185,¥25.36
2024-05-01,SKU-1021,家居百货,华北三仓,42.0,52,187,¥88.09
2024-05-01,SKU-1022,食品饮料,华东一仓,66.0,33,24,144.76
2024-05-01,SKU-1023,个护清洁,华南二仓,65.0,42,20,24.79
2024-05-01,SKU-1024,服饰,华东一仓,106.0,75,224,73.79
2024-05-01,SKU-1025,数码配件,华北三仓,12.0,83,161,¥67.90
2024-05-01,SKU-1026,家居百货,华北三仓,20.0,19,297,22.86
2024-05-01,SKU-1027,食品饮料,华东一仓,88.0,5,233,58.83
2024-05-01,SKU-1028,个护清洁,华东一仓,74.0,0,98,¥133.32
2024-05-01,SKU-1029,服饰,华东一仓,12.0,9,36,64.31
2024-05-01,SKU-1030,数码配件,华东一仓,,27,95,145.35
2024-05-01,SKU-1031,家居百货,华北三仓,26.0,5,104,27.30
2024-05-01,SKU-1032,食品饮料,华东一仓,46.0,5,289,¥105.37
2024-05-01,SKU-1033,个护清洁,华北三仓,53.0,67,180,¥23.63
2024-05-01,SKU-1034,服饰,华南二仓,33.0,12,71,156.46
2024-05-01,SKU-1035,数码配件,华北三仓,91.0,64,110,41.80
2024-05-01,SKU-1036,家居百货,华北三仓,67.0,52,249,49.59
2024-05-02,SKU-1001,家居百货,华北三仓,83.0,81,27,36.90
2024-05-02,SKU-1002,食品饮料,华南二仓,43.0,46,176,51.10
2024-05-02,SKU-1003,个护清洁,华南二仓,97.0,95,159,25.60
2024-05-02,SKU-1004,服饰,华北三仓,112.0,66,290,144.65
2024-05-02,SKU-1005,数码配件,华南二仓,71.0,66,57,72.31
2024-05-02,SKU-1006,家居百货,华北三仓,114.0,41,240,¥19.18
2024-05-02,SKU-1007,食品饮料,华北三仓,7.0,18,79,42.79
2024-05-02,SKU-1008,个护清洁,华南二仓,28.0,29,197,60.58
2024-05-02,SKU-1009,服饰,华南二仓,68.0,53,37,134.36
2024-05-02,SKU-1010,数码配件,华北三仓,58.0,58,67,¥18.54
2024-05-02,SKU-1011,家居百货,华东一仓,57.0,40,135,¥39.17
2024-05-02,SKU-1012,食品饮料,华东一仓,16.0,68,106,88.11
2024-05-02,SKU-1013,个护清洁,华北三仓,,73,233,66.96
2024-05-02,SKU-1014,服饰,华东一仓,56.0,58,305,143.29
2024-05-02,SKU-1015,数码配件,华北三仓,61.0,43,267,¥121.38
2024-05-02,SKU-1016,家居百货,华东一仓,81.0,60,112,107.68
2024-05-02,SKU-1017,食品饮料,华北三仓,98.0,80,155,92.24
2024-05-02,SKU-1018,个护清洁,华北三仓,50.0,45,93,110.94
2024-05-02,SKU-1019,服饰,华东一仓,61.0,10,206,53.52
2024-05-02,SKU-1020,数码配件,华东一仓,27.0,95,29,¥12.15
2024-05-02,SKU-1021,家居百货,华南二仓,33.0,30,126,91.60
2024-05-02,SKU-1022,食品饮料,华北三仓,39.0,42,276,71.47
2024-05-02,SKU-1023,个护清洁,华东一仓,107.0,55,306,115.48
2024-05-02,SKU-1024,服饰,华南二仓,86.0,62,195,¥112.09
2024-05-02,SKU-1025,数码配件,华东一仓,11.0,39,174,30.92
2024-05-02,SKU-1026,家居百货,华东一仓,93.0,64,85,¥25.21
2024-05-02,SKU-1027,食品饮料,华东一仓,117.0,19,291,9.29
2024-05-02,SKU-1028,个护清洁,华南二仓,16.0,37,26,87.37
2024-05-02,SKU-1029,服饰,华东一仓,96.0,9,226,¥93.91
2024-05-02,SKU-1030,数码配件,华东一仓,75.0,0,126,28.10
2024-05-02,SKU-1031,家居百货,华南二仓,23.0,49,286,¥127.93
2024-05-02,SKU-1032,食品饮料,华北三仓,108.0,50,250,132.35
2024-05-02,SKU-1033,个护清洁,华东一仓,71.0,75,105,¥67.31
2024-05-02,SKU-1034,服饰,华北三仓,88.0,93,28,157.79
2024-05-02,SKU-1035,数码配件,华北三仓,118.0,37,233,46.02
2024-05-02,SKU-1036,家居百货,华东一仓,47.0,2,281,106.10
2024-05-03,SKU-1001,家居百货,华南二仓,29.0,88,174,¥76.63
2024-05-03,SKU-1002,食品饮料,华南二仓,88.0,30,-305,¥119.76
2024-05-03,SKU-1003,个护清洁,华南二仓,99.0,39,243,¥112.95
2024-05-03,SKU-1004,服饰,华东一仓,71.0,88,226,146.93
2024-05-03,SKU-1005,数码配件,华北三仓,2.0,1,40,¥87.72
2024-05-03,SKU-1006,家居百货,华东一仓,34.0,49,224,¥153.38
2024-05-03,SKU-1007,食品饮料,华东一仓,20.0,18,214,¥129.49
2024-05-03,SKU-1008,个护清洁,华南二仓,18.0,65,108,109.16
2024-05-03,SKU-1009,服饰,华北三仓,105.0,50,260,¥104.38
2024-05-03,SKU-1010,数码配件,华南二仓,84.0,49,128,89.67
2024-05-03,SKU-1011,家居百货,华北三仓,76.0,24,128,99.66
2024-05-03,SKU-1012,食品饮料,华南二仓,92.0,94,63,69.87
2024-05-03,SKU-1013,个护清洁,华东一仓,20.0,31,116,125.35
2024-05-03,SKU-1014,服饰,华东一仓,67.0,90,264,¥55.18
2024-05-03,SKU-1015,数码配件,华东一仓,19.0,5,296,34.22
2024-05-03,SKU-1016,家居百货,华东一仓,,19,256,¥155.25
2024-05-03,SKU-1017,食品饮料,华南二仓,81.0,29,310,78.80
2024-05-03,SKU-1018,个护清洁,华南二仓,59.0,8,203,142.53
2024-05-03,SKU-1019,服饰,华南二仓,36.0,43,93,39.97
2024-05-03,SKU-1020,数码配件,华东一仓,60.0,21,187,100.37
2024-05-03,SKU-1021,家居百货,华东一仓,44.0,27,175,¥30.56
2024-05-03,SKU-1022,食品饮料,华北三仓,75.0,18,124,¥87.30
2024-05-03,SKU-1023,个护清洁,华北三仓,13.0,20,29,¥56.66
2024-05-03,SKU-1024,服饰,华东一仓,86.0,28,65,147.58
2024-05-03,SKU-1025,数码配件,华北三仓,14.0,6,-377,59.12
2024-05-03,SKU-1026,家居百货,华东一仓,92.0,92,237,100.15
2024-05-03,SKU-1027,食品饮料,华北三仓,82.0,33,257,157.66
2024-05-03,SKU-1028,个护清洁,华北三仓,47.0,7,319,158.38
2024-05-03,SKU-1029,服饰,华南二仓,67.0,75,83,102.66
2024-05-03,SKU-1030,数码配件,华北三仓,59.0,55,290,57.37
2024-05-03,SKU-1031,家居百货,华南二仓,104.0,70,29,15.78
2024-05-03,SKU-1032,食品饮料,华北三仓,23.0,19,38,53.14
2024-05-03,SKU-1033,个护清洁,华南二仓,1.0,73,307,¥149.51
2024-05-03,SKU-1034,服饰,华南二仓,46.0,26,163,60.98
2024-05-03,SKU-1035,数码配件,华南二仓,66.0,82,28,33.90
2024-05-03,SKU-1036,家居百货,华南二仓,39.0,56,113,119.41
2024-05-04,SKU-1001,家居百货,华南二仓,67.0,52,162,60.83
2024-05-04,SKU-1002,食品饮料,华北三仓,91.0,79,172,¥52.08
2024-05-04,SKU-1003,个护清洁,华南二仓,28.0,46,101,115.07
2024-05-04,SKU-1004,服饰,华南二仓,72.0,17,163,115.15
2024-05-04,SKU-1005,数码配件,华东一仓,104.0,48,92,64.35
2024-05-04,SKU-1006,家居百货,华南二仓,88.0,2,295,17.51
2024-05-04,SKU-1007,食品饮料,华北三仓,5.0,16,201,46.20
2024-05-04,SKU-1008,个护清洁,华东一仓,10.0,77,265,124.03
2024-05-04,SKU-1009,服饰,华南二仓,13.0,33,240,¥115.81
2024-05-04,SKU-1010,数码配件,华北三仓,17.0,69,187,55.31
2024-05-04,SKU-1011,家居百货,华南二仓,32.0,31,271,130.42
2024-05-04,SKU-1012,食品饮料,华南二仓,31.0,69,240,112.22
2024-05-04,SKU-1013,个护清洁,华东一仓,115.0,34,209,101.88
2024-05-04,SKU-1014,服饰,华北三仓,0.0,53,239,¥151.90
2024-05-04,SKU-1015,数码配件,华东一仓,61.0,13,135,47.27
2024-05-04,SKU-1016,家居百货,华北三仓,18.0,25,272,¥51.73
2024-05-04,SKU-1017,食品饮料,华北三仓,19.0,40,133,92.30
2024-05-04,SKU-1018,个护清洁,华南二仓,20.0,28,88,120.04
2024-05-04,SKU-1019,服饰,华北三仓,60.0,56,209,102.67
2024-05-04,SKU-1020,数码配件,华北三仓,28.0,28,317,¥133.08
2024-05-04,SKU-1021,家居百货,华南二仓,46.0,91,305,14.19
2024-05-04,SKU-1022,食品饮料,华东一仓,80.0,26,134,126.94
2024-05-04,SKU-1023,个护清洁,华东一仓,55.0,77,48,¥129.73
2024-05-04,SKU-1024,服饰,华北三仓,85.0,31,147,147.59
2024-05-04,SKU-1025,数码配件,华南二仓,51.0,25,82,117.86
2024-05-04,SKU-1026,家居百货,华东一仓,82.0,80,179,148.31
2024-05-04,SKU-1027,食品饮料,华北三仓,49.0,59,286,¥12.37
2024-05-04,SKU-1028,个护清洁,华北三仓,58.0,67,209,106.22
2024-05-04,SKU-1029,服饰,华北三仓,5.0,96,194,51.61
2024-05-04,SKU-1030,数码配件,华南二仓,75.0,5,234,82.70
2024-05-04,SKU-1031,家居百货,华东一仓,101.0,34,156,12.12
2024-05-04,SKU-1032,食品饮料,华南二仓,111.0,52,55,11.59
2024-05-04,SKU-1033,个护清洁,华南二仓,33.0,75,297,¥50.27
2024-05-04,SKU-1034,服饰,华北三仓,70.0,66,269,35.22
2024-05-04,SKU-1035,数码配件,华东一仓,81.0,39,25,¥24.75
2024-05-04,SKU-1036,家居百货,华东一仓,18.0,64,253,24.74
2024-05-05,SKU-1001,家居百货,华东一仓,101.0,69,185,41.30
2024-05-05,SKU-1002,食品饮料,华南二仓,6.0,48,182,12.18
2024-05-05,SKU-1003,个护清洁,华北三仓,53.0,40,26,¥121.67
2024-05-05,SKU-1004,服饰,华北三仓,75.0,61,137,141.49
2024-05-05,SKU-1005,数码配件,华南二仓,5.0,53,47,14.10
2024-05-05,SKU-1006,家居百货,华北三仓,68.0,12,275,63.48
2024-05-05,SKU-1007,食品饮料,华东一仓,40.0,92,82,¥156.53
2024-05-05,SKU-1008,个护清洁,华东一仓,71.0,35,300,89.81
2024-05-05,SKU-1009,服饰,华南二仓,58.0,95,240,¥83.32
2024-05-05,SKU-1010,数码配件,华东一仓,91.0,11,140,112.44
2024-05-05,SKU-1011,家居百货,华北三仓,68.0,51,148,155.74
2024-05-05,SKU-1012,食品饮料,华北三仓,0.0,52,29,89.37
2024-05-05,SKU-1013,个护清洁,华东一仓,82.0,48,223,¥18.06
2024-05-05,SKU-1014,服饰,华东一仓,6.0,96,281,136.56
2024-05-05,SKU-1015,数码配件,华北三仓,56.0,52,43,93.11
2024-05-05,SKU-1016,家居百货,华南二仓,76.0,37,307,28.93
2024-05-05,SKU-1017,食品饮料,华南二仓,97.0,85,310,131.97
2024-05-05,SKU-1018,个护清洁,华北三仓,91.0,74,57,¥30.93
2024-05-05,SKU-1019,服饰,华南二仓,36.0,30,107,14.31
2024-05-05,SKU-1020,数码配件,华北三仓,35.0,94,162,¥39.39
2024-05-05,SKU-1021,家居百货,华南二仓,117.0,39,287,71.37
2024-05-05,SKU-1022,食品饮料,华南二仓,50.0,82,134,55.15
2024-05-05,SKU-1023,个护清洁,华东一仓,76.0,31,236,35.61
2024-05-05,SKU-1024,服饰,华南二仓,30.0,21,148,88.51
2024-05-05,SKU-1025,数码配件,华东一仓,42.0,41,22,151.88
2024-05-05,SKU-1026,家居百货,华北三仓,51.0,22,233,38.66
2024-05-05,SKU-1027,食品饮料,华南二仓,83.0,2,128,26.30
2024-05-05,SKU-1028,个护清洁,华南二仓,109.0,51,65,113.98
2024-05-05,SKU-1029,服饰,华北三仓,103.0,81,62,57.10
2024-05-05,SKU-1030,数码配件,华北三仓,100.0,2,151,148.95
2024-05-05,SKU-1031,家居百货,华东一仓,59.0,22,276,146.84
2024-05-05,SKU-1032,食品饮料,华北三仓,10.0,93,206,34.19
2024-05-05,SKU-1033,个护清洁,华北三仓,7.0,0,131,121.06
2024-05-05,SKU-1034,服饰,华东一仓,110.0,31,143,152.80
2024-05-05,SKU-1035,数码配件,华南二仓,27.0,92,112,¥72.62
2024-05-05,SKU-1036,家居百货,华东一仓,101.0,76,236,155.95
2024-05-06,SKU-1001,家居百货,华东一仓,3.0,33,242,95.56
2024-05-06,SKU-1002,食品饮料,华东一仓,61.0,47,211,¥46.26
2024-05-06,SKU-1003,个护清洁,华北三仓,13.0,94,-364,92.44
2024-05-06,SKU-1004,服饰,华南二仓,95.0,68,32,35.63
2024-05-06,SKU-1005,数码配件,华东一仓,15.0,66,246,151.30
2024-05-06,SKU-1006,家居百货,华南二仓,91.0,6,128,¥155.62
2024-05-06,SKU-1007,食品饮料,华北三仓,16.0,41,259,155.30
2024-05-06,SKU-1008,个护清洁,华北三仓,96.0,68,113,24.04
2024-05-06,SKU-1009,服饰,华东一仓,11.0,2,294,93.39
2024-05-06,SKU-1010,数码配件,华东一仓,47.0,44,313,18.19
2024-05-06,SKU-1011,家居百货,华南二仓,35.0,25,311,¥44.48
2024-05-06,SKU-1012,食品饮料,华北三仓,6.0,58,58,¥151.18
2024-05-06,SKU-1013,个护清洁,华南二仓,55.0,15,299,15.57
2024-05-06,SKU-1014,服饰,华南二仓,98.0,90,266,19.43
2024-05-06,SKU-1015,数码配件,华南二仓,114.0,40,193,128.05
2024-05-06,SKU-1016,家居百货,华东一仓,58.0,35,34,¥36.82
2024-05-06,SKU-1017,食品饮料,华南二仓,97.0,52,259,¥156.34
2024-05-06,SKU-1018,个护清洁,华东一仓,57.0,17,70,10.95
2024-05-06,SKU-1019,服饰,华东一仓,96.0,66,239,¥10.55
2024-05-06,SKU-1020,数码配件,华南二仓,107.0,3,50,¥21.97
2024-05-06,SKU-1021,家居百货,华南二仓,50.0,12,220,¥112.91
2024-05-06,SKU-1022,食品饮料,华南二仓,40.0,97,83,¥80.41
2024-05-06,SKU-1023,个护清洁,华南二仓,33.0,22,132,75.58
2024-05-06,SKU-1024,服饰,华北三仓,34.0,74,276,154.25
2024-05-06,SKU-1025,数码配件,华南二仓,107.0,42,102,79.69
2024-05-06,SKU-1026,家居百货,华南二仓,34.0,27,286,54.85
2024-05-06,SKU-1027,食品饮料,华东一仓,89.0,59,266,11.22
2024-05-06,SKU-1028,个护清洁,华南二仓,105.0,40,237,91.46
2024-05-06,SKU-1029,服饰,华东一仓,5.0,80,242,¥85.08
2024-05-06,SKU-1030,数码配件,华东一仓,65.0,26,263,¥154.40
2024-05-06,SKU-1031,家居百货,华北三仓,77.0,73,179,¥14.45
2024-05-06,SKU-1032,食品饮料,华北三仓,97.0,70,36,88.66
2024-05-06,SKU-1033,个护清洁,华南二仓,81.0,6,238,¥116.78
2024-05-06,SKU-1034,服饰,华南二仓,116.0,50,129,29.54
2024-05-06,SKU-1035,数码配件,华南二仓,77.0,89,254,¥110.12
2024-05-06,SKU-1036,家居百货,华北三仓,90.0,72,244,¥104.24
2024-05-07,SKU-1001,家居百货,华南二仓,97.0,38,69,¥46.12
2024-05-07,SKU-1002,食品饮料,华东一仓,60.0,30,91,146.70
2024-05-07,SKU-1003,个护清洁,华南二仓,10.0,19,243,¥16.54
2024-05-07,SKU-1004,服饰,华北三仓,30.0,70,127,74.06
2024-05-07,SKU-1005,数码配件,华东一仓,114.0,6,32,83.79
2024-05-07,SKU-1006,家居百货,华东一仓,76.0,62,284,¥72.79
2024-05-07,SKU-1007,食品饮料,华东一仓,3.0,77,244,46.17
2024-05-07,SKU-1008,个护清洁,华北三仓,31.0,94,245,34.33
2024-05-07,SKU-1009,服饰,华北三仓,28.0,50,285,131.74
2024-05-07,SKU-1010,数码配件,华南二仓,6.0,28,56,¥90.00
2024-05-07,SKU-1011,家居百货,华北三仓,41.0,62,236,44.46
2024-05-07,SKU-1012,食品饮料,华北三仓,69.0,85,148,77.02
2024-05-07,SKU-1013,个护清洁,华南二仓,53.0,50,74,56.64
2024-05-07,SKU-1014,服饰,华南二仓,86.0,82,45,138.86
2024-05-07,SKU-1015,数码配件,华北三仓,73.0,90,119,¥128.92
2024-05-07,SKU-1016,家居百货,华东一仓,41.0,39,85,144.47
2024-05-07,SKU-1017,食品饮料,华东一仓,96.0,36,273,74.55
2024-05-07,SKU-1018,个护清洁,华东一仓,38.0,60,174,55.20
2024-05-07,SKU-1019,服饰,华南二仓,97.0,65,256,72.21
2024-05-07,SKU-1020,数码配件,华北三仓,4.0,36,84,49.55
2024-05-07,SKU-1021,家居百货,华东一仓,10.0,58,315,¥9.03
2024-05-07,SKU-1022,食品饮料,华北三仓,97.0,61,68,78.58
2024-05-07,SKU-1023,个护清洁,华东一仓,4.0,60,220,¥26.54
2024-05-07,SKU-1024,服饰,华北三仓,66.0,93,178,144.93
2024-05-07,SKU-1025,数码配件,华南二仓,70.0,70,-385,32.40
2024-05-07,SKU-1026,家居百货,华南二仓,31.0,70,243,58.91
2024-05-07,SKU-1027,食品饮料,华北三仓,63.0,32,109,¥38.07
2024-05-07,SKU-1028,个护清洁,华南二仓,83.0,84,190,28.08
2024-05-07,SKU-1029,服饰,华东一仓,75.0,0,52,¥29.39
2024-05-07,SKU-1030,数码配件,华东一仓,15.0,75,229,¥154.60
2024-05-07,SKU-1031,家居百货,华南二仓,100.0,68,91,80.01
2024-05-07,SKU-1032,食品饮料,华东一仓,99.0,11,85,100.06
2024-05-07,SKU-1033,个护清洁,华北三仓,21.0,34,90,121.42
2024-05-07,SKU-1034,服饰,华东一仓,85.0,63,76,137.18
2024-05-07,SKU-1035,数码配件,华北三仓,92.0,80,288,117.79
2024-05-07,SKU-1036,家居百货,华东一仓,97.0,75,310,¥21.82
2024-05-08,SKU-1001,家居百货,华南二仓,57.0,86,119,65.67
2024-05-08,SKU-1002,食品饮料,华东一仓,65.0,94,234,42.83
2024-05-08,SKU-1003,个护清洁,华南二仓,75.0,29,167,109.26
2024-05-08,SKU-1004,服饰,华东一仓,2.0,75,318,127.23
2024-05-08,SKU-1005,数码配件,华南二仓,95.0,25,144,159.52
2024-05-08,SKU-1006,家居百货,华南二仓,116.0,14,59,10.66
2024-05-08,SKU-1007,食品饮料,华北三仓,56.0,6,162,22.20
2024-05-08,SKU-1008,个护清洁,华北三仓,89.0,38,179,95.35
2024-05-08,SKU-1009,服饰,华南二仓,99.0,79,231,58.72
2024-05-08,SKU-1010,数码配件,华东一仓,71.0,4,110,62.91
2024-05-08,SKU-1011,家居百货,华北三仓,71.0,17,288,29.04
2024-05-08,SKU-1012,食品饮料,华东一仓,115.0,67,98,133.43
2024-05-08,SKU-1013,个护清洁,华北三仓,117.0,7,256,151.50
2024-05-08,SKU-1014,服饰,华南二仓,93.0,34,104,¥121.17
2024-05-08,SKU-1015,数码配件,华北三仓,31.0,31,218,13.43
2024-05-08,SKU-1016,家居百货,华北三仓,46.0,19,238,¥110.16
2024-05-08,SKU-1017,食品饮料,华南二仓,12.0,75,264,43.44
2024-05-08,SKU-1018,个护清洁,华南二仓,77.0,87,193,49.91
2024-05-08,SKU-1019,服饰,华南二仓,49.0,55,174,¥84.03
2024-05-08,SKU-1020,数码配件,华南二仓,16.0,26,87,51.10
2024-05-08,SKU-1021,家居百货,华北三仓,83.0,49,59,37.06
2024-05-08,SKU-1022,食品饮料,华东一仓,49.0,17,119,16.64
2024-05-08,SKU-1023,个护清洁,华北三仓,45.0,46,194,71.96
2024-05-08,SKU-1024,服饰,华东一仓,20.0,24,102,¥43.44
2024-05-08,SKU-1025,数码配件,华东一仓,99.0,81,284,39.04
2024-05-08,SKU-1026,家居百货,华东一仓,11.0,73,222,136.50
2024-05-08,SKU-1027,食品饮料,华北三仓,14.0,57,184,113.73
2024-05-08,SKU-1028,个护清洁,华南二仓,83.0,22,232,¥158.72
2024-05-08,SKU-1029,服饰,华东一仓,119.0,60,44,47.74
2024-05-08,SKU-1030,数码配件,华北三仓,101.0,79,52,¥90.12
2024-05-08,SKU-1031,家居百货,华东一仓,72.0,87,66,31.26
2024-05-08,SKU-1032,食品饮料,华南二仓,103.0,66,26,127.13
2024-05-08,SKU-1033,个护清洁,华北三仓,25.0,19,112,148.53
2024-05-08,SKU-1034,服饰,华北三仓,32.0,59,215,¥24.02
2024-05-08,SKU-1035,数码配件,华北三仓,37.0,10,215,¥15.97
2024-05-08,SKU-1036,家居百货,华南二仓,77.0,6,141,139.78
2024-05-09,SKU-1001,家居百货,华北三仓,37.0,45,210,¥80.61
2024-05-09,SKU-1002,食品饮料,华东一仓,104.0,89,41,106.40
2024-05-09,SKU-1003,个护清洁,华东一仓,106.0,21,216,131.82
2024-05-09,SKU-1004,服饰,华东一仓,89.0,16,156,¥86.85
2024-05-09,SKU-1005,数码配件,华北三仓,76.0,29,225,152.38
2024-05-09,SKU-1006,家居百货,华南二仓,112.0,47,123,66.43
2024-05-09,SKU-1007,食品饮料,华东一仓,31.0,98,180,¥131.20
2024-05-09,SKU-1008,个护清洁,华北三仓,68.0,97,70,32.80
2024-05-09,SKU-1009,服饰,华东一仓,28.0,39,85,¥130.97
2024-05-09,SKU-1010,数码配件,华北三仓,27.0,72,198,127.06
2024-05-09,SKU-1011,家居百货,华东一仓,13.0,45,114,107.14
2024-05-09,SKU-1012,食品饮料,华北三仓,65.0,91,75,148.55
2024-05-09,SKU-1013,个护清洁,华东一仓,48.0,99,319,108.93
2024-05-09,SKU-1014,服饰,华东一仓,85.0,67,65,¥87.18
2024-05-09,SKU-1015,数码配件,华北三仓,99.0,87,72,¥46.62
2024-05-09,SKU-1016,家居百货,华南二仓,15.0,85,23,¥100.22
2024-05-09,SKU-1017,食品饮料,华南二仓,103.0,52,170,82.22
2024-05-09,SKU-1018,个护清洁,华北三仓,24.0,78,51,31.49
2024-05-09,SKU-1019,服饰,华北三仓,17.0,65,260,133.94
2024-05-09,SKU-1020,数码配件,华东一仓,44.0,49,181,¥84.19
2024-05-09,SKU-1021,家居百货,华南二仓,82.0,47,263,69.61
2024-05-09,SKU-1022,食品饮料,华南二仓,12.0,74,85,96.32
2024-05-09,SKU-1023,个护清洁,华东一仓,47.0,40,27,85.43
2024-05-09,SKU-1024,服饰,华北三仓,48.0,88,27,84.90
2024-05-09,SKU-1025,数码配件,华南二仓,76.0,86,186,19.34
2024-05-09,SKU-1026,家居百货,华南二仓,1.0,60,147,150.29
2024-05-09,SKU-1027,食品饮料,华东一仓,2.0,18,250,69.72
2024-05-09,SKU-1028,个护清洁,华北三仓,88.0,35,73,79.98
2024-05-09,SKU-1029,服饰,华北三仓,81.0,71,93,141.24
2024-05-09,SKU-1030,数码配件,华东一仓,31.0,73,117,72.26
2024-05-09,SKU-1031,家居百货,华北三仓,3.0,86,178,¥82.54
2024-05-09,SKU-1032,食品饮料,华南二仓,41.0,16,124,23.49
2024-05-09,SKU-1033,个护清洁,华南二仓,108.0,36,99,140.36
2024-05-09,SKU-1034,服饰,华东一仓,12.0,72,242,123.89
2024-05-09,SKU-1035,数码配件,华南二仓,23.0,50,271,¥65.31
2024-05-09,SKU-1036,家居百货,华南二仓,104.0,48,61,61.14
2024-05-10,SKU-1001,家居百货,华北三仓,116.0,99,124,31.55
2024-05-10,SKU-1002,食品饮料,华东一仓,58.0,19,99,38.30
2024-05-10,SKU-1003,个护清洁,华东一仓,5.0,62,53,57.61
2024-05-10,SKU-1004,服饰,华南二仓,0.0,2,98,93.10
2024-05-10,SKU-1005,数码配件,华北三仓,23.0,45,220,108.06
2024-05-10,SKU-1006,家居百货,华东一仓,109.0,29,153,158.21
2024-05-10,SKU-1007,食品饮料,华东一仓,102.0,54,248,¥121.69
2024-05-10,SKU-1008,个护清洁,华南二仓,35.0,87,97,¥88.37
2024-05-10,SKU-1009,服饰,华东一仓,60.0,42,131,113.71
2024-05-10,SKU-1010,数码配件,华东一仓,3.0,47,164,133.65
2024-05-10,SKU-1011,家居百货,华北三仓,83.0,25,160,156.93
2024-05-10,SKU-1012,食品饮料,华南二仓,109.0,18,76,¥52.05
2024-05-10,SKU-1013,个护清洁,华东一仓,34.0,90,33,¥139.55
2024-05-10,SKU-1014,服饰,华东一仓,90.0,83,56,¥126.09
2024-05-10,SKU-1015,数码配件,华北三仓,62.0,92,38,36.99
2024-05-10,SKU-1016,家居百货,华东一仓,6.0,54,175,75.40
2024-05-10,SKU-1017,食品饮料,华东一仓,86.0,26,42,138.65
2024-05-10,SKU-1018,个护清洁,华东一仓,83.0,33,278,¥153.34
2024-05-10,SKU-1019,服饰,华东一仓,110.0,52,284,¥67.00
2024-05-10,SKU-1020,数码配件,华东一仓,76.0,52,213,¥88.05
2024-05-10,SKU-1021,家居百货,华南二仓,67.0,80,279,48.55
2024-05-10,SKU-1022,食品饮料,华东一仓,31.0,85,26,¥22.23
2024-05-10,SKU-1023,个护清洁,华北三仓,3.0,57,22,¥81.09
2024-05-10,SKU-1024,服饰,华南二仓,51.0,69,125,¥110.91
2024-05-10,SKU-1025,数码配件,华北三仓,56.0,64,300,¥13.51
2024-05-10,SKU-1026,家居百货,华南二仓,86.0,40,128,116.12
2024-05-10,SKU-1027,食品饮料,华东一仓,27.0,8,94,116.74
2024-05-10,SKU-1028,个护清洁,华南二仓,33.0,5,310,¥73.70
2024-05-10,SKU-1029,服饰,华东一仓,75.0,58,24,98.41
2024-05-10,SKU-1030,数码配件,华东一仓,84.0,67,312,¥11.33
2024-05-10,SKU-1031,家居百货,华北三仓,76.0,93,198,¥19.89
2024-05-10,SKU-1032,食品饮料,华北三仓,26.0,15,63,¥88.07
2024-05-10,SKU-1033,个护清洁,华北三仓,90.0,89,40,¥105.20
2024-05-10,SKU-1034,服饰,华东一仓,39.0,1,78,17.96
2024-05-10,SKU-1035,数码配件,华东一仓,111.0,76,63,132.21
2024-05-10,SKU-1036,家居百货,华北三仓,44.0,92,214,¥40.92
2024-05-11,SKU-1001,家居百货,华北三仓,97.0,2,158,31.43
2024-05-11,SKU-1002,食品饮料,华北三仓,74.0,15,30,99.86
2024-05-11,SKU-1003,个护清洁,华东一仓,59.0,25,291,94.03
2024-05-11,SKU-1004,服饰,华东一仓,65.0,0,272,87.51
2024-05-11,SKU-1005,数码配件,华东一仓,42.0,57,38,¥136.14
2024-05-11,SKU-1006,家居百货,华东一仓,12.0,51,107,104.27
2024-05-11,SKU-1007,食品饮料,华北三仓,108.0,95,270,¥105.73
2024-05-11,SKU-1008,个护清洁,华北三仓,90.0,0,155,139.96
2024-05-11,SKU-1009,服饰,华北三仓,91.0,93,160,63.56
2024-05-11,SKU-1010,数码配件,华南二仓,55.0,2,307,75.59
2024-05-11,SKU-1011,家居百货,华北三仓,101.0,18,306,66.70
2024-05-11,SKU-1012,食品饮料,华南二仓,119.0,15,52,23.74
2024-05-11,SKU-1013,个护清洁,华南二仓,90.0,20,142,¥43.71
2024-05-11,SKU-1014,服饰,华东一仓,112.0,5,86,59.08
2024-05-11,SKU-1015,数码配件,华南二仓,23.0,99,107,¥41.66
2024-05-11,SKU-1016,家居百货,华东一仓,49.0,19,212,159.61
2024-05-11,SKU-1017,食品饮料,华东一仓,91.0,22,155,77.25
2024-05-11,SKU-1018,个护清洁,华东一仓,31.0,12,27,129.88
2024-05-11,SKU-1019,服饰,华南二仓,104.0,57,43,¥93.96
2024-05-11,SKU-1020,数码配件,华北三仓,78.0,38,269,15.89
2024-05-11,SKU-1021,家居百货,华东一仓,2.0,33,256,109.27
2024-05-11,SKU-1022,食品饮料,华北三仓,70.0,34,101,127.95
2024-05-11,SKU-1023,个护清洁,华东一仓,56.0,60,130,48.95
2024-05-11,SKU-1024,服饰,华北三仓,90.0,75,167,25.67
2024-05-11,SKU-1025,数码配件,华北三仓,105.0,95,87,21.13
2024-05-11,SKU-1026,家居百货,华北三仓,37.0,67,137,31.44
2024-05-11,SKU-1027,食品饮料,华南二仓,64.0,19,144,80.79
2024-05-11,SKU-1028,个护清洁,华东一仓,65.0,9,139,122.41
2024-05-11,SKU-1029,服饰,华北三仓,2.0,59,109,95.17
2024-05-11,SKU-1030,数码配件,华南二仓,25.0,76,265,¥78.43
2024-05-11,SKU-1031,家居百货,华北三仓,107.0,51,202,131.71
2024-05-11,SKU-1032,食品饮料,华南二仓,119.0,57,84,146.55
2024-05-11,SKU-1033,个护清洁,华南二仓,67.0,34,129,109.63
2024-05-11,SKU-1034,服饰,华南二仓,79.0,3,20,153.32
2024-05-11,SKU-1035,数码配件,华东一仓,3.0,17,287,97.53
2024-05-11,SKU-1036,家居百货,华东一仓,16.0,42,23,¥89.88
2024-05-12,SKU-1001,家居百货,华南二仓,47.0,54,149,125.55
2024-05-12,SKU-1002,食品饮料,华南二仓,118.0,31,117,144.43
2024-05-12,SKU-1003,个护清洁,华东一仓,94.0,85,45,25.01
2024-05-12,SKU-1004,服饰,华南二仓,35.0,36,83,¥63.49
2024-05-12,SKU-1005,数码配件,华北三仓,40.0,7,288,96.48
2024-05-12,SKU-1006,家居百货,华南二仓,70.0,78,153,¥33.00
2024-05-12,SKU-1007,食品饮料,华南二仓,26.0,26,191,22.96
2024-05-12,SKU-1008,个护清洁,华东一仓,101.0,97,54,18.87
2024-05-12,SKU-1009,服饰,华东一仓,17.0,80,35,¥46.90
2024-05-12,SKU-1010,数码配件,华北三仓,80.0,15,121,86.07
2024-05-12,SKU-1011,家居百货,华北三仓,8.0,84,24,¥20.61
2024-05-12,SKU-1012,食品饮料,华东一仓,79.0,92,188,121.42
2024-05-12,SKU-1013,个护清洁,华北三仓,54.0,49,305,75.18
2024-05-12,SKU-1014,服饰,华北三仓,38.0,93,266,¥38.83
2024-05-12,SKU-1015,数码配件,华东一仓,7.0,41,253,103.19
2024-05-12,SKU-1016,家居百货,华南二仓,22.0,25,185,15.73
2024-05-12,SKU-1017,食品饮料,华南二仓,62.0,95,136,115.00
2024-05-12,SKU-1018,个护清洁,华北三仓,39.0,15,219,82.95
2024-05-12,SKU-1019,服饰,华南二仓,87.0,1,201,¥109.23
2024-05-12,SKU-1020,数码配件,华南二仓,30.0,60,299,115.26
2024-05-12,SKU-1021,家居百货,华北三仓,51.0,66,226,50.56
2024-05-12,SKU-1022,食品饮料,华北三仓,98.0,88,154,¥52.72
2024-05-12,SKU-1023,个护清洁,华北三仓,96.0,74,42,¥121.71
2024-05-12,SKU-1024,服饰,华南二仓,108.0,38,243,¥61.84
2024-05-12,SKU-1025,数码配件,华东一仓,4.0,10,132,¥134.65
2024-05-12,SKU-1026,家居百货,华北三仓,53.0,16,137,¥31.02
2024-05-12,SKU-1027,食品饮料,华北三仓,57.0,90,199,¥76.30
2024-05-12,SKU-1028,个护清洁,华北三仓,66.0,92,266,43.55
2024-05-12,SKU-1029,服饰,华南二仓,81.0,82,55,24.19
2024-05-12,SKU-1030,数码配件,华东一仓,34.0,72,215,67.06
2024-05-12,SKU-1031,家居百货,华东一仓,95.0,16,148,31.03
2024-05-12,SKU-1032,食品饮料,华南二仓,64.0,42,78,10.35
2024-05-12,SKU-1033,个护清洁,华北三仓,88.0,60,311,144.64
2024-05-12,SKU-1034,服饰,华北三仓,37.0,43,156,59.90
2024-05-12,SKU-1035,数码配件,华北三仓,25.0,26,20,141.24
2024-05-12,SKU-1036,家居百货,华东一仓,32.0,56,164,41.55
2024-05-13,SKU-1001,家居百货,华南二仓,73.0,30,288,69.63
2024-05-13,SKU-1002,食品饮料,华北三仓,72.0,3,80,48.04
2024-05-13,SKU-1003,个护清洁,华南二仓,77.0,53,148,155.08
2024-05-13,SKU-1004,服饰,华南二仓,94.0,79,83,30.33
2024-05-13,SKU-1005,数码配件,华南二仓,56.0,49,125,¥90.32
2024-05-13,SKU-1006,家居百货,华北三仓,114.0,30,152,116.42
2024-05-13,SKU-1007,食品饮料,华南二仓,22.0,51,241,65.03
2024-05-13,SKU-1008,个护清洁,华东一仓,105.0,20,119,111.24
2024-05-13,SKU-1009,服饰,华南二仓,116.0,61,286,57.47
2024-05-13,SKU-1010,数码配件,华南二仓,53.0,45,157,¥70.90
2024-05-13,SKU-1011,家居百货,华东一仓,60.0,32,60,¥132.61
2024-05-13,SKU-1012,食品饮料,华东一仓,58.0,93,104,20.89
2024-05-13,SKU-1013,个护清洁,华南二仓,,89,236,118.16
2024-05-13,SKU-1014,服饰,华南二仓,3.0,90,58,130.65
2024-05-13,SKU-1015,数码配件,华南二仓,27.0,53,95,¥113.00
2024-05-13,SKU-1016,家居百货,华东一仓,18.0,6,221,¥100.13
2024-05-13,SKU-1017,食品饮料,华北三仓,93.0,59,48,103.07
2024-05-13,SKU-1018,个护清洁,华南二仓,101.0,74,245,¥58.12
2024-05-13,SKU-1019,服饰,华北三仓,23.0,28,243,98.16
2024-05-13,SKU-1020,数码配件,华南二仓,72.0,17,279,111.37
2024-05-13,SKU-1021,家居百货,华北三仓,15.0,18,79,13.36
2024-05-13,SKU-1022,食品饮料,华东一仓,110.0,7,160,85.72
2024-05-13,SKU-1023,个护清洁,华南二仓,115.0,89,254,60.76
2024-05-13,SKU-1024,服饰,华南二仓,23.0,19,306,150.18
2024-05-13,SKU-1025,数码配件,华东一仓,16.0,88,176,¥147.95
2024-05-13,SKU-1026,家居百货,华北三仓,103.0,88,222,15.08
2024-05-13,SKU-1027,食品饮料,华东一仓,7.0,15,101,109.48
2024-05-13,SKU-1028,个护清洁,华东一仓,69.0,6,21,106.99
2024-05-13,SKU-1029,服饰,华北三仓,59.0,33,305,¥150.75
2024-05-13,SKU-1030,数码配件,华北三仓,110.0,4,148,131.68
2024-05-13,SKU-1031,家居百货,华北三仓,24.0,46,200,50.96
2024-05-13,SKU-1032,食品饮料,华东一仓,69.0,41,133,¥138.08
2024-05-13,SKU-1033,个护清洁,华南二仓,19.0,88,248,77.01
2024-05-13,SKU-1034,服饰,华南二仓,28.0,73,91,¥50.67
2024-05-13,SKU-1035,数码配件,华北三仓,33.0,35,95,102.32
2024-05-13,SKU-1036,家居百货,华南二仓,81.0,22,296,93.68
2024-05-14,SKU-1001,家居百货,华南二仓,57.0,72,195,84.24
2024-05-14,SKU-1002,食品饮料,华北三仓,82.0,40,139,¥107.38
2024-05-14,SKU-1003,个护清洁,华东一仓,80.0,94,25,36.16
2024-05-14,SKU-1004,服饰,华南二仓,51.0,40,52,¥54.02
2024-05-14,SKU-1005,数码配件,华南二仓,27.0,99,200,28.18
2024-05-14,SKU-1006,家居百货,华北三仓,114.0,80,265,90.01
2024-05-14,SKU-1007,食品饮料,华东一仓,32.0,27,76,137.61
2024-05-14,SKU-1008,个护清洁,华南二仓,30.0,44,214,¥155.22
2024-05-14,SKU-1009,服饰,华南二仓,29.0,91,128,59.50
2024-05-14,SKU-1010,数码配件,华南二仓,25.0,88,262,124.81
2024-05-14,SKU-1011,家居百货,华北三仓,92.0,58,102,¥25.27
2024-05-14,SKU-1012,食品饮料,华北三仓,76.0,44,141,120.38
2024-05-14,SKU-1013,个护清洁,华南二仓,24.0,32,51,100.77
2024-05-14,SKU-1014,服饰,华南二仓,69.0,9,118,67.15
2024-05-14,SKU-1015,数码配件,华南二仓,94.0,30,214,157.91
2024-05-14,SKU-1016,家居百货,华南二仓,64.0,21,129,126.62
2024-05-14,SKU-1017,食品饮料,华南二仓,63.0,81,85,50.66
2024-05-14,SKU-1018,个护清洁,华南二仓,94.0,64,140,¥61.16
2024-05-14,SKU-1019,服饰,华北三仓,4.0,72,92,105.55
2024-05-14,SKU-1020,数码配件,华南二仓,96.0,31,240,70.74
2024-05-14,SKU-1021,家居百货,华南二仓,29.0,75,173,95.54
2024-05-14,SKU-1022,食品饮料,华南二仓,77.0,49,267,46.95
2024-05-14,SKU-1023,个护清洁,华东一仓,103.0,71,116,101.42
2024-05-14,SKU-1024,服饰,华东一仓,42.0,46,60,¥17.62
2024-05-14,SKU-1025,数码配件,华南二仓,35.0,72,244,93.18
2024-05-14,SKU-1026,家居百货,华北三仓,0.0,37,110,¥90.44
2024-05-14,SKU-1027,食品饮料,华南二仓,111.0,16,259,¥77.24
2024-05-14,SKU-1028,个护清洁,华北三仓,32.0,75,53,133.90
2024-05-14,SKU-1029,服饰,华东一仓,87.0,94,281,57.31
2024-05-14,SKU-1030,数码配件,华北三仓,97.0,25,29,95.25
2024-05-14,SKU-1031,家居百货,华北三仓,8.0,47,230,24.72
2024-05-14,SKU-1032,食品饮料,华南二仓,15.0,29,208,¥100.93
2024-05-14,SKU-1033,个护清洁,华东一仓,113.0,95,192,47.21
2024-05-14,SKU-1034,服饰,华北三仓,90.0,35,131,¥151.93
2024-05-14,SKU-1035,数码配件,华东一仓,71.0,90,91,58.32
2024-05-14,SKU-1036,家居百货,华东一仓,101.0,31,123,11.50
2024-05-15,SKU-1001,家居百货,华北三仓,19.0,71,140,146.57
2024-05-15,SKU-1002,食品饮料,华东一仓,85.0,36,71,23.69
2024-05-15,SKU-1003,个护清洁,华南二仓,39.0,93,265,132.77
2024-05-15,SKU-1004,服饰,华北三仓,74.0,72,187,142.41
2024-05-15,SKU-1005,数码配件,华南二仓,18.0,92,263,¥35.68
2024-05-15,SKU-1006,家居百货,华东一仓,79.0,2,55,90.95
2024-05-15,SKU-1007,食品饮料,华北三仓,5.0,87,117,¥42.34
2024-05-15,SKU-1008,个护清洁,华东一仓,36.0,4,276,116.79
2024-05-15,SKU-1009,服饰,华南二仓,45.0,94,192,¥8.55
2024-05-15,SKU-1010,数码配件,华东一仓,106.0,30,315,¥122.42
2024-05-15,SKU-1011,家居百货,华东一仓,112.0,31,251,89.50
2024-05-15,SKU-1012,食品饮料,华北三仓,86.0,33,148,113.94
2024-05-15,SKU-1013,个护清洁,华东一仓,22.0,52,119,39.36
2024-05-15,SKU-1014,服饰,华南二仓,97.0,61,107,152.03
2024-05-15,SKU-1015,数码配件,华北三仓,99.0,85,240,84.17
2024-05-15,SKU-1016,家居百货,华北三仓,25.0,85,176,27.81
2024-05-15,SKU-1017,食品饮料,华东一仓,86.0,83,311,¥41.55
2024-05-15,SKU-1018,个护清洁,华北三仓,111.0,79,97,144.52
2024-05-15,SKU-1019,服饰,华南二仓,59.0,65,170,84.81
2024-05-15,SKU-1020,数码配件,华北三仓,6.0,60,88,¥12.00
2024-05-15,SKU-1021,家居百货,华北三仓,95.0,83,130,158.94
2024-05-15,SKU-1022,食品饮料,华南二仓,108.0,10,313,85.47
2024-05-15,SKU-1023,个护清洁,华南二仓,80.0,24,303,33.61
2024-05-15,SKU-1024,服饰,华南二仓,24.0,6,39,¥117.49
2024-05-15,SKU-1025,数码配件,华北三仓,59.0,92,30,65.22
2024-05-15,SKU-1026,家居百货,华南二仓,111.0,63,174,52.42
2024-05-15,SKU-1027,食品饮料,华北三仓,110.0,41,202,19.38
2024-05-15,SKU-1028,个护清洁,华北三仓,60.0,76,21,154.57
2024-05-15,SKU-1029,服饰,华东一仓,3.0,80,35,157.72
2024-05-15,SKU-1030,数码配件,华北三仓,12.0,21,110,¥50.73
2024-05-15,SKU-1031,家居百货,华东一仓,115.0,10,115,11.53
2024-05-15,SKU-1032,食品饮料,华南二仓,53.0,20,143,¥8.65
2024-05-15,SKU-1033,个护清洁,华北三仓,118.0,49,263,131.06
2024-05-15,SKU-1034,服饰,华北三仓,23.0,12,196,¥59.61
2024-05-15,SKU-1035,数码配件,华北三仓,20.0,83,21,138.07
2024-05-15,SKU-1036,家居百货,华南二仓,62.0,83,192,¥72.00
2024-05-16,SKU-1001,家居百货,华北三仓,9.0,40,133,¥52.03
2024-05-16,SKU-1002,食品饮料,华南二仓,10.0,68,33,124.71
2024-05-16,SKU-1003,个护清洁,华东一仓,48.0,34,158,82.45
2024-05-16,SKU-1004,服饰,华东一仓,5.0,13,167,45.24
2024-05-16,SKU-1005,数码配件,华北三仓,80.0,81,43,90.98
2024-05-16,SKU-1006,家居百货,华北三仓,64.0,19,215,14.43
2024-05-16,SKU-1007,食品饮料,华南二仓,46.0,45,175,¥11.60
2024-05-16,SKU-1008,个护清洁,华东一仓,16.0,75,26,123.89
2024-05-16,SKU-1009,服饰,华北三仓,57.0,39,158,21.45
2024-05-16,SKU-1010,数码配件,华南二仓,97.0,99,130,99.84
2024-05-16,SKU-1011,家居百货,华东一仓,39.0,81,244,134.02
2024-05-16,SKU-1012,食品饮料,华东一仓,14.0,73,81,45.19
2024-05-16,SKU-1013,个护清洁,华北三仓,17.0,53,111,94.18
2024-05-16,SKU-1014,服饰,华北三仓,37.0,77,97,124.54
2024-05-16,SKU-1015,数码配件,华东一仓,19.0,23,47,¥151.63
2024-05-16,SKU-1016,家居百货,华东一仓,23.0,76,-487,¥138.14
2024-05-16,SKU-1017,食品饮料,华东一仓,49.0,49,228,140.71
2024-05-16,SKU-1018,个护清洁,华南二仓,49.0,24,160,40.50
2024-05-16,SKU-1019,服饰,华东一仓,44.0,49,191,142.29
2024-05-16,SKU-1020,数码配件,华北三仓,,49,175,¥96.63
2024-05-16,SKU-1021,家居百货,华南二仓,72.0,43,98,¥34.94
2024-05-16,SKU-1022,食品饮料,华北三仓,83.0,63,75,114.67
2024-05-16,SKU-1023,个护清洁,华东一仓,6.0,98,123,127.86
2024-05-16,SKU-1024,服饰,华东一仓,98.0,47,133,62.97
2024-05-16,SKU-1025,数码配件,华北三仓,112.0,55,302,93.30
2024-05-16,SKU-1026,家居百货,华南二仓,24.0,52,40,44.10
2024-05-16,SKU-1027,食品饮料,华北三仓,40.0,6,85,18.40
2024-05-16,SKU-1028,个护清洁,华南二仓,85.0,78,196,¥76.85
2024-05-16,SKU-1029,服饰,华北三仓,2.0,39,53,144.42
2024-05-16,SKU-1030,数码配件,华南二仓,37.0,2,178,28.74
2024-05-16,SKU-1031,家居百货,华南二仓,6.0,53,217,90.96
2024-05-16,SKU-1032,食品饮料,华东一仓,83.0,21,24,¥135.01
2024-05-16,SKU-1033,个护清洁,华南二仓,60.0,62,289,¥104.08
2024-05-16,SKU-1034,服饰,华北三仓,78.0,82,70,60.88
2024-05-16,SKU-1035,数码配件,华东一仓,21.0,80,133,92.24
2024-05-16,SKU-1036,家居百货,华北三仓,76.0,67,281,¥8.08
2024-05-17,SKU-1001,家居百货,华南二仓,6.0,70,53,¥143.66
2024-05-17,SKU-1002,食品饮料,华东一仓,35.0,77,204,¥116.12
2024-05-17,SKU-1003,个护清洁,华南二仓,117.0,30,288,77.20
2024-05-17,SKU-1004,服饰,华南二仓,82.0,98,140,54.11
2024-05-17,SKU-1005,数码配件,华南二仓,75.0,32,78,82.47
2024-05-17,SKU-1006,家居百货,华北三仓,13.0,10,76,136.30
2024-05-17,SKU-1007,食品饮料,华南二仓,36.0,15,160,13.54
2024-05-17,SKU-1008,个护清洁,华东一仓,42.0,48,209,¥90.06
2024-05-17,SKU-1009,服饰,华北三仓,85.0,81,26,122.26
2024-05-17,SKU-1010,数码配件,华东一仓,102.0,28,130,¥68.27
2024-05-17,SKU-1011,家居百货,华东一仓,48.0,9,24,142.25
2024-05-17,SKU-1012,食品饮料,华南二仓,19.0,24,21,157.01
2024-05-17,SKU-1013,个护清洁,华南二仓,25.0,39,89,¥54.62
2024-05-17,SKU-1014,服饰,华东一仓,3.0,87,270,124.93
2024-05-17,SKU-1015,数码配件,华北三仓,93.0,2,31,65.42
2024-05-17,SKU-1016,家居百货,华北三仓,44.0,62,302,156.37
2024-05-17,SKU-1017,食品饮料,华北三仓,43.0,21,85,¥57.77
2024-05-17,SKU-1018,个护清洁,华东一仓,16.0,40,50,49.62
2024-05-17,SKU-1019,服饰,华东一仓,7.0,45,132,74.95
2024-05-17,SKU-1020,数码配件,华东一仓,75.0,20,123,¥113.71
2024-05-17,SKU-1021,家居百货,华南二仓,104.0,95,287,49.07
2024-05-17,SKU-1022,食品饮料,华南二仓,24.0,6,58,124.49
2024-05-17,SKU-1023,个护清洁,华北三仓,85.0,24,301,¥57.22
2024-05-17,SKU-1024,服饰,华北三仓,72.0,35,229,¥66.90
2024-05-17,SKU-1025,数码配件,华北三仓,17.0,47,126,23.07
2024-05-17,SKU-1026,家居百货,华东一仓,9.0,50,185,89.74
2024-05-17,SKU-1027,食品饮料,华南二仓,8.0,47,223,11.81
2024-05-17,SKU-1028,个护清洁,华北三仓,92.0,6,43,158.51
2024-05-17,SKU-1029,服饰,华东一仓,27.0,39,193,124.67
2024-05-17,SKU-1030,数码配件,华东一仓,13.0,88,280,155.60
2024-05-17,SKU-1031,家居百货,华北三仓,98.0,65,294,127.59
2024-05-17,SKU-1032,食品饮料,华东一仓,115.0,35,142,107.01
2024-05-17,SKU-1033,个护清洁,华东一仓,15.0,87,226,41.66
2024-05-17,SKU-1034,服饰,华东一仓,44.0,31,83,48.16
2024-05-17,SKU-1035,数码配件,华南二仓,54.0,46,98,31.10
2024-05-17,SKU-1036,家居百货,华北三仓,36.0,40,194,97.64
2024-05-18,SKU-1001,家居百货,华南二仓,42.0,29,194,121.27
2024-05-18,SKU-1002,食品饮料,华北三仓,44.0,57,193,¥66.65
2024-05-18,SKU-1003,个护清洁,华北三仓,16.0,96,184,¥16.03
2024-05-18,SKU-1004,服饰,华北三仓,110.0,11,318,¥112.13
2024-05-18,SKU-1005,数码配件,华东一仓,27.0,17,244,47.33
2024-05-18,SKU-1006,家居百货,华南二仓,26.0,77,275,¥28.47
2024-05-18,SKU-1007,食品饮料,华南二仓,90.0,88,221,24.12
2024-05-18,SKU-1008,个护清洁,华北三仓,23.0,42,59,146.92
2024-05-18,SKU-1009,服饰,华东一仓,32.0,29,51,¥82.47
2024-05-18,SKU-1010,数码配件,华北三仓,98.0,91,146,¥156.25
2024-05-18,SKU-1011,家居百货,华北三仓,112.0,96,150,27.50
2024-05-18,SKU-1012,食品饮料,华北三仓,72.0,98,259,¥77.09
2024-05-18,SKU-1013,个护清洁,华北三仓,44.0,78,143,¥65.09
2024-05-18,SKU-1014,服饰,华南二仓,42.0,31,139,12.95
2024-05-18,SKU-1015,数码配件,华北三仓,74.0,48,37,94.75
2024-05-18,SKU-1016,家居百货,华东一仓,71.0,22,220,¥113.99
2024-05-18,SKU-1017,食品饮料,华北三仓,71.0,78,103,112.77
2024-05-18,SKU-1018,个护清洁,华北三仓,47.0,68,60,¥107.38
2024-05-18,SKU-1019,服饰,华北三仓,114.0,29,150,33.16
2024-05-18,SKU-1020,数码配件,华东一仓,12.0,56,140,¥144.71
2024-05-18,SKU-1021,家居百货,华南二仓,81.0,75,124,122.72
2024-05-18,SKU-1022,食品饮料,华南二仓,60.0,55,26,15.53
2024-05-18,SKU-1023,个护清洁,华南二仓,88.0,26,125,¥10.64
2024-05-18,SKU-1024,服饰,华南二仓,56.0,91,34,140.61
2024-05-18,SKU-1025,数码配件,华南二仓,42.0,74,293,149.52
2024-05-18,SKU-1026,家居百货,华北三仓,106.0,19,61,123.08
2024-05-18,SKU-1027,食品饮料,华东一仓,18.0,27,86,124.16
2024-05-18,SKU-1028,个护清洁,华东一仓,112.0,54,266,57.18
2024-05-18,SKU-1029,服饰,华北三仓,112.0,49,159,156.05
2024-05-18,SKU-1030,数码配件,华南二仓,82.0,15,286,¥18.59
2024-05-18,SKU-1031,家居百货,华南二仓,36.0,11,179,¥140.57
2024-05-18,SKU-1032,食品饮料,华北三仓,52.0,68,183,¥81.93
2024-05-18,SKU-1033,个护清洁,华东一仓,85.0,18,284,22.23
2024-05-18,SKU-1034,服饰,华南二仓,88.0,37,264,47.81
2024-05-18,SKU-1035,数码配件,华东一仓,35.0,15,264,¥135.65
2024-05-18,SKU-1036,家居百货,华北三仓,100.0,1,221,130.54
2024-05-19,SKU-1001,家居百货,华东一仓,97.0,0,192,134.07
2024-05-19,SKU-1002,食品饮料,华南二仓,50.0,92,53,¥121.74
2024-05-19,SKU-1003,个护清洁,华东一仓,58.0,44,274,92.61
2024-05-19,SKU-1004,服饰,华北三仓,97.0,74,311,30.74
2024-05-19,SKU-1005,数码配件,华南二仓,65.0,11,43,137.73
2024-05-19,SKU-1006,家居百货,华南二仓,52.0,40,82,¥46.48
2024-05-19,SKU-1007,食品饮料,华南二仓,38.0,79,217,36.46
2024-05-19,SKU-1008,个护清洁,华东一仓,71.0,98,162,¥147.70
2024-05-19,SKU-1009,服饰,华东一仓,38.0,85,174,139.47
2024-05-19,SKU-1010,数码配件,华东一仓,61.0,21,260,100.01
2024-05-19,SKU-1011,家居百货,华东一仓,80.0,45,241,31.89
2024-05-19,SKU-1012,食品饮料,华东一仓,77.0,16,178,115.30
2024-05-19,SKU-1013,个护清洁,华北三仓,100.0,8,202,33.67
2024-05-19,SKU-1014,服饰,华南二仓,52.0,54,66,110.82
2024-05-19,SKU-1015,数码配件,华南二仓,29.0,8,285,95.25
2024-05-19,SKU-1016,家居百货,华北三仓,34.0,70,122,80.55
2024-05-19,SKU-1017,食品饮料,华北三仓,24.0,90,171,70.22
2024-05-19,SKU-1018,个护清洁,华南二仓,64.0,56,51,40.94
2024-05-19,SKU-1019,服饰,华东一仓,69.0,68,98,¥52.09
2024-05-19,SKU-1020,数码配件,华南二仓,50.0,80,185,101.69
2024-05-19,SKU-1021,家居百货,华南二仓,18.0,66,165,¥45.70
2024-05-19,SKU-1022,食品饮料,华东一仓,34.0,6,276,92.25
2024-05-19,SKU-1023,个护清洁,华南二仓,61.0,15,304,60.63
2024-05-19,SKU-1024,服饰,华东一仓,84.0,6,300,86.61
2024-05-19,SKU-1025,数码配件,华东一仓,97.0,3,163,¥148.84
2024-05-19,SKU-1026,家居百货,华北三仓,58.0,96,149,134.29
2024-05-19,SKU-1027,食品饮料,华北三仓,25.0,90,67,21.10
2024-05-19,SKU-1028,个护清洁,华北三仓,49.0,38,275,110.44
2024-05-19,SKU-1029,服饰,华北三仓,60.0,83,267,130.65
2024-05-19,SKU-1030,数码配件,华南二仓,34.0,5,204,110.68
2024-05-19,SKU-1031,家居百货,华南二仓,104.0,47,112,¥68.38
2024-05-19,SKU-1032,食品饮料,华北三仓,64.0,87,98,100.72
2024-05-19,SKU-1033,个护清洁,华东一仓,108.0,77,276,¥35.80
2024-05-19,SKU-1034,服饰,华南二仓,25.0,93,289,24.89
2024-05-19,SKU-1035,数码配件,华东一仓,116.0,41,169,¥55.84
2024-05-19,SKU-1036,家居百货,华南二仓,100.0,5,277,82.44
2024-05-20,SKU-1001,家居百货,华东一仓,75.0,29,309,159.10
2024-05-20,SKU-1002,食品饮料,华东一仓,7.0,70,176,58.93
2024-05-20,SKU-1003,个护清洁,华北三仓,65.0,74,212,153.96
2024-05-20,SKU-1004,服饰,华东一仓,17.0,40,29,¥47.97
2024-05-20,SKU-1005,数码配件,华东一仓,57.0,86,188,94.33
2024-05-20,SKU-1006,家居百货,华北三仓,65.0,15,243,¥27.33
2024-05-20,SKU-1007,食品饮料,华南二仓,74.0,51,123,62.66
2024-05-20,SKU-1008,个护清洁,华南二仓,98.0,37,297,11.52
2024-05-20,SKU-1009,服饰,华北三仓,21.0,71,189,56.96
2024-05-20,SKU-1010,数码配件,华东一仓,42.0,10,285,97.33
2024-05-20,SKU-1011,家居百货,华北三仓,107.0,9,116,52.30
2024-05-20,SKU-1012,食品饮料,华东一仓,4.0,74,241,¥118.83
2024-05-20,SKU-1013,个护清洁,华北三仓,60.0,33,88,71.69
2024-05-20,SKU-1014,服饰,华北三仓,99.0,71,318,107.32
2024-05-20,SKU-1015,数码配件,华南二仓,100.0,45,106,¥42.03
2024-05-20,SKU-1016,家居百货,华东一仓,47.0,93,172,12.01
2024-05-20,SKU-1017,食品饮料,华北三仓,41.0,71,308,¥71.24
2024-05-20,SKU-1018,个护清洁,华北三仓,77.0,45,46,¥67.71
2024-05-20,SKU-1019,服饰,华北三仓,2.0,27,190,¥111.93
2024-05-20,SKU-1020,数码配件,华南二仓,74.0,33,142,¥94.75
2024-05-20,SKU-1021,家居百货,华南二仓,7.0,44,62,64.20
2024-05-20,SKU-1022,食品饮料,华东一仓,91.0,22,108,15.78
2024-05-20,SKU-1023,个护清洁,华北三仓,5.0,28,24,¥89.01
2024-05-20,SKU-1024,服饰,华北三仓,49.0,15,204,61.30
2024-05-20,SKU-1025,数码配件,华南二仓,27.0,44,152,29.25
2024-05-20,SKU-1026,家居百货,华北三仓,0.0,47,189,98.63
2024-05-20,SKU-1027,食品饮料,华东一仓,51.0,25,314,52.68
2024-05-20,SKU-1028,个护清洁,华北三仓,72.0,84,97,152.16
2024-05-20,SKU-1029,服饰,华东一仓,83.0,62,285,39.74
2024-05-20,SKU-1030,数码配件,华南二仓,74.0,3,121,¥58.53
2024-05-20,SKU-1031,家居百货,华东一仓,105.0,75,133,20.99
2024-05-20,SKU-1032,食品饮料,华南二仓,51.0,51,114,152.05
2024-05-20,SKU-1033,个护清洁,华北三仓,34.0,36,52,¥109.83
2024-05-20,SKU-1034,服饰,华东一仓,117.0,68,107,117.70
2024-05-20,SKU-1035,数码配件,华东一仓,47.0,0,139,¥151.02
2024-05-20,SKU-1036,家居百货,华南二仓,61.0,16,96,114.80
2024-05-21,SKU-1001,家居百货,华北三仓,30.0,19,87,15.46
2024-05-21,SKU-1002,食品饮料,华南二仓,45.0,60,20,19.93
2024-05-21,SKU-1003,个护清洁,华东一仓,112.0,5,247,118.02
2024-05-21,SKU-1004,服饰,华北三仓,87.0,54,233,144.92
2024-05-21,SKU-1005,数码配件,华南二仓,112.0,73,218,92.38
2024-05-21,SKU-1006,家居百货,华北三仓,57.0,77,289,92.42
2024-05-21,SKU-1007,食品饮料,华东一仓,54.0,70,112,145.31
2024-05-21,SKU-1008,个护清洁,华南二仓,119.0,48,121,16.85
2024-05-21,SKU-1009,服饰,华东一仓,10.0,37,228,159.99
2024-05-21,SKU-1010,数码配件,华北三仓,47.0,77,316,21.65
2024-05-21,SKU-1011,家居百货,华东一仓,19.0,88,177,152.90
2024-05-21,SKU-1012,食品饮料,华东一仓,29.0,89,58,25.64
2024-05-21,SKU-1013,个护清洁,华南二仓,118.0,29,139,28.70
2024-05-21,SKU-1014,服饰,华南二仓,3.0,67,119,68.17
2024-05-21,SKU-1015,数码配件,华北三仓,84.0,79,27,63.99
2024-05-21,SKU-1016,家居百货,华东一仓,110.0,11,204,32.89
2024-05-21,SKU-1017,食品饮料,华东一仓,115.0,26,202,¥108.71
2024-05-21,SKU-1018,个护清洁,华南二仓,60.0,24,112,32.69
2024-05-21,SKU-1019,服饰,华北三仓,109.0,69,211,¥112.37
2024-05-21,SKU-1020,数码配件,华北三仓,53.0,12,156,139.41
2024-05-21,SKU-1021,家居百货,华东一仓,66.0,12,142,82.76
2024-05-21,SKU-1022,食品饮料,华南二仓,31.0,17,114,135.08
2024-05-21,SKU-1023,个护清洁,华北三仓,55.0,99,87,80.09
2024-05-21,SKU-1024,服饰,华北三仓,54.0,88,171,51.10
2024-05-21,SKU-1025,数码配件,华北三仓,59.0,28,280,¥74.83
2024-05-21,SKU-1026,家居百货,华南二仓,71.0,25,83,19.21
2024-05-21,SKU-1027,食品饮料,华北三仓,38.0,54,311,¥16.43
2024-05-21,SKU-1028,个护清洁,华北三仓,88.0,4,225,74.18
2024-05-21,SKU-1029,服饰,华北三仓,82.0,85,169,¥67.41
2024-05-21,SKU-1030,数码配件,华南二仓,88.0,3,160,66.81
2024-05-21,SKU-1031,家居百货,华北三仓,8.0,98,211,¥98.89
2024-05-21,SKU-1032,食品饮料,华北三仓,24.0,25,289,90.84
2024-05-21,SKU-1033,个护清洁,华东一仓,13.0,28,124,25.51
2024-05-21,SKU-1034,服饰,华东一仓,102.0,16,20,47.34
2024-05-21,SKU-1035,数码配件,华南二仓,19.0,54,88,145.91
2024-05-21,SKU-1036,家居百货,华东一仓,36.0,48,22,33.43
2024-05-22,SKU-1001,家居百货,华北三仓,90.0,75,25,153.19
2024-05-22,SKU-1002,食品饮料,华东一仓,57.0,35,161,86.43
2024-05-22,SKU-1003,个护清洁,华北三仓,33.0,98,278,42.90
2024-05-22,SKU-1004,服饰,华东一仓,15.0,36,30,¥140.12
2024-05-22,SKU-1005,数码配件,华东一仓,112.0,76,157,46.59
2024-05-22,SKU-1006,家居百货,华南二仓,72.0,34,-355,¥155.60
2024-05-22,SKU-1007,食品饮料,华东一仓,56.0,15,164,133.84
2024-05-22,SKU-1008,个护清洁,华南二仓,101.0,24,90,41.77
2024-05-22,SKU-1009,服饰,华东一仓,47.0,21,246,43.73
2024-05-22,SKU-1010,数码配件,华东一仓,9.0,97,63,64.16
2024-05-22,SKU-1011,家居百货,华东一仓,24.0,38,128,126.32
2024-05-22,SKU-1012,食品饮料,华东一仓,24.0,95,201,¥52.80
2024-05-22,SKU-1013,个护清洁,华北三仓,107.0,41,64,31.99
2024-05-22,SKU-1014,服饰,华东一仓,23.0,87,36,¥59.48
2024-05-22,SKU-1015,数码配件,华北三仓,74.0,47,309,35.21
2024-05-22,SKU-1016,家居百货,华南二仓,25.0,35,97,151.32
2024-05-22,SKU-1017,食品饮料,华东一仓,106.0,6,129,¥158.69
2024-05-22,SKU-1018,个护清洁,华东一仓,45.0,37,72,¥49.31
2024-05-22,SKU-1019,服饰,华北三仓,78.0,38,205,16.46
2024-05-22,SKU-1020,数码配件,华北三仓,102.0,68,134,¥104.49
2024-05-22,SKU-1021,家居百货,华南二仓,112.0,89,130,34.32
2024-05-22,SKU-1022,食品饮料,华南二仓,92.0,3,165,150.84
2024-05-22,SKU-1023,个护清洁,华南二仓,78.0,54,312,93.62
2024-05-22,SKU-1024,服饰,华东一仓,79.0,43,52,108.15
2024-05-22,SKU-1025,数码配件,华北三仓,55.0,22,200,¥99.95
2024-05-22,SKU-1026,家居百货,华北三仓,55.0,7,318,¥138.83
2024-05-22,SKU-1027,食品饮料,华北三仓,31.0,44,59,60.90
2024-05-22,SKU-1028,个护清洁,华南二仓,38.0,5,90,68.04
2024-05-22,SKU-1029,服饰,华南二仓,24.0,37,65,140.69
2024-05-22,SKU-1030,数码配件,华南二仓,50.0,66,129,135.54
2024-05-22,SKU-1031,家居百货,华北三仓,115.0,21,111,13.37
2024-05-22,SKU-1032,食品饮料,华北三仓,86.0,83,40,27.16
2024-05-22,SKU-1033,个护清洁,华东一仓,26.0,94,55,¥132.35
2024-05-22,SKU-1034,服饰,华北三仓,98.0,69,271,112.28
2024-05-22,SKU-1035,数码配件,华北三仓,87.0,52,145,37.96
2024-05-22,SKU-1036,家居百货,华北三仓,47.0,2,200,148.68
2024-05-23,SKU-1001,家居百货,华南二仓,119.0,48,282,28.53
2024-05-23,SKU-1002,食品饮料,华东一仓,51.0,19,109,¥15.42
2024-05-23,SKU-1003,个护清洁,华南二仓,4.0,25,32,53.77
2024-05-23,SKU-1004,服饰,华东一仓,43.0,28,232,¥154.98
2024-05-23,SKU-1005,数码配件,华东一仓,98.0,16,264,152.84
2024-05-23,SKU-1006,家居百货,华北三仓,21.0,14,159,137.97
2024-05-23,SKU-1007,食品饮料,华北三仓,81.0,94,314,76.16
2024-05-23,SKU-1008,个护清洁,华北三仓,53.0,17,273,120.59
2024-05-23,SKU-1009,服饰,华东一仓,113.0,97,267,150.06
2024-05-23,SKU-1010,数码配件,华北三仓,83.0,37,186,¥119.84
2024-05-23,SKU-1011,家居百货,华东一仓,30.0,87,292,64.87
2024-05-23,SKU-1012,食品饮料,华南二仓,106.0,32,254,159.03
2024-05-23,SKU-1013,个护清洁,华北三仓,6.0,39,315,81.81
2024-05-23,SKU-1014,服饰,华北三仓,89.0,28,259,120.54
2024-05-23,SKU-1015,数码配件,华北三仓,83.0,34,242,76.44
2024-05-23,SKU-1016,家居百货,华南二仓,22.0,57,219,42.08
2024-05-23,SKU-1017,食品饮料,华东一仓,79.0,16,306,42.95
2024-05-23,SKU-1018,个护清洁,华南二仓,49.0,61,107,90.72
2024-05-23,SKU-1019,服饰,华南二仓,116.0,2,276,28.66
2024-05-23,SKU-1020,数码配件,华南二仓,0.0,28,233,56.03
2024-05-23,SKU-1021,家居百货,华北三仓,39.0,64,143,¥155.76
2024-05-23,SKU-1022,食品饮料,华南二仓,96.0,85,276,¥26.16
2024-05-23,SKU-1023,个护清洁,华东一仓,19.0,80,98,143.54
2024-05-23,SKU-1024,服饰,华南二仓,79.0,31,240,¥134.40
2024-05-23,SKU-1025,数码配件,华北三仓,87.0,19,96,95.27
2024-05-23,SKU-1026,家居百货,华南二仓,38.0,67,249,73.70
2024-05-23,SKU-1027,食品饮料,华南二仓,39.0,74,206,130.31
2024-05-23,SKU-1028,个护清洁,华南二仓,48.0,33,124,156.46
2024-05-23,SKU-1029,服饰,华北三仓,92.0,82,97,¥137.62
2024-05-23,SKU-1030,数码配件,华东一仓,111.0,84,100,¥16.29
2024-05-23,SKU-1031,家居百货,华北三仓,66.0,86,132,16.44
2024-05-23,SKU-1032,食品饮料,华东一仓,80.0,48,172,14.06
2024-05-23,SKU-1033,个护清洁,华北三仓,115.0,92,315,15.74
2024-05-23,SKU-1034,服饰,华南二仓,95.0,23,130,107.67
2024-05-23,SKU-1035,数码配件,华南二仓,96.0,53,64,45.46
2024-05-23,SKU-1036,家居百货,华东一仓,19.0,33,148,23.08
2024-05-24,SKU-1001,家居百货,华南二仓,34.0,26,252,¥120.17
2024-05-24,SKU-1002,食品饮料,华东一仓,93.0,65,215,¥71.83
2024-05-24,SKU-1003,个护清洁,华东一仓,90.0,13,26,125.66
2024-05-24,SKU-1004,服饰,华北三仓,99.0,45,164,123.85
2024-05-24,SKU-1005,数码配件,华北三仓,29.0,29,24,15.78
2024-05-24,SKU-1006,家居百货,华东一仓,62.0,51,154,71.35
2024-05-24,SKU-1007,食品饮料,华北三仓,89.0,39,91,128.78
2024-05-24,SKU-1008,个护清洁,华南二仓,94.0,56,147,94.28
2024-05-24,SKU-1009,服饰,华南二仓,72.0,52,129,10.54
2024-05-24,SKU-1010,数码配件,华东一仓,114.0,80,58,91.21
2024-05-24,SKU-1011,家居百货,华北三仓,78.0,65,249,114.55
2024-05-24,SKU-1012,食品饮料,华南二仓,15.0,86,79,113.59
2024-05-24,SKU-1013,个护清洁,华北三仓,7.0,28,162,126.37
2024-05-24,SKU-1014,服饰,华南二仓,109.0,14,143,¥36.53
2024-05-24,SKU-1015,数码配件,华南二仓,98.0,67,256,46.06
2024-05-24,SKU-1016,家居百货,华南二仓,83.0,18,249,¥41.16
2024-05-24,SKU-1017,食品饮料,华东一仓,52.0,18,294,121.41
2024-05-24,SKU-1018,个护清洁,华北三仓,35.0,64,106,¥112.87
2024-05-24,SKU-1019,服饰,华北三仓,37.0,5,319,94.59
2024-05-24,SKU-1020,数码配件,华南二仓,59.0,63,293,¥19.69
2024-05-24,SKU-1021,家居百货,华北三仓,87.0,19,282,123.30
2024-05-24,SKU-1022,食品饮料,华北三仓,59.0,21,256,¥135.15
2024-05-24,SKU-1023,个护清洁,华东一仓,55.0,36,317,¥134.84
2024-05-24,SKU-1024,服饰,华南二仓,46.0,77,315,106.72
2024-05-24,SKU-1025,数码配件,华东一仓,27.0,13,84,¥104.92
2024-05-24,SKU-1026,家居百货,华南二仓,29.0,88,275,99.44
2024-05-24,SKU-1027,食品饮料,华东一仓,15.0,72,114,141.27
2024-05-24,SKU-1028,个护清洁,华南二仓,11.0,11,233,21.31
2024-05-24,SKU-1029,服饰,华东一仓,19.0,41,182,¥93.43
2024-05-24,SKU-1030,数码配件,华东一仓,43.0,29,173,¥147.65
2024-05-24,SKU-1031,家居百货,华南二仓,83.0,33,169,115.39
2024-05-24,SKU-1032,食品饮料,华东一仓,11.0,70,228,¥100.89
2024-05-24,SKU-1033,个护清洁,华东一仓,54.0,87,302,33.35
2024-05-24,SKU-1034,服饰,华北三仓,16.0,70,122,50.94
2024-05-24,SKU-1035,数码配件,华北三仓,68.0,5,241,87.99
2024-05-24,SKU-1036,家居百货,华北三仓,92.0,13,248,99.30
2024-05-25,SKU-1001,家居百货,华东一仓,36.0,75,219,71.62
2024-05-25,SKU-1002,食品饮料,华北三仓,106.0,27,267,27.09
2024-05-25,SKU-1003,个护清洁,华北三仓,42.0,51,102,¥146.15
2024-05-25,SKU-1004,服饰,华南二仓,80.0,56,20,113.76
2024-05-25,SKU-1005,数码配件,华南二仓,2.0,57,131,66.19
2024-05-25,SKU-1006,家居百货,华东一仓,23.0,23,75,94.54
2024-05-25,SKU-1007,食品饮料,华东一仓,117.0,4,70,130.77
2024-05-25,SKU-1008,个护清洁,华东一仓,45.0,19,152,61.11
2024-05-25,SKU-1009,服饰,华东一仓,106.0,49,258,131.24
2024-05-25,SKU-1010,数码配件,华北三仓,62.0,37,101,¥103.74
2024-05-25,SKU-1011,家居百货,华北三仓,19.0,69,144,¥146.60
2024-05-25,SKU-1012,食品饮料,华南二仓,55.0,59,238,¥84.51
2024-05-25,SKU-1013,个护清洁,华南二仓,29.0,52,52,18.41
2024-05-25,SKU-1014,服饰,华南二仓,82.0,51,171,122.65
2024-05-25,SKU-1015,数码配件,华北三仓,4.0,62,75,23.33
2024-05-25,SKU-1016,家居百货,华东一仓,42.0,94,40,39.74
2024-05-25,SKU-1017,食品饮料,华北三仓,,81,206,121.88
2024-05-25,SKU-1018,个护清洁,华东一仓,84.0,88,48,59.91
2024-05-25,SKU-1019,服饰,华南二仓,39.0,59,71,¥157.95
2024-05-25,SKU-1020,数码配件,华东一仓,91.0,96,221,79.34
2024-05-25,SKU-1021,家居百货,华东一仓,,60,316,¥58.36
2024-05-25,SKU-1022,食品饮料,华南二仓,62.0,23,307,118.21
2024-05-25,SKU-1023,个护清洁,华东一仓,48.0,72,209,22.73
2024-05-25,SKU-1024,服饰,华东一仓,95.0,73,223,¥94.51
2024-05-25,SKU-1025,数码配件,华南二仓,74.0,75,88,101.60
2024-05-25,SKU-1026,家居百货,华南二仓,83.0,46,204,101.27
2024-05-25,SKU-1027,食品饮料,华东一仓,83.0,39,116,78.70
2024-05-25,SKU-1028,个护清洁,华东一仓,84.0,12,196,¥120.89
2024-05-25,SKU-1029,服饰,华北三仓,10.0,37,22,¥65.04
2024-05-25,SKU-1030,数码配件,华东一仓,115.0,36,259,96.85
2024-05-25,SKU-1031,家居百货,华北三仓,99.0,25,279,140.99
2024-05-25,SKU-1032,食品饮料,华东一仓,16.0,17,112,¥22.81
2024-05-25,SKU-1033,个护清洁,华东一仓,119.0,29,46,¥40.65
2024-05-25,SKU-1034,服饰,华北三仓,111.0,35,156,155.37
2024-05-25,SKU-1035,数码配件,华北三仓,84.0,49,282,26.96
2024-05-25,SKU-1036,家居百货,华南二仓,24.0,49,132,¥116.88
2024-05-26,SKU-1001,家居百货,华东一仓,10.0,44,59,11.19
2024-05-26,SKU-1002,食品饮料,华东一仓,38.0,70,140,¥104.62
2024-05-26,SKU-1003,个护清洁,华东一仓,37.0,13,225,¥20.61
2024-05-26,SKU-1004,服饰,华南二仓,78.0,78,228,53.75
2024-05-26,SKU-1005,数码配件,华东一仓,56.0,3,162,97.19
2024-05-26,SKU-1006,家居百货,华南二仓,16.0,76,169,61.12
2024-05-26,SKU-1007,食品饮料,华南二仓,98.0,62,267,62.68
2024-05-26,SKU-1008,个护清洁,华南二仓,15.0,68,64,¥105.47
2024-05-26,SKU-1009,服饰,华南二仓,0.0,62,151,37.83
2024-05-26,SKU-1010,数码配件,华北三仓,81.0,8,23,90.69
2024-05-26,SKU-1011,家居百货,华北三仓,96.0,74,100,104.94
2024-05-26,SKU-1012,食品饮料,华北三仓,33.0,40,53,¥154.37
2024-05-26,SKU-1013,个护清洁,华南二仓,22.0,58,130,155.18
2024-05-26,SKU-1014,服饰,华北三仓,59.0,11,239,99.76
2024-05-26,SKU-1015,数码配件,华北三仓,36.0,13,260,50.04
2024-05-26,SKU-1016,家居百货,华南二仓,57.0,29,277,58.47
2024-05-26,SKU-1017,食品饮料,华南二仓,12.0,6,73,124.97
2024-05-26,SKU-1018,个护清洁,华北三仓,56.0,66,161,¥115.72
2024-05-26,SKU-1019,服饰,华南二仓,26.0,70,286,28.75
2024-05-26,SKU-1020,数码配件,华南二仓,95.0,61,46,132.43
2024-05-26,SKU-1021,家居百货,华东一仓,16.0,90,68,¥54.48
2024-05-26,SKU-1022,食品饮料,华北三仓,114.0,18,306,¥46.68
2024-05-26,SKU-1023,个护清洁,华南二仓,25.0,49,135,110.41
2024-05-26,SKU-1024,服饰,华东一仓,62.0,32,309,142.92
2024-05-26,SKU-1025,数码配件,华南二仓,29.0,15,298,¥34.73
2024-05-26,SKU-1026,家居百货,华南二仓,18.0,35,43,109.17
2024-05-26,SKU-1027,食品饮料,华东一仓,57.0,62,151,68.04
2024-05-26,SKU-1028,个护清洁,华东一仓,51.0,4,131,95.11
2024-05-26,SKU-1029,服饰,华北三仓,100.0,46,185,57.53
2024-05-26,SKU-1030,数码配件,华南二仓,34.0,72,94,¥8.92
2024-05-26,SKU-1031,家居百货,华北三仓,22.0,21,154,85.88
2024-05-26,SKU-1032,食品饮料,华北三仓,55.0,32,81,59.06
2024-05-26,SKU-1033,个护清洁,华东一仓,113.0,74,158,¥140.80
2024-05-26,SKU-1034,服饰,华东一仓,63.0,10,155,¥145.43
2024-05-26,SKU-1035,数码配件,华东一仓,31.0,57,22,¥16.51
2024-05-26,SKU-1036,家居百货,华北三仓,76.0,78,257,¥66.65
2024-05-27,SKU-1001,家居百货,华南二仓,7.0,85,117,¥83.57
2024-05-27,SKU-1002,食品饮料,华南二仓,63.0,40,235,¥109.94
2024-05-27,SKU-1003,个护清洁,华南二仓,49.0,70,62,141.10
2024-05-27,SKU-1004,服饰,华南二仓,114.0,69,33,141.00
2024-05-27,SKU-1005,数码配件,华东一仓,13.0,73,186,36.45
2024-05-27,SKU-1006,家居百货,华北三仓,113.0,2,113,34.04
2024-05-27,SKU-1007,食品饮料,华北三仓,43.0,6,85,114.97
2024-05-27,SKU-1008,个护清洁,华北三仓,34.0,68,188,9.08
2024-05-27,SKU-1009,服饰,华北三仓,,88,134,¥64.44
2024-05-27,SKU-1010,数码配件,华东一仓,42.0,60,29,151.72
2024-05-27,SKU-1011,家居百货,华东一仓,35.0,71,36,¥104.76
2024-05-27,SKU-1012,食品饮料,华东一仓,2.0,64,211,113.63
2024-05-27,SKU-1013,个护清洁,华东一仓,59.0,22,23,48.51
2024-05-27,SKU-1014,服饰,华南二仓,106.0,54,98,24.48
2024-05-27,SKU-1015,数码配件,华南二仓,88.0,45,63,¥76.01
2024-05-27,SKU-1016,家居百货,华北三仓,5.0,66,258,26.25
2024-05-27,SKU-1017,食品饮料,华北三仓,71.0,73,238,21.77
2024-05-27,SKU-1018,个护清洁,华东一仓,102.0,75,105,43.99
2024-05-27,SKU-1019,服饰,华东一仓,113.0,67,196,139.32
2024-05-27,SKU-1020,数码配件,华北三仓,43.0,16,50,¥56.91
2024-05-27,SKU-1021,家居百货,华东一仓,80.0,42,271,49.60
2024-05-27,SKU-1022,食品饮料,华北三仓,106.0,26,73,¥138.55
2024-05-27,SKU-1023,个护清洁,华南二仓,17.0,39,309,31.29
2024-05-27,SKU-1024,服饰,华北三仓,53.0,58,151,89.93
2024-05-27,SKU-1025,数码配件,华北三仓,60.0,81,274,85.57
2024-05-27,SKU-1026,家居百货,华北三仓,106.0,91,240,111.35
2024-05-27,SKU-1027,食品饮料,华北三仓,62.0,69,241,¥81.19
2024-05-27,SKU-1028,个护清洁,华南二仓,26.0,98,290,¥54.13
2024-05-27,SKU-1029,服饰,华东一仓,48.0,79,201,30.99
2024-05-27,SKU-1030,数码配件,华南二仓,49.0,80,307,82.44
2024-05-27,SKU-1031,家居百货,华北三仓,88.0,98,304,20.12
2024-05-27,SKU-1032,食品饮料,华北三仓,81.0,92,90,33.83
2024-05-27,SKU-1033,个护清洁,华东一仓,58.0,24,71,¥63.99
2024-05-27,SKU-1034,服饰,华东一仓,28.0,0,293,45.53
2024-05-27,SKU-1035,数码配件,华东一仓,83.0,77,33,¥133.12
2024-05-27,SKU-1036,家居百货,华南二仓,80.0,95,37,136.99
2024-05-28,SKU-1001,家居百货,华东一仓,83.0,83,115,¥100.67
2024-05-28,SKU-1002,食品饮料,华东一仓,5.0,96,198,33.73
2024-05-28,SKU-1003,个护清洁,华东一仓,14.0,63,176,46.92
2024-05-28,SKU-1004,服饰,华东一仓,13.0,99,232,21.27
2024-05-28,SKU-1005,数码配件,华北三仓,117.0,10,265,¥125.72
2024-05-28,SKU-1006,家居百货,华北三仓,117.0,5,143,62.95
2024-05-28,SKU-1007,食品饮料,华北三仓,99.0,86,301,84.77
2024-05-28,SKU-1008,个护清洁,华北三仓,27.0,47,296,¥146.46
2024-05-28,SKU-1009,服饰,华南二仓,14.0,81,162,72.28
2024-05-28,SKU-1010,数码配件,华东一仓,88.0,46,108,120.73
2024-05-28,SKU-1011,家居百货,华东一仓,85.0,11,132,124.00
2024-05-28,SKU-1012,食品饮料,华南二仓,91.0,0,255,¥102.19
2024-05-28,SKU-1013,个护清洁,华北三仓,90.0,19,151,118.77
2024-05-28,SKU-1014,服饰,华北三仓,93.0,59,173,30.95
2024-05-28,SKU-1015,数码配件,华北三仓,59.0,86,312,156.34
2024-05-28,SKU-1016,家居百货,华北三仓,39.0,83,40,101.12
2024-05-28,SKU-1017,食品饮料,华南二仓,76.0,4,40,117.32
2024-05-28,SKU-1018,个护清洁,华东一仓,102.0,65,266,¥125.19
2024-05-28,SKU-1019,服饰,华东一仓,39.0,54,203,36.45
2024-05-28,SKU-1020,数码配件,华北三仓,118.0,51,310,¥100.11
2024-05-28,SKU-1021,家居百货,华东一仓,28.0,52,220,79.62
2024-05-28,SKU-1022,食品饮料,华东一仓,119.0,77,90,¥68.36
2024-05-28,SKU-1023,个护清洁,华南二仓,53.0,80,130,¥97.41
2024-05-28,SKU-1024,服饰,华东一仓,82.0,4,258,61.36
2024-05-28,SKU-1025,数码配件,华东一仓,112.0,78,210,129.26
2024-05-28,SKU-1026,家居百货,华东一仓,28.0,39,67,41.23
2024-05-28,SKU-1027,食品饮料,华北三仓,51.0,65,286,¥56.23
2024-05-28,SKU-1028,个护清洁,华北三仓,86.0,97,289,¥43.12
2024-05-28,SKU-1029,服饰,华南二仓,112.0,91,41,¥10.17
2024-05-28,SKU-1030,数码配件,华南二仓,90.0,20,148,17.69
2024-05-28,SKU-1031,家居百货,华北三仓,26.0,25,81,¥115.22
2024-05-28,SKU-1032,食品饮料,华北三仓,58.0,27,139,41.01
2024-05-28,SKU-1033,个护清洁,华东一仓,50.0,8,154,¥93.50
2024-05-28,SKU-1034,服饰,华北三仓,94.0,89,55,134.57
2024-05-28,SKU-1035,数码配件,华北三仓,8.0,19,118,¥69.00
2024-05-28,SKU-1036,家居百货,华东一仓,88.0,23,67,¥133.96
2024-05-29,SKU-1001,家居百货,华南二仓,9.0,76,28,151.79
2024-05-29,SKU-1002,食品饮料,华北三仓,29.0,12,280,¥44.67
2024-05-29,SKU-1003,个护清洁,华南二仓,83.0,52,78,¥52.06
2024-05-29,SKU-1004,服饰,华北三仓,99.0,15,283,82.42
2024-05-29,SKU-1005,数码配件,华东一仓,83.0,10,127,34.73
2024-05-29,SKU-1006,家居百货,华北三仓,75.0,61,278,15.60
2024-05-29,SKU-1007,食品饮料,华北三仓,59.0,18,94,106.99
2024-05-29,SKU-1008,个护清洁,华东一仓,37.0,56,244,¥99.93
2024-05-29,SKU-1009,服饰,华北三仓,63.0,73,234,¥73.18
2024-05-29,SKU-1010,数码配件,华南二仓,80.0,82,162,36.81
2024-05-29,SKU-1011,家居百货,华南二仓,45.0,15,173,121.15
2024-05-29,SKU-1012,食品饮料,华东一仓,7.0,19,109,25.29
2024-05-29,SKU-1013,个护清洁,华北三仓,108.0,29,155,117.24
2024-05-29,SKU-1014,服饰,华北三仓,95.0,66,176,114.48
2024-05-29,SKU-1015,数码配件,华北三仓,94.0,81,270,142.52
2024-05-29,SKU-1016,家居百货,华北三仓,118.0,48,196,141.50
2024-05-29,SKU-1017,食品饮料,华南二仓,103.0,65,35,139.10
2024-05-29,SKU-1018,个护清洁,华北三仓,55.0,16,154,35.21
2024-05-29,SKU-1019,服饰,华北三仓,65.0,87,236,158.62
2024-05-29,SKU-1020,数码配件,华南二仓,43.0,43,136,57.01
2024-05-29,SKU-1021,家居百货,华南二仓,4.0,59,316,¥9.73
2024-05-29,SKU-1022,食品饮料,华北三仓,30.0,59,316,34.00
2024-05-29,SKU-1023,个护清洁,华东一仓,8.0,76,217,28.33
2024-05-29,SKU-1024,服饰,华南二仓,57.0,36,263,31.24
2024-05-29,SKU-1025,数码配件,华南二仓,21.0,76,167,123.33
2024-05-29,SKU-1026,家居百货,华南二仓,85.0,88,34,143.52
2024-05-29,SKU-1027,食品饮料,华东一仓,6.0,3,167,96.43
2024-05-29,SKU-1028,个护清洁,华北三仓,115.0,91,221,¥102.49
2024-05-29,SKU-1029,服饰,华东一仓,102.0,24,118,140.63
2024-05-29,SKU-1030,数码配件,华南二仓,25.0,33,36,¥149.77
2024-05-29,SKU-1031,家居百货,华南二仓,20.0,60,182,18.56
2024-05-29,SKU-1032,食品饮料,华南二仓,91.0,2,54,140.22
2024-05-29,SKU-1033,个护清洁,华北三仓,51.0,58,90,¥147.94
2024-05-29,SKU-1034,服饰,华南二仓,44.0,31,161,¥91.49
2024-05-29,SKU-1035,数码配件,华南二仓,115.0,48,219,¥147.67
2024-05-29,SKU-1036,家居百货,华东一仓,51.0,50,224,¥114.78
2024-05-30,SKU-1001,家居百货,华南二仓,13.0,10,190,¥158.24
2024-05-30,SKU-1002,食品饮料,华北三仓,99.0,50,90,153.54
2024-05-30,SKU-1003,个护清洁,华东一仓,42.0,43,67,126.15
2024-05-30,SKU-1004,服饰,华南二仓,8.0,25,211,101.20
2024-05-30,SKU-1005,数码配件,华南二仓,115.0,67,107,¥104.81
2024-05-30,SKU-1006,家居百货,华南二仓,35.0,17,124,21.74
2024-05-30,SKU-1007,食品饮料,华东一仓,3.0,50,131,92.44
2024-05-30,SKU-1008,个护清洁,华南二仓,1.0,99,264,25.42
2024-05-30,SKU-1009,服饰,华南二仓,58.0,41,315,118.67
2024-05-30,SKU-1010,数码配件,华南二仓,39.0,68,74,112.67
2024-05-30,SKU-1011,家居百货,华北三仓,55.0,86,210,81.72
2024-05-30,SKU-1012,食品饮料,华南二仓,15.0,89,176,65.95
2024-05-30,SKU-1013,个护清洁,华南二仓,24.0,79,75,9.13
2024-05-30,SKU-1014,服饰,华南二仓,13.0,13,180,118.99
2024-05-30,SKU-1015,数码配件,华北三仓,51.0,51,27,69.46
2024-05-30,SKU-1016,家居百货,华北三仓,28.0,62,217,155.29
2024-05-30,SKU-1017,食品饮料,华东一仓,29.0,91,37,42.27
2024-05-30,SKU-1018,个护清洁,华南二仓,100.0,79,289,¥28.31
2024-05-30,SKU-1019,服饰,华南二仓,96.0,64,20,48.09
2024-05-30,SKU-1020,数码配件,华北三仓,93.0,62,179,124.26
2024-05-30,SKU-1021,家居百货,华北三仓,103.0,99,91,121.20
2024-05-30,SKU-1022,食品饮料,华北三仓,106.0,69,319,30.22
2024-05-30,SKU-1023,个护清洁,华南二仓,29.0,91,145,74.62
2024-05-30,SKU-1024,服饰,华北三仓,27.0,6,117,158.88
2024-05-30,SKU-1025,数码配件,华北三仓,62.0,56,131,23.67
2024-05-30,SKU-1026,家居百货,华南二仓,39.0,4,101,122.98
2024-05-30,SKU-1027,食品饮料,华北三仓,31.0,81,165,72.89
2024-05-30,SKU-1028,个护清洁,华南二仓,19.0,21,139,106.43
2024-05-30,SKU-1029,服饰,华北三仓,110.0,63,159,8.80
2024-05-30,SKU-1030,数码配件,华南二仓,59.0,95,90,10.89
2024-05-30,SKU-1031,家居百货,华东一仓,,33,117,22.09
2024-05-30,SKU-1032,食品饮料,华北三仓,11.0,19,222,115.11
2024-05-30,SKU-1033,个护清洁,华北三仓,96.0,56,293,48.22
2024-05-30,SKU-1034,服饰,华北三仓,92.0,59,123,¥156.98
2024-05-30,SKU-1035,数码配件,华南二仓,33.0,37,101,59.33
2024-05-30,SKU-1036,家居百货,华南二仓,6.0,33,289,10.74
2024-05-31,SKU-1001,家居百货,华南二仓,1.0,61,162,66.51
2024-05-31,SKU-1002,食品饮料,华东一仓,106.0,95,203,59.53
2024-05-31,SKU-1003,个护清洁,华北三仓,20.0,12,277,136.15
2024-05-31,SKU-1004,服饰,华北三仓,76.0,17,90,66.73
2024-05-31,SKU-1005,数码配件,华南二仓,24.0,85,301,54.74
2024-05-31,SKU-1006,家居百货,华北三仓,93.0,85,83,¥33.80
2024-05-31,SKU-1007,食品饮料,华南二仓,53.0,60,268,139.68
2024-05-31,SKU-1008,个护清洁,华北三仓,52.0,74,59,138.79
2024-05-31,SKU-1009,服饰,华东一仓,16.0,28,91,26.13
2024-05-31,SKU-1010,数码配件,华北三仓,97.0,91,144,29.34
2024-05-31,SKU-1011,家居百货,华北三仓,39.0,61,48,¥151.83
2024-05-31,SKU-1012,食品饮料,华东一仓,20.0,61,171,60.85
2024-05-31,SKU-1013,个护清洁,华北三仓,94.0,44,250,104.26
2024-05-31,SKU-1014,服饰,华东一仓,13.0,49,22,141.99
2024-05-31,SKU-1015,数码配件,华东一仓,57.0,83,109,¥90.29
2024-05-31,SKU-1016,家居百货,华南二仓,11.0,15,94,149.18
2024-05-31,SKU-1017,食品饮料,华东一仓,106.0,59,133,106.48
2024-05-31,SKU-1018,个护清洁,华北三仓,33.0,16,96,15.46
2024-05-31,SKU-1019,服饰,华北三仓,118.0,61,268,130.13
2024-05-31,SKU-1020,数码配件,华南二仓,8.0,40,274,132.62
2024-05-31,SKU-1021,家居百货,华南二仓,67.0,32,273,¥16.14
2024-05-31,SKU-1022,食品饮料,华北三仓,,32,288,¥37.14
2024-05-31,SKU-1023,个护清洁,华北三仓,77.0,84,259,¥100.21
2024-05-31,SKU-1024,服饰,华东一仓,117.0,69,259,14.25
2024-05-31,SKU-1025,数码配件,华东一仓,70.0,62,214,¥42.28
2024-05-31,SKU-1026,家居百货,华南二仓,1.0,95,235,¥72.05
2024-05-31,SKU-1027,食品饮料,华东一仓,41.0,73,52,51.79
2024-05-31,SKU-1028,个护清洁,华东一仓,84.0,15,20,143.85
2024-05-31,SKU-1029,服饰,华南二仓,31.0,92,34,¥39.13
2024-05-31,SKU-1030,数码配件,华北三仓,20.0,60,48,¥23.26
2024-05-31,SKU-1031,家居百货,华南二仓,104.0,41,222,¥89.65
2024-05-31,SKU-1032,食品饮料,华南二仓,87.0,96,281,¥19.70
2024-05-31,SKU-1033,个护清洁,华北三仓,35.0,82,176,145.08
2024-05-31,SKU-1034,服饰,华东一仓,106.0,88,86,92.99
2024-05-31,SKU-1035,数码配件,华南二仓,21.0,66,130,61.10
2024-05-31,SKU-1036,家居百货,华东一仓,8.0,20,59,48.58
2024-06-01,SKU-1001,家居百货,华北三仓,47.0,45,24,100.45
2024-06-01,SKU-1002,食品饮料,华南二仓,95.0,21,26,¥22.19
2024-06-01,SKU-1003,个护清洁,华北三仓,96.0,51,38,¥56.90
2024-06-01,SKU-1004,服饰,华东一仓,73.0,42,197,32.12
2024-06-01,SKU-1005,数码配件,华北三仓,15.0,74,20,80.85
2024-06-01,SKU-1006,家居百货,华北三仓,97.0,41,116,130.91
2024-06-01,SKU-1007,食品饮料,华东一仓,41.0,73,75,¥53.67
2024-06-01,SKU-1008,个护清洁,华东一仓,44.0,10,102,123.65
2024-06-01,SKU-1009,服饰,华北三仓,64.0,56,206,77.31
2024-06-01,SKU-1010,数码配件,华南二仓,20.0,65,303,¥61.40
2024-06-01,SKU-1011,家居百货,华东一仓,2.0,87,274,132.84
2024-06-01,SKU-1012,食品饮料,华东一仓,51.0,42,215,145.08
2024-06-01,SKU-1013,个护清洁,华南二仓,32.0,74,115,¥41.73
2024-06-01,SKU-1014,服饰,华北三仓,56.0,88,219,57.84
2024-06-01,SKU-1015,数码配件,华北三仓,88.0,95,58,66.51
2024-06-01,SKU-1016,家居百货,华北三仓,64.0,14,237,144.85
2024-06-01,SKU-1017,食品饮料,华南二仓,85.0,43,99,34.93
2024-06-01,SKU-1018,个护清洁,华南二仓,103.0,58,171,12.36
2024-06-01,SKU-1019,服饰,华南二仓,108.0,32,305,81.45
2024-06-01,SKU-1020,数码配件,华东一仓,31.0,83,45,99.74
2024-06-01,SKU-1021,家居百货,华南二仓,106.0,6,228,46.10
2024-06-01,SKU-1022,食品饮料,华北三仓,2.0,9,312,36.68
2024-06-01,SKU-1023,个护清洁,华东一仓,118.0,18,106,129.11
2024-06-01,SKU-1024,服饰,华北三仓,77.0,81,163,¥128.40
2024-06-01,SKU-1025,数码配件,华东一仓,98.0,48,149,117.84
2024-06-01,SKU-1026,家居百货,华北三仓,60.0,76,63,139.43
2024-06-01,SKU-1027,食品饮料,华北三仓,95.0,83,217,148.18
2024-06-01,SKU-1028,个护清洁,华北三仓,103.0,30,198,72.32
2024-06-01,SKU-1029,服饰,华南二仓,109.0,0,38,¥144.90
2024-06-01,SKU-1030,数码配件,华北三仓,88.0,0,251,126.65
2024-06-01,SKU-1031,家居百货,华东一仓,81.0,12,86,48.37
2024-06-01,SKU-1032,食品饮料,华东一仓,80.0,23,291,¥51.40
2024-06-01,SKU-1033,个护清洁,华东一仓,81.0,77,314,111.23
2024-06-01,SKU-1034,服饰,华南二仓,34.0,64,221,¥147.04
2024-06-01,SKU-1035,数码配件,华东一仓,12.0,58,174,138.32
2024-06-01,SKU-1036,家居百货,华南二仓,12.0,79,304,97.04
2024-06-02,SKU-1001,家居百货,华北三仓,53.0,31,274,30.02
2024-06-02,SKU-1002,食品饮料,华南二仓,45.0,47,27,¥31.28
2024-06-02,SKU-1003,个护清洁,华东一仓,54.0,73,215,88.96
2024-06-02,SKU-1004,服饰,华北三仓,69.0,97,223,¥96.62
2024-06-02,SKU-1005,数码配件,华南二仓,115.0,14,222,60.46
2024-06-02,SKU-1006,家居百货,华南二仓,117.0,33,246,99.13
2024-06-02,SKU-1007,食品饮料,华东一仓,83.0,75,275,134.02
2024-06-02,SKU-1008,个护清洁,华南二仓,98.0,69,52,121.33
2024-06-02,SKU-1009,服饰,华北三仓,63.0,63,187,76.06
2024-06-02,SKU-1010,数码配件,华东一仓,17.0,30,116,66.60
2024-06-02,SKU-1011,家居百货,华北三仓,,3,127,¥108.30
2024-06-02,SKU-1012,食品饮料,华北三仓,85.0,52,176,53.80
2024-06-02,SKU-1013,个护清洁,华北三仓,80.0,41,149,117.29
2024-06-02,SKU-1014,服饰,华东一仓,97.0,1,35,¥95.68
2024-06-02,SKU-1015,数码配件,华南二仓,84.0,49,224,55.69
2024-06-02,SKU-1016,家居百货,华南二仓,33.0,6,193,90.67
2024-06-02,SKU-1017,食品饮料,华南二仓,43.0,6,127,¥94.21
2024-06-02,SKU-1018,个护清洁,华东一仓,42.0,93,164,121.54
2024-06-02,SKU-1019,服饰,华南二仓,37.0,34,272,28.41
2024-06-02,SKU-1020,数码配件,华北三仓,85.0,79,103,8.33
2024-06-02,SKU-1021,家居百货,华东一仓,4.0,34,319,60.42
2024-06-02,SKU-1022,食品饮料,华东一仓,52.0,59,270,65.03
2024-06-02,SKU-1023,个护清洁,华南二仓,113.0,98,218,38.09
2024-06-02,SKU-1024,服饰,华南二仓,57.0,36,313,109.53
2024-06-02,SKU-1025,数码配件,华东一仓,23.0,82,54,133.56
2024-06-02,SKU-1026,家居百货,华东一仓,48.0,60,135,¥119.84
2024-06-02,SKU-1027,食品饮料,华南二仓,64.0,49,115,142.35
2024-06-02,SKU-1028,个护清洁,华北三仓,27.0,1,194,131.96
2024-06-02,SKU-1029,服饰,华北三仓,42.0,77,216,120.47
2024-06-02,SKU-1030,数码配件,华东一仓,85.0,83,226,¥14.34
2024-06-02,SKU-1031,家居百货,华南二仓,31.0,81,298,22.66
2024-06-02,SKU-1032,食品饮料,华北三仓,30.0,35,80,110.21
2024-06-02,SKU-1033,个护清洁,华北三仓,42.0,71,96,65.10
2024-06-02,SKU-1034,服饰,华东一仓,39.0,68,-493,57.03
2024-06-02,SKU-1035,数码配件,华北三仓,57.0,88,73,9.37
2024-06-02,SKU-1036,家居百货,华南二仓,58.0,21,152,141.23
2024-06-03,SKU-1001,家居百货,华北三仓,4.0,10,150,¥105.79
2024-06-03,SKU-1002,食品饮料,华南二仓,20.0,26,257,83.58
2024-06-03,SKU-1003,个护清洁,华东一仓,43.0,75,123,¥10.07
2024-06-03,SKU-1004,服饰,华南二仓,43.0,48,94,93.50
2024-06-03,SKU-1005,数码配件,华东一仓,29.0,25,96,¥99.19
2024-06-03,SKU-1006,家居百货,华东一仓,98.0,21,311,22.72
2024-06-03,SKU-1007,食品饮料,华北三仓,40.0,93,309,¥26.60
2024-06-03,SKU-1008,个护清洁,华东一仓,4.0,5,54,55.86
2024-06-03,SKU-1009,服饰,华南二仓,6.0,34,164,149.12
2024-06-03,SKU-1010,数码配件,华南二仓,21.0,88,236,39.90
2024-06-03,SKU-1011,家居百货,华东一仓,58.0,70,277,35.26
2024-06-03,SKU-1012,食品饮料,华北三仓,39.0,55,-408,43.25
2024-06-03,SKU-1013,个护清洁,华北三仓,62.0,42,23,107.89
2024-06-03,SKU-1014,服饰,华南二仓,60.0,95,259,27.15
2024-06-03,SKU-1015,数码配件,华东一仓,50.0,59,210,¥89.32
2024-06-03,SKU-1016,家居百货,华东一仓,57.0,95,119,140.88
2024-06-03,SKU-1017,食品饮料,华北三仓,46.0,67,112,157.86
2024-06-03,SKU-1018,个护清洁,华北三仓,57.0,44,286,143.69
2024-06-03,SKU-1019,服饰,华南二仓,117.0,52,229,¥72.53
2024-06-03,SKU-1020,数码配件,华北三仓,67.0,76,214,150.16
2024-06-03,SKU-1021,家居百货,华东一仓,51.0,48,183,9.73
2024-06-03,SKU-1022,食品饮料,华北三仓,6.0,29,242,¥48.17
2024-06-03,SKU-1023,个护清洁,华北三仓,97.0,30,100,14.35
2024-06-03,SKU-1024,服饰,华南二仓,13.0,79,319,55.31
2024-06-03,SKU-1025,数码配件,华南二仓,40.0,50,282,¥46.08
2024-06-03,SKU-1026,家居百货,华南二仓,78.0,16,158,¥148.67
2024-06-03,SKU-1027,食品饮料,华北三仓,16.0,35,297,¥45.40
2024-06-03,SKU-1028,个护清洁,华南二仓,76.0,24,143,9.37
2024-06-03,SKU-1029,服饰,华北三仓,104.0,69,99,27.83
2024-06-03,SKU-1030,数码配件,华东一仓,,54,261,140.56
2024-06-03,SKU-1031,家居百货,华东一仓,0.0,56,297,¥152.04
2024-06-03,SKU-1032,食品饮料,华东一仓,40.0,74,303,¥119.25
2024-06-03,SKU-1033,个护清洁,华东一仓,65.0,78,167,112.41
2024-06-03,SKU-1034,服饰,华南二仓,112.0,53,252,152.67
2024-06-03,SKU-1035,数码配件,华南二仓,96.0,78,291,46.00
2024-06-03,SKU-1036,家居百货,华东一仓,45.0,89,121,49.84
2024-06-04,SKU-1001,家居百货,华北三仓,33.0,76,217,17.64
2024-06-04,SKU-1002,食品饮料,华南二仓,62.0,92,25,¥133.56
2024-06-04,SKU-1003,个护清洁,华南二仓,37.0,67,273,135.86
2024-06-04,SKU-1004,服饰,华南二仓,98.0,60,298,97.22
2024-06-04,SKU-1005,数码配件,华南二仓,61.0,2,319,106.46
2024-06-04,SKU-1006,家居百货,华东一仓,21.0,64,125,79.04
2024-06-04,SKU-1007,食品饮料,华南二仓,16.0,54,314,73.07
2024-06-04,SKU-1008,个护清洁,华南二仓,116.0,75,249,83.65
2024-06-04,SKU-1009,服饰,华南二仓,42.0,83,110,153.87
2024-06-04,SKU-1010,数码配件,华北三仓,55.0,14,204,99.68
2024-06-04,SKU-1011,家居百货,华东一仓,63.0,32,153,152.89
2024-06-04,SKU-1012,食品饮料,华东一仓,44.0,32,291,32.89
2024-06-04,SKU-1013,个护清洁,华东一仓,69.0,70,264,¥71.23
2024-06-04,SKU-1014,服饰,华北三仓,60.0,20,27,¥141.02
2024-06-04,SKU-1015,数码配件,华南二仓,62.0,76,33,¥102.22
2024-06-04,SKU-1016,家居百货,华南二仓,39.0,6,269,158.18
2024-06-04,SKU-1017,食品饮料,华北三仓,33.0,42,122,21.21
2024-06-04,SKU-1018,个护清洁,华北三仓,61.0,15,146,37.11
2024-06-04,SKU-1019,服饰,华南二仓,93.0,5,253,¥154.83
2024-06-04,SKU-1020,数码配件,华南二仓,69.0,83,307,60.19
2024-06-04,SKU-1021,家居百货,华南二仓,30.0,41,87,68.71
2024-06-04,SKU-1022,食品饮料,华南二仓,56.0,85,211,¥146.36
2024-06-04,SKU-1023,个护清洁,华南二仓,18.0,1,167,115.95
2024-06-04,SKU-1024,服饰,华东一仓,73.0,30,294,40.51
2024-06-04,SKU-1025,数码配件,华东一仓,66.0,45,296,26.56
2024-06-04,SKU-1026,家居百货,华南二仓,22.0,23,241,45.04
2024-06-04,SKU-1027,食品饮料,华东一仓,31.0,70,254,92.23
2024-06-04,SKU-1028,个护清洁,华北三仓,59.0,60,293,81.81
2024-06-04,SKU-1029,服饰,华北三仓,32.0,19,235,77.89
2024-06-04,SKU-1030,数码配件,华南二仓,118.0,62,37,¥122.88
2024-06-04,SKU-1031,家居百货,华东一仓,42.0,87,193,130.15
2024-06-04,SKU-1032,食品饮料,华北三仓,34.0,51,125,¥77.88
2024-06-04,SKU-1033,个护清洁,华东一仓,49.0,72,132,11.30
2024-06-04,SKU-1034,服饰,华南二仓,103.0,99,228,119.99
2024-06-04,SKU-1035,数码配件,华南二仓,88.0,2,100,82.95
2024-06-04,SKU-1036,家居百货,华东一仓,,80,129,75.71
2024-06-05,SKU-1001,家居百货,华北三仓,18.0,7,226,¥20.63
2024-06-05,SKU-1002,食品饮料,华南二仓,114.0,55,79,¥22.71
2024-06-05,SKU-1003,个护清洁,华北三仓,33.0,37,154,¥48.65
2024-06-05,SKU-1004,服饰,华东一仓,47.0,94,162,¥28.02
2024-06-05,SKU-1005,数码配件,华北三仓,20.0,86,217,140.02
2024-06-05,SKU-1006,家居百货,华东一仓,5.0,86,316,101.83
2024-06-05,SKU-1007,食品饮料,华北三仓,14.0,21,83,58.64
2024-06-05,SKU-1008,个护清洁,华北三仓,33.0,79,165,¥105.54
2024-06-05,SKU-1009,服饰,华南二仓,33.0,99,160,¥80.79
2024-06-05,SKU-1010,数码配件,华东一仓,63.0,40,292,21.47
2024-06-05,SKU-1011,家居百货,华北三仓,81.0,96,150,110.88
2024-06-05,SKU-1012,食品饮料,华南二仓,4.0,31,221,76.77
2024-06-05,SKU-1013,个护清洁,华北三仓,18.0,53,107,147.13
2024-06-05,SKU-1014,服饰,华南二仓,44.0,92,222,115.46
2024-06-05,SKU-1015,数码配件,华北三仓,32.0,76,172,13.81
2024-06-05,SKU-1016,家居百货,华东一仓,92.0,73,259,¥111.36
2024-06-05,SKU-1017,食品饮料,华南二仓,16.0,75,107,63.02
2024-06-05,SKU-1018,个护清洁,华东一仓,0.0,86,254,¥75.31
2024-06-05,SKU-1019,服饰,华东一仓,93.0,89,168,120.61
2024-06-05,SKU-1020,数码配件,华北三仓,93.0,82,24,151.74
2024-06-05,SKU-1021,家居百货,华南二仓,87.0,52,132,14.15
2024-06-05,SKU-1022,食品饮料,华东一仓,100.0,78,159,72.07
2024-06-05,SKU-1023,个护清洁,华南二仓,51.0,5,274,72.78
2024-06-05,SKU-1024,服饰,华东一仓,4.0,24,149,153.37
2024-06-05,SKU-1025,数码配件,华南二仓,5.0,93,309,67.44
2024-06-05,SKU-1026,家居百货,华东一仓,44.0,44,38,99.68
2024-06-05,SKU-1027,食品饮料,华东一仓,28.0,59,251,124.00
2024-06-05,SKU-1028,个护清洁,华南二仓,69.0,86,201,¥96.69
2024-06-05,SKU-1029,服饰,华北三仓,103.0,57,28,69.87
2024-06-05,SKU-1030,数码配件,华南二仓,49.0,1,281,¥36.41
2024-06-05,SKU-1031,家居百货,华北三仓,87.0,95,91,91.67
2024-06-05,SKU-1032,食品饮料,华北三仓,55.0,90,33,67.94
2024-06-05,SKU-1033,个护清洁,华北三仓,37.0,92,319,¥44.76
2024-06-05,SKU-1034,服饰,华东一仓,71.0,17,271,¥44.52
2024-06-05,SKU-1035,数码配件,华东一仓,59.0,66,63,125.83
2024-06-05,SKU-1036,家居百货,华南二仓,70.0,52,135,133.96
2024-06-06,SKU-1001,家居百货,华东一仓,31.0,53,106,53.42
2024-06-06,SKU-1002,食品饮料,华南二仓,70.0,11,99,127.96
2024-06-06,SKU-1003,个护清洁,华南二仓,82.0,63,274,39.07
2024-06-06,SKU-1004,服饰,华南二仓,73.0,4,43,159.55
2024-06-06,SKU-1005,数码配件,华东一仓,40.0,18,68,46.37
2024-06-06,SKU-1006,家居百货,华东一仓,114.0,12,283,¥135.68
2024-06-06,SKU-1007,食品饮料,华南二仓,31.0,87,85,123.59
2024-06-06,SKU-1008,个护清洁,华北三仓,54.0,46,239,¥11.50
2024-06-06,SKU-1009,服饰,华东一仓,99.0,30,216,74.18
2024-06-06,SKU-1010,数码配件,华南二仓,115.0,24,259,38.69
2024-06-06,SKU-1011,家居百货,华东一仓,15.0,18,23,¥94.86
2024-06-06,SKU-1012,食品饮料,华北三仓,49.0,1,213,133.11
2024-06-06,SKU-1013,个护清洁,华北三仓,15.0,75,56,76.15
2024-06-06,SKU-1014,服饰,华北三仓,12.0,32,281,¥144.72
2024-06-06,SKU-1015,数码配件,华东一仓,31.0,75,49,159.25
2024-06-06,SKU-1016,家居百货,华东一仓,74.0,26,151,37.89
2024-06-06,SKU-1017,食品饮料,华东一仓,92.0,23,253,¥90.89
2024-06-06,SKU-1018,个护清洁,华北三仓,100.0,74,223,12.32
2024-06-06,SKU-1019,服饰,华北三仓,65.0,28,195,36.66
2024-06-06,SKU-1020,数码配件,华东一仓,31.0,6,97,¥8.18
2024-06-06,SKU-1021,家居百货,华东一仓,64.0,54,81,¥9.00
2024-06-06,SKU-1022,食品饮料,华南二仓,82.0,64,67,128.30
2024-06-06,SKU-1023,个护清洁,华东一仓,111.0,64,107,73.65
2024-06-06,SKU-1024,服饰,华南二仓,94.0,99,25,¥80.55
2024-06-06,SKU-1025,数码配件,华南二仓,103.0,15,312,11.02
2024-06-06,SKU-1026,家居百货,华北三仓,89.0,56,60,131.12
2024-06-06,SKU-1027,食品饮料,华南二仓,105.0,8,77,35.04
2024-06-06,SKU-1028,个护清洁,华南二仓,2.0,7,81,42.59
2024-06-06,SKU-1029,服饰,华北三仓,47.0,38,162,111.34
2024-06-06,SKU-1030,数码配件,华东一仓,56.0,38,164,¥82.73
2024-06-06,SKU-1031,家居百货,华东一仓,52.0,46,186,13.50
2024-06-06,SKU-1032,食品饮料,华北三仓,14.0,33,263,¥19.23
2024-06-06,SKU-1033,个护清洁,华东一仓,26.0,3,176,101.26
2024-06-06,SKU-1034,服饰,华东一仓,7.0,87,306,¥80.67
2024-06-06,SKU-1035,数码配件,华北三仓,111.0,72,257,90.22
2024-06-06,SKU-1036,家居百货,华东一仓,98.0,46,105,90.98
2024-06-07,SKU-1001,家居百货,华东一仓,79.0,73,188,93.78
2024-06-07,SKU-1002,食品饮料,华南二仓,78.0,9,104,87.64
2024-06-07,SKU-1003,个护清洁,华北三仓,17.0,4,77,13.61
2024-06-07,SKU-1004,服饰,华南二仓,37.0,72,195,56.05
2024-06-07,SKU-1005,数码配件,华北三仓,45.0,67,248,¥41.97
2024-06-07,SKU-1006,家居百货,华北三仓,72.0,94,26,¥150.92
2024-06-07,SKU-1007,食品饮料,华南二仓,96.0,14,147,¥92.61
2024-06-07,SKU-1008,个护清洁,华东一仓,,73,259,¥122.38
2024-06-07,SKU-1009,服饰,华南二仓,64.0,9,92,107.95
2024-06-07,SKU-1010,数码配件,华东一仓,110.0,99,118,147.01
2024-06-07,SKU-1011,家居百货,华北三仓,52.0,21,78,¥95.16
2024-06-07,SKU-1012,食品饮料,华东一仓,97.0,14,236,89.14
2024-06-07,SKU-1013,个护清洁,华北三仓,102.0,49,130,¥128.56
2024-06-07,SKU-1014,服饰,华东一仓,68.0,82,154,93.64
2024-06-07,SKU-1015,数码配件,华南二仓,70.0,22,146,¥116.74
2024-06-07,SKU-1016,家居百货,华北三仓,109.0,80,254,¥109.58
2024-06-07,SKU-1017,食品饮料,华北三仓,82.0,3,35,28.48
2024-06-07,SKU-1018,个护清洁,华东一仓,104.0,78,176,71.76
2024-06-07,SKU-1019,服饰,华南二仓,46.0,47,104,41.38
2024-06-07,SKU-1020,数码配件,华东一仓,17.0,29,33,145.18
2024-06-07,SKU-1021,家居百货,华南二仓,108.0,19,41,17.68
2024-06-07,SKU-1022,食品饮料,华北三仓,41.0,19,31,¥27.23
2024-06-07,SKU-1023,个护清洁,华东一仓,71.0,9,108,47.03
2024-06-07,SKU-1024,服饰,华北三仓,68.0,75,66,58.94
2024-06-07,SKU-1025,数码配件,华东一仓,4.0,14,47,9.08
2024-06-07,SKU-1026,家居百货,华南二仓,115.0,22,224,13.22
2024-06-07,SKU-1027,食品饮料,华南二仓,66.0,11,306,¥156.97
2024-06-07,SKU-1028,个护清洁,华南二仓,91.0,50,199,58.06
2024-06-07,SKU-1029,服饰,华东一仓,67.0,22,44,85.35
2024-06-07,SKU-1030,数码配件,华南二仓,108.0,29,38,60.58
2024-06-07,SKU-1031,家居百货,华南二仓,104.0,99,212,111.64
2024-06-07,SKU-1032,食品饮料,华北三仓,64.0,36,166,133.92
2024-06-07,SKU-1033,个护清洁,华南二仓,71.0,78,74,46.78
2024-06-07,SKU-1034,服饰,华南二仓,46.0,65,130,¥103.75
2024-06-07,SKU-1035,数码配件,华东一仓,97.0,88,183,15.67
2024-06-07,SKU-1036,家居百货,华南二仓,27.0,58,216,116.25
2024-06-08,SKU-1001,家居百货,华南二仓,106.0,58,264,138.88
2024-06-08,SKU-1002,食品饮料,华北三仓,105.0,69,70,¥119.34
2024-06-08,SKU-1003,个护清洁,华东一仓,6.0,26,65,¥119.72
2024-06-08,SKU-1004,服饰,华北三仓,103.0,29,59,¥65.97
2024-06-08,SKU-1005,数码配件,华南二仓,86.0,75,268,141.63
2024-06-08,SKU-1006,家居百货,华东一仓,54.0,70,145,146.35
2024-06-08,SKU-1007,食品饮料,华南二仓,99.0,5,203,¥77.69
2024-06-08,SKU-1008,个护清洁,华北三仓,81.0,12,71,¥157.81
2024-06-08,SKU-1009,服饰,华南二仓,111.0,28,63,94.81
2024-06-08,SKU-1010,数码配件,华北三仓,27.0,93,217,¥78.46
2024-06-08,SKU-1011,家居百货,华南二仓,88.0,55,24,141.02
2024-06-08,SKU-1012,食品饮料,华南二仓,79.0,89,174,¥96.56
2024-06-08,SKU-1013,个护清洁,华南二仓,105.0,16,64,70.50
2024-06-08,SKU-1014,服饰,华东一仓,58.0,97,38,117.54
2024-06-08,SKU-1015,数码配件,华北三仓,109.0,73,270,¥12.31
2024-06-08,SKU-1016,家居百货,华东一仓,12.0,1,179,21.42
2024-06-08,SKU-1017,食品饮料,华北三仓,61.0,1,218,¥81.77
2024-06-08,SKU-1018,个护清洁,华东一仓,101.0,64,70,¥62.75
2024-06-08,SKU-1019,服饰,华南二仓,114.0,26,128,23.08
2024-06-08,SKU-1020,数码配件,华南二仓,91.0,9,277,¥104.54
2024-06-08,SKU-1021,家居百货,华东一仓,66.0,36,70,102.01
2024-06-08,SKU-1022,食品饮料,华东一仓,84.0,90,60,135.29
2024-06-08,SKU-1023,个护清洁,华东一仓,84.0,58,101,¥125.52
2024-06-08,SKU-1024,服饰,华东一仓,109.0,18,119,20.42
2024-06-08,SKU-1025,数码配件,华东一仓,53.0,31,54,67.58
2024-06-08,SKU-1026,家居百货,华北三仓,17.0,93,286,86.44
2024-06-08,SKU-1027,食品饮料,华南二仓,27.0,5,277,27.92
2024-06-08,SKU-1028,个护清洁,华南二仓,58.0,72,208,16.08
2024-06-08,SKU-1029,服饰,华南二仓,41.0,35,100,15.46
2024-06-08,SKU-1030,数码配件,华东一仓,111.0,73,42,¥124.45
2024-06-08,SKU-1031,家居百货,华东一仓,1.0,92,318,18.48
2024-06-08,SKU-1032,食品饮料,华南二仓,92.0,45,48,¥95.19
2024-06-08,SKU-1033,个护清洁,华东一仓,82.0,13,181,118.07
2024-06-08,SKU-1034,服饰,华北三仓,99.0,51,275,88.17
2024-06-08,SKU-1035,数码配件,华南二仓,47.0,30,78,44.05
2024-06-08,SKU-1036,家居百货,华南二仓,34.0,95,229,18.74
2024-06-09,SKU-1001,家居百货,华南二仓,23.0,62,177,143.75
2024-06-09,SKU-1002,食品饮料,华北三仓,78.0,46,174,35.08
2024-06-09,SKU-1003,个护清洁,华南二仓,76.0,91,63,117.14
2024-06-09,SKU-1004,服饰,华北三仓,109.0,44,78,55.97
2024-06-09,SKU-1005,数码配件,华北三仓,37.0,54,316,¥102.30
2024-06-09,SKU-1006,家居百货,华东一仓,33.0,12,153,106.90
2024-06-09,SKU-1007,食品饮料,华北三仓,57.0,11,102,108.57
2024-06-09,SKU-1008,个护清洁,华南二仓,70.0,98,51,58.62
2024-06-09,SKU-1009,服饰,华东一仓,7.0,63,48,¥155.02
2024-06-09,SKU-1010,数码配件,华东一仓,33.0,94,54,44.05
2024-06-09,SKU-1011,家居百货,华南二仓,96.0,33,158,136.90
2024-06-09,SKU-1012,食品饮料,华南二仓,105.0,38,152,¥106.70
2024-06-09,SKU-1013,个护清洁,华北三仓,43.0,64,274,24.51
2024-06-09,SKU-1014,服饰,华南二仓,36.0,8,272,148.51
2024-06-09,SKU-1015,数码配件,华东一仓,39.0,73,184,33.16
2024-06-09,SKU-1016,家居百货,华东一仓,35.0,2,217,¥37.98
2024-06-09,SKU-1017,食品饮料,华北三仓,115.0,74,129,¥98.44
2024-06-09,SKU-1018,个护清洁,华南二仓,3.0,24,88,98.41
2024-06-09,SKU-1019,服饰,华北三仓,77.0,67,214,28.78
2024-06-09,SKU-1020,数码配件,华东一仓,20.0,83,129,103.87
2024-06-09,SKU-1021,家居百货,华北三仓,91.0,83,166,36.46
2024-06-09,SKU-1022,食品饮料,华北三仓,92.0,51,63,133.53
2024-06-09,SKU-1023,个护清洁,华北三仓,18.0,95,289,65.80
2024-06-09,SKU-1024,服饰,华南二仓,31.0,36,67,¥23.48
2024-06-09,SKU-1025,数码配件,华北三仓,16.0,74,146,65.33
2024-06-09,SKU-1026,家居百货,华东一仓,10.0,80,208,¥23.78
2024-06-09,SKU-1027,食品饮料,华北三仓,91.0,6,222,43.84
2024-06-09,SKU-1028,个护清洁,华北三仓,34.0,14,188,81.53
2024-06-09,SKU-1029,服饰,华北三仓,74.0,31,185,141.93
2024-06-09,SKU-1030,数码配件,华北三仓,57.0,41,233,144.53
2024-06-09,SKU-1031,家居百货,华南二仓,20.0,74,223,31.80
2024-06-09,SKU-1032,食品饮料,华东一仓,20.0,40,172,¥120.15
2024-06-09,SKU-1033,个护清洁,华南二仓,72.0,81,51,¥58.12
2024-06-09,SKU-1034,服饰,华东一仓,1.0,14,65,¥119.01
2024-06-09,SKU-1035,数码配件,华南二仓,,97,77,13.38
2024-06-09,SKU-1036,家居百货,华北三仓,58.0,65,116,104.76
2024-06-10,SKU-1001,家居百货,华北三仓,0.0,25,247,¥156.83
2024-06-10,SKU-1002,食品饮料,华南二仓,100.0,88,146,22.75
2024-06-10,SKU-1003,个护清洁,华北三仓,31.0,31,36,¥44.72
2024-06-10,SKU-1004,服饰,华东一仓,27.0,8,186,¥103.47
2024-06-10,SKU-1005,数码配件,华北三仓,74.0,75,210,22.99
2024-06-10,SKU-1006,家居百货,华南二仓,111.0,74,165,136.79
2024-06-10,SKU-1007,食品饮料,华东一仓,60.0,52,165,59.04
2024-06-10,SKU-1008,个护清洁,华北三仓,103.0,39,220,¥69.19
2024-06-10,SKU-1009,服饰,华东一仓,115.0,19,243,10.32
2024-06-10,SKU-1010,数码配件,华南二仓,91.0,56,172,20.90
2024-06-10,SKU-1011,家居百货,华南二仓,3.0,59,213,¥139.39
2024-06-10,SKU-1012,食品饮料,华北三仓,54.0,52,124,71.66
2024-06-10,SKU-1013,个护清洁,华北三仓,97.0,33,178,¥34.51
2024-06-10,SKU-1014,服饰,华南二仓,13.0,73,20,84.69
2024-06-10,SKU-1015,数码配件,华南二仓,31.0,85,137,¥108.11
2024-06-10,SKU-1016,家居百货,华南二仓,97.0,10,265,34.95
2024-06-10,SKU-1017,食品饮料,华北三仓,35.0,73,224,159.53
2024-06-10,SKU-1018,个护清洁,华南二仓,111.0,97,-490,¥135.23
2024-06-10,SKU-1019,服饰,华东一仓,54.0,89,168,143.48
2024-06-10,SKU-1020,数码配件,华东一仓,16.0,43,287,¥121.86
2024-06-10,SKU-1021,家居百货,华南二仓,22.0,68,265,123.94
2024-06-10,SKU-1022,食品饮料,华北三仓,63.0,23,301,¥36.80
2024-06-10,SKU-1023,个护清洁,华南二仓,103.0,55,201,20.06
2024-06-10,SKU-1024,服饰,华北三仓,87.0,7,286,149.54
2024-06-10,SKU-1025,数码配件,华北三仓,7.0,0,311,¥95.41
2024-06-10,SKU-1026,家居百货,华北三仓,117.0,13,181,125.91
2024-06-10,SKU-1027,食品饮料,华北三仓,25.0,10,137,¥26.10
2024-06-10,SKU-1028,个护清洁,华北三仓,104.0,86,225,¥12.52
2024-06-10,SKU-1029,服饰,华北三仓,60.0,25,302,55.82
2024-06-10,SKU-1030,数码配件,华北三仓,76.0,26,83,58.59
2024-06-10,SKU-1031,家居百货,华北三仓,71.0,98,232,¥138.56
2024-06-10,SKU-1032,食品饮料,华东一仓,80.0,45,179,121.89
2024-06-10,SKU-1033,个护清洁,华东一仓,108.0,65,27,107.79
2024-06-10,SKU-1034,服饰,华东一仓,46.0,84,109,77.59
2024-06-10,SKU-1035,数码配件,华南二仓,103.0,74,75,18.16
2024-06-10,SKU-1036,家居百货,华东一仓,106.0,19,276,20.23
2024-06-11,SKU-1001,家居百货,华北三仓,98.0,0,294,110.08
2024-06-11,SKU-1002,食品饮料,华北三仓,112.0,97,184,118.74
2024-06-11,SKU-1003,个护清洁,华南二仓,51.0,73,295,29.88
2024-06-11,SKU-1004,服饰,华北三仓,92.0,33,108,100.68
2024-06-11,SKU-1005,数码配件,华东一仓,66.0,44,293,¥135.91
2024-06-11,SKU-1006,家居百货,华东一仓,5.0,30,152,154.33
2024-06-11,SKU-1007,食品饮料,华北三仓,105.0,13,59,35.26
2024-06-11,SKU-1008,个护清洁,华北三仓,28.0,23,66,¥100.30
2024-06-11,SKU-1009,服饰,华北三仓,109.0,98,258,130.30
2024-06-11,SKU-1010,数码配件,华南二仓,86.0,64,223,136.10
2024-06-11,SKU-1011,家居百货,华南二仓,30.0,3,170,20.99
2024-06-11,SKU-1012,食品饮料,华北三仓,59.0,49,206,47.18
2024-06-11,SKU-1013,个护清洁,华南二仓,119.0,57,270,128.26
2024-06-11,SKU-1014,服饰,华北三仓,65.0,55,264,139.44
2024-06-11,SKU-1015,数码配件,华北三仓,118.0,99,263,97.61
2024-06-11,SKU-1016,家居百货,华南二仓,37.0,48,194,33.78
2024-06-11,SKU-1017,食品饮料,华东一仓,62.0,43,306,11.00
2024-06-11,SKU-1018,个护清洁,华北三仓,52.0,82,223,13.50
2024-06-11,SKU-1019,服饰,华北三仓,79.0,27,23,¥81.69
2024-06-11,SKU-1020,数码配件,华南二仓,71.0,26,313,¥143.41
2024-06-11,SKU-1021,家居百货,华东一仓,69.0,85,43,70.19
2024-06-11,SKU-1022,食品饮料,华东一仓,47.0,78,88,13.90
2024-06-11,SKU-1023,个护清洁,华北三仓,1.0,42,206,15.94
2024-06-11,SKU-1024,服饰,华北三仓,61.0,89,135,¥25.17
2024-06-11,SKU-1025,数码配件,华北三仓,17.0,28,164,¥135.01
2024-06-11,SKU-1026,家居百货,华东一仓,39.0,73,249,56.35
2024-06-11,SKU-1027,食品饮料,华北三仓,30.0,53,158,¥29.75
2024-06-11,SKU-1028,个护清洁,华南二仓,80.0,57,75,¥42.58
2024-06-11,SKU-1029,服饰,华北三仓,13.0,95,119,13.19
2024-06-11,SKU-1030,数码配件,华北三仓,63.0,31,28,¥42.89
2024-06-11,SKU-1031,家居百货,华南二仓,111.0,57,185,72.66
2024-06-11,SKU-1032,食品饮料,华北三仓,58.0,87,150,32.48
2024-06-11,SKU-1033,个护清洁,华东一仓,85.0,67,190,¥118.72
2024-06-11,SKU-1034,服饰,华东一仓,24.0,31,117,135.77
2024-06-11,SKU-1035,数码配件,华北三仓,111.0,17,57,¥25.36
2024-06-11,SKU-1036,家居百货,华南二仓,6.0,76,213,¥56.28
2024-06-12,SKU-1001,家居百货,华北三仓,65.0,11,292,156.23
2024-06-12,SKU-1002,食品饮料,华北三仓,49.0,6,286,135.50
2024-06-12,SKU-1003,个护清洁,华东一仓,108.0,79,201,47.65
2024-06-12,SKU-1004,服饰,华东一仓,74.0,5,256,33.58
2024-06-12,SKU-1005,数码配件,华东一仓,85.0,54,184,¥124.84
2024-06-12,SKU-1006,家居百货,华北三仓,9.0,53,195,96.26
2024-06-12,SKU-1007,食品饮料,华北三仓,36.0,39,245,83.77
2024-06-12,SKU-1008,个护清洁,华南二仓,101.0,18,275,¥147.39
2024-06-12,SKU-1009,服饰,华南二仓,45.0,91,190,26.28
2024-06-12,SKU-1010,数码配件,华东一仓,64.0,96,292,80.53
2024-06-12,SKU-1011,家居百货,华东一仓,88.0,73,140,71.69
2024-06-12,SKU-1012,食品饮料,华北三仓,76.0,54,287,8.97
2024-06-12,SKU-1013,个护清洁,华北三仓,103.0,54,292,45.74
2024-06-12,SKU-1014,服饰,华南二仓,61.0,37,50,145.47
2024-06-12,SKU-1015,数码配件,华北三仓,4.0,32,170,29.73
2024-06-12,SKU-1016,家居百货,华南二仓,61.0,68,42,67.83
2024-06-12,SKU-1017,食品饮料,华南二仓,42.0,86,129,111.31
2024-06-12,SKU-1018,个护清洁,华南二仓,77.0,1,128,37.18
2024-06-12,SKU-1019,服饰,华东一仓,106.0,3,318,75.68
2024-06-12,SKU-1020,数码配件,华东一仓,60.0,40,57,152.83
2024-06-12,SKU-1021,家居百货,华东一仓,114.0,56,299,¥139.10
2024-06-12,SKU-1022,食品饮料,华南二仓,2.0,96,126,¥153.88
2024-06-12,SKU-1023,个护清洁,华东一仓,75.0,10,63,¥134.37
2024-06-12,SKU-1024,服饰,华南二仓,52.0,12,309,146.87
2024-06-12,SKU-1025,数码配件,华北三仓,56.0,66,70,30.69
2024-06-12,SKU-1026,家居百货,华东一仓,83.0,94,162,¥124.11
2024-06-12,SKU-1027,食品饮料,华北三仓,111.0,58,161,113.72
2024-06-12,SKU-1028,个护清洁,华东一仓,38.0,10,223,115.02
2024-06-12,SKU-1029,服饰,华南二仓,20.0,31,129,69.80
2024-06-12,SKU-1030,数码配件,华北三仓,59.0,10,50,31.56
2024-06-12,SKU-1031,家居百货,华北三仓,36.0,63,66,¥93.87
2024-06-12,SKU-1032,食品饮料,华北三仓,95.0,56,166,65.14
2024-06-12,SKU-1033,个护清洁,华东一仓,66.0,15,178,73.62
2024-06-12,SKU-1034,服饰,华北三仓,85.0,98,269,54.59
2024-06-12,SKU-1035,数码配件,华北三仓,73.0,89,122,49.52
2024-06-12,SKU-1036,家居百货,华北三仓,79.0,62,222,121.12
2024-06-13,SKU-1001,家居百货,华北三仓,98.0,96,38,86.03
2024-06-13,SKU-1002,食品饮料,华东一仓,96.0,76,298,104.91
2024-06-13,SKU-1003,个护清洁,华南二仓,48.0,64,129,8.57
2024-06-13,SKU-1004,服饰,华北三仓,38.0,54,251,110.06
2024-06-13,SKU-1005,数码配件,华北三仓,56.0,27,127,142.94
2024-06-13,SKU-1006,家居百货,华北三仓,18.0,98,319,65.57
2024-06-13,SKU-1007,食品饮料,华东一仓,42.0,27,78,29.56
2024-06-13,SKU-1008,个护清洁,华东一仓,108.0,5,306,126.67
2024-06-13,SKU-1009,服饰,华东一仓,69.0,42,20,64.66
2024-06-13,SKU-1010,数码配件,华东一仓,86.0,59,149,35.04
2024-06-13,SKU-1011,家居百货,华东一仓,61.0,18,246,26.41
2024-06-13,SKU-1012,食品饮料,华东一仓,96.0,47,99,25.01
2024-06-13,SKU-1013,个护清洁,华东一仓,,86,235,106.00
2024-06-13,SKU-1014,服饰,华南二仓,1.0,45,275,¥144.12
2024-06-13,SKU-1015,数码配件,华南二仓,60.0,95,95,¥97.87
2024-06-13,SKU-1016,家居百货,华南二仓,118.0,87,86,133.14
2024-06-13,SKU-1017,食品饮料,华南二仓,14.0,89,154,117.19
2024-06-13,SKU-1018,个护清洁,华东一仓,80.0,16,97,144.26
2024-06-13,SKU-1019,服饰,华北三仓,29.0,58,22,137.84
2024-06-13,SKU-1020,数码配件,华南二仓,36.0,39,28,¥104.60
2024-06-13,SKU-1021,家居百货,华南二仓,47.0,96,195,¥91.88
2024-06-13,SKU-1022,食品饮料,华北三仓,66.0,24,83,130.35
2024-06-13,SKU-1023,个护清洁,华北三仓,69.0,16,28,146.19
2024-06-13,SKU-1024,服饰,华北三仓,114.0,26,296,¥102.60
2024-06-13,SKU-1025,数码配件,华北三仓,80.0,74,180,75.38
2024-06-13,SKU-1026,家居百货,华东一仓,115.0,69,240,90.47
2024-06-13,SKU-1027,食品饮料,华南二仓,110.0,93,186,33.99
2024-06-13,SKU-1028,个护清洁,华南二仓,51.0,1,176,103.38
2024-06-13,SKU-1029,服饰,华东一仓,106.0,76,50,¥121.80
2024-06-13,SKU-1030,数码配件,华东一仓,7.0,66,94,¥119.58
2024-06-13,SKU-1031,家居百货,华北三仓,108.0,46,192,¥80.65
2024-06-13,SKU-1032,食品饮料,华北三仓,22.0,37,68,¥8.90
2024-06-13,SKU-1033,个护清洁,华北三仓,107.0,17,91,123.22
2024-06-13,SKU-1034,服饰,华东一仓,113.0,65,290,157.60
2024-06-13,SKU-1035,数码配件,华东一仓,38.0,68,238,119.89
2024-06-13,SKU-1036,家居百货,华东一仓,3.0,23,107,13.57
2024-06-14,SKU-1001,家居百货,华东一仓,4.0,85,94,148.16
2024-06-14,SKU-1002,食品饮料,华北三仓,42.0,58,280,¥148.27
2024-06-14,SKU-1003,个护清洁,华南二仓,53.0,16,273,77.98
2024-06-14,SKU-1004,服饰,华南二仓,40.0,7,271,71.43
2024-06-14,SKU-1005,数码配件,华南二仓,110.0,13,215,¥67.25
2024-06-14,SKU-1006,家居百货,华北三仓,1.0,26,159,67.44
2024-06-14,SKU-1007,食品饮料,华南二仓,2.0,89,123,¥138.09
2024-06-14,SKU-1008,个护清洁,华南二仓,96.0,70,31,104.98
2024-06-14,SKU-1009,服饰,华北三仓,67.0,59,89,58.40
2024-06-14,SKU-1010,数码配件,华东一仓,6.0,39,250,20.01
2024-06-14,SKU-1011,家居百货,华南二仓,79.0,69,150,113.68
2024-06-14,SKU-1012,食品饮料,华东一仓,58.0,10,307,¥95.51
2024-06-14,SKU-1013,个护清洁,华东一仓,66.0,63,249,150.02
2024-06-14,SKU-1014,服饰,华南二仓,46.0,58,279,102.49
2024-06-14,SKU-1015,数码配件,华东一仓,108.0,72,297,¥159.07
2024-06-14,SKU-1016,家居百货,华北三仓,109.0,50,288,55.54
2024-06-14,SKU-1017,食品饮料,华南二仓,,29,315,114.38
2024-06-14,SKU-1018,个护清洁,华东一仓,116.0,81,70,137.97
2024-06-14,SKU-1019,服饰,华南二仓,78.0,36,318,¥115.60
2024-06-14,SKU-1020,数码配件,华南二仓,61.0,46,25,137.26
2024-06-14,SKU-1021,家居百货,华南二仓,65.0,61,302,157.81
2024-06-14,SKU-1022,食品饮料,华南二仓,102.0,24,204,¥117.57
2024-06-14,SKU-1023,个护清洁,华南二仓,46.0,16,273,¥133.44
2024-06-14,SKU-1024,服饰,华南二仓,9.0,71,141,42.78
2024-06-14,SKU-1025,数码配件,华北三仓,22.0,60,43,¥136.02
2024-06-14,SKU-1026,家居百货,华北三仓,47.0,51,194,78.75
2024-06-14,SKU-1027,食品饮料,华东一仓,94.0,69,181,125.34
2024-06-14,SKU-1028,个护清洁,华南二仓,115.0,79,259,¥88.17
2024-06-14,SKU-1029,服饰,华东一仓,3.0,3,281,¥112.96
2024-06-14,SKU-1030,数码配件,华南二仓,92.0,39,234,97.91
2024-06-14,SKU-1031,家居百货,华东一仓,10.0,35,45,¥146.19
2024-06-14,SKU-1032,食品饮料,华南二仓,35.0,16,54,33.55
2024-06-14,SKU-1033,个护清洁,华东一仓,39.0,16,77,115.03
2024-06-14,SKU-1034,服饰,华南二仓,102.0,95,302,¥9.08
2024-06-14,SKU-1035,数码配件,华北三仓,11.0,90,47,¥130.78
2024-06-14,SKU-1036,家居百货,华南二仓,32.0,11,57,9.49
2024-06-15,SKU-1001,家居百货,华东一仓,87.0,46,180,¥148.22
2024-06-15,SKU-1002,食品饮料,华东一仓,23.0,93,24,60.74
2024-06-15,SKU-1003,个护清洁,华东一仓,54.0,29,245,¥122.42
2024-06-15,SKU-1004,服饰,华南二仓,106.0,28,231,143.30
2024-06-15,SKU-1005,数码配件,华南二仓,49.0,40,123,34.90
2024-06-15,SKU-1006,家居百货,华东一仓,17.0,67,195,32.42
2024-06-15,SKU-1007,食品饮料,华北三仓,83.0,34,298,84.40
2024-06-15,SKU-1008,个护清洁,华南二仓,3.0,10,37,89.24
2024-06-15,SKU-1009,服饰,华南二仓,38.0,83,239,15.00
2024-06-15,SKU-1010,数码配件,华北三仓,6.0,56,81,92.84
2024-06-15,SKU-1011,家居百货,华东一仓,33.0,17,242,150.49
2024-06-15,SKU-1012,食品饮料,华北三仓,66.0,66,232,¥43.62
2024-06-15,SKU-1013,个护清洁,华北三仓,85.0,86,200,¥126.82
2024-06-15,SKU-1014,服饰,华东一仓,72.0,10,69,159.01
2024-06-15,SKU-1015,数码配件,华东一仓,23.0,1,116,82.63
2024-06-15,SKU-1016,家居百货,华北三仓,104.0,9,161,93.44
2024-06-15,SKU-1017,食品饮料,华北三仓,107.0,21,197,59.15
2024-06-15,SKU-1018,个护清洁,华东一仓,,45,302,70.43
2024-06-15,SKU-1019,服饰,华东一仓,50.0,87,85,87.43
2024-06-15,SKU-1020,数码配件,华东一仓,33.0,66,74,¥81.87
2024-06-15,SKU-1021,家居百货,华南二仓,75.0,75,147,123.44
2024-06-15,SKU-1022,食品饮料,华南二仓,41.0,7,247,159.43
2024-06-15,SKU-1023,个护清洁,华北三仓,68.0,78,-428,107.36
2024-06-15,SKU-1024,服饰,华南二仓,74.0,49,80,¥156.89
2024-06-15,SKU-1025,数码配件,华南二仓,32.0,35,109,124.34
2024-06-15,SKU-1026,家居百货,华北三仓,5.0,39,241,123.49
2024-06-15,SKU-1027,食品饮料,华东一仓,79.0,92,301,¥144.39
2024-06-15,SKU-1028,个护清洁,华北三仓,118.0,33,53,102.23
2024-06-15,SKU-1029,服饰,华东一仓,82.0,92,203,¥50.75
2024-06-15,SKU-1030,数码配件,华北三仓,35.0,28,211,36.28
2024-06-15,SKU-1031,家居百货,华东一仓,89.0,51,177,102.39
2024-06-15,SKU-1032,食品饮料,华东一仓,29.0,3,120,39.20
2024-06-15,SKU-1033,个护清洁,华东一仓,52.0,79,277,¥114.77
2024-06-15,SKU-1034,服饰,华北三仓,117.0,37,64,64.10
2024-06-15,SKU-1035,数码配件,华北三仓,104.0,57,68,¥77.04
2024-06-15,SKU-1036,家居百货,华北三仓,,31,140,103.12
2024-06-16,SKU-1001,家居百货,华东一仓,38.0,78,243,105.55
2024-06-16,SKU-1002,食品饮料,华东一仓,8.0,69,79,29.69
2024-06-16,SKU-1003,个护清洁,华南二仓,14.0,38,245,159.73
2024-06-16,SKU-1004,服饰,华南二仓,8.0,17,231,63.44
2024-06-16,SKU-1005,数码配件,华东一仓,21.0,1,205,¥111.82
2024-06-16,SKU-1006,家居百货,华南二仓,116.0,3,76,43.77
2024-06-16,SKU-1007,食品饮料,华北三仓,30.0,32,103,¥122.62
2024-06-16,SKU-1008,个护清洁,华北三仓,78.0,55,256,146.27
2024-06-16,SKU-1009,服饰,华北三仓,62.0,42,223,44.09
2024-06-16,SKU-1010,数码配件,华北三仓,110.0,82,95,151.79
2024-06-16,SKU-1011,家居百货,华北三仓,64.0,4,204,56.98
2024-06-16,SKU-1012,食品饮料,华北三仓,43.0,62,108,¥122.64
2024-06-16,SKU-1013,个护清洁,华东一仓,56.0,9,88,¥127.25
2024-06-16,SKU-1014,服饰,华北三仓,87.0,1,235,147.20
2024-06-16,SKU-1015,数码配件,华北三仓,72.0,87,135,28.29
2024-06-16,SKU-1016,家居百货,华南二仓,109.0,17,132,50.48
2024-06-16,SKU-1017,食品饮料,华南二仓,12.0,93,277,24.70
2024-06-16,SKU-1018,个护清洁,华北三仓,103.0,47,172,79.90
2024-06-16,SKU-1019,服饰,华北三仓,,57,127,54.18
2024-06-16,SKU-1020,数码配件,华北三仓,73.0,63,149,29.30
2024-06-16,SKU-1021,家居百货,华北三仓,36.0,57,251,¥116.82
2024-06-16,SKU-1022,食品饮料,华南二仓,66.0,18,209,9.67
2024-06-16,SKU-1023,个护清洁,华北三仓,101.0,92,275,13.79
2024-06-16,SKU-1024,服饰,华东一仓,82.0,18,118,¥34.57
2024-06-16,SKU-1025,数码配件,华东一仓,47.0,56,23,17.40
2024-06-16,SKU-1026,家居百货,华东一仓,56.0,95,37,65.62
2024-06-16,SKU-1027,食品饮料,华北三仓,14.0,25,256,23.91
2024-06-16,SKU-1028,个护清洁,华南二仓,114.0,49,159,104.84
2024-06-16,SKU-1029,服饰,华北三仓,98.0,0,229,95.57
2024-06-16,SKU-1030,数码配件,华北三仓,58.0,50,184,55.02
2024-06-16,SKU-1031,家居百货,华东一仓,77.0,81,126,89.18
2024-06-16,SKU-1032,食品饮料,华南二仓,46.0,66,127,¥26.64
2024-06-16,SKU-1033,个护清洁,华东一仓,107.0,74,178,¥17.83
2024-06-16,SKU-1034,服饰,华东一仓,119.0,89,148,92.90
2024-06-16,SKU-1035,数码配件,华北三仓,106.0,37,311,71.34
2024-06-16,SKU-1036,家居百货,华东一仓,104.0,84,206,70.24
2024-06-17,SKU-1001,家居百货,华北三仓,33.0,16,295,¥90.89
2024-06-17,SKU-1002,食品饮料,华南二仓,96.0,3,310,¥73.41
2024-06-17,SKU-1003,个护清洁,华北三仓,17.0,85,313,41.16
2024-06-17,SKU-1004,服饰,华东一仓,85.0,21,167,39.18
2024-06-17,SKU-1005,数码配件,华东一仓,80.0,42,221,74.78
2024-06-17,SKU-1006,家居百货,华北三仓,71.0,26,162,70.84
2024-06-17,SKU-1007,食品饮料,华北三仓,8.0,9,244,¥157.91
2024-06-17,SKU-1008,个护清洁,华东一仓,31.0,3,44,25.89
2024-06-17,SKU-1009,服饰,华南二仓,95.0,16,312,114.38
2024-06-17,SKU-1010,数码配件,华北三仓,59.0,93,204,¥12.36
2024-06-17,SKU-1011,家居百货,华北三仓,111.0,40,192,16.63
2024-06-17,SKU-1012,食品饮料,华东一仓,81.0,60,27,68.47
2024-06-17,SKU-1013,个护清洁,华南二仓,84.0,11,69,108.19
2024-06-17,SKU-1014,服饰,华南二仓,18.0,94,149,¥29.02
2024-06-17,SKU-1015,数码配件,华北三仓,56.0,39,208,79.88
2024-06-17,SKU-1016,家居百货,华北三仓,48.0,16,184,21.10
2024-06-17,SKU-1017,食品饮料,华北三仓,52.0,0,65,117.71
2024-06-17,SKU-1018,个护清洁,华北三仓,50.0,57,185,¥42.56
2024-06-17,SKU-1019,服饰,华东一仓,109.0,20,53,50.79
2024-06-17,SKU-1020,数码配件,华南二仓,92.0,55,226,39.04
2024-06-17,SKU-1021,家居百货,华南二仓,72.0,55,251,31.21
2024-06-17,SKU-1022,食品饮料,华北三仓,103.0,95,118,153.20
2024-06-17,SKU-1023,个护清洁,华南二仓,18.0,83,75,92.35
2024-06-17,SKU-1024,服饰,华北三仓,26.0,50,169,99.98
2024-06-17,SKU-1025,数码配件,华东一仓,75.0,82,117,¥141.63
2024-06-17,SKU-1026,家居百货,华南二仓,45.0,7,303,73.54
2024-06-17,SKU-1027,食品饮料,华东一仓,5.0,93,53,55.83
2024-06-17,SKU-1028,个护清洁,华东一仓,1.0,47,137,¥129.39
2024-06-17,SKU-1029,服饰,华北三仓,1.0,23,247,141.24
2024-06-17,SKU-1030,数码配件,华南二仓,4.0,15,138,112.35
2024-06-17,SKU-1031,家居百货,华东一仓,26.0,41,98,22.69
2024-06-17,SKU-1032,食品饮料,华东一仓,87.0,84,129,158.79
2024-06-17,SKU-1033,个护清洁,华东一仓,48.0,55,169,111.99
2024-06-17,SKU-1034,服饰,华东一仓,85.0,69,270,118.98
2024-06-17,SKU-1035,数码配件,华南二仓,46.0,46,84,96.66
2024-06-17,SKU-1036,家居百货,华南二仓,2.0,48,300,¥158.32
2024-06-18,SKU-1001,家居百货,华北三仓,90.0,40,130,¥29.66
2024-06-18,SKU-1002,食品饮料,华东一仓,20.0,81,206,51.42
2024-06-18,SKU-1003,个护清洁,华东一仓,45.0,82,163,¥20.22
2024-06-18,SKU-1004,服饰,华北三仓,34.0,98,194,31.05
2024-06-18,SKU-1005,数码配件,华东一仓,71.0,63,137,¥131.30
2024-06-18,SKU-1006,家居百货,华北三仓,3.0,66,40,83.44
2024-06-18,SKU-1007,食品饮料,华东一仓,114.0,87,155,15.35
2024-06-18,SKU-1008,个护清洁,华南二仓,15.0,70,153,¥110.09
2024-06-18,SKU-1009,服饰,华北三仓,92.0,41,295,¥117.86
2024-06-18,SKU-1010,数码配件,华南二仓,75.0,29,69,¥158.09
2024-06-18,SKU-1011,家居百货,华北三仓,52.0,77,170,26.16
2024-06-18,SKU-1012,食品饮料,华南二仓,31.0,42,304,106.30
2024-06-18,SKU-1013,个护清洁,华南二仓,24.0,84,57,¥74.78
2024-06-18,SKU-1014,服饰,华东一仓,102.0,69,109,72.64
2024-06-18,SKU-1015,数码配件,华北三仓,63.0,31,33,9.83
2024-06-18,SKU-1016,家居百货,华东一仓,109.0,49,258,¥100.12
2024-06-18,SKU-1017,食品饮料,华北三仓,68.0,80,245,73.90
2024-06-18,SKU-1018,个护清洁,华南二仓,38.0,26,186,87.96
2024-06-18,SKU-1019,服饰,华东一仓,108.0,94,29,¥39.25
2024-06-18,SKU-1020,数码配件,华南二仓,101.0,48,138,¥40.10
2024-06-18,SKU-1021,家居百货,华北三仓,83.0,4,203,71.15
2024-06-18,SKU-1022,食品饮料,华北三仓,63.0,24,150,37.71
2024-06-18,SKU-1023,个护清洁,华东一仓,42.0,12,82,19.86
2024-06-18,SKU-1024,服饰,华南二仓,10.0,37,103,¥113.81
2024-06-18,SKU-1025,数码配件,华东一仓,47.0,23,296,¥102.23
2024-06-18,SKU-1026,家居百货,华南二仓,17.0,35,202,31.89
2024-06-18,SKU-1027,食品饮料,华北三仓,20.0,44,262,¥125.00
2024-06-18,SKU-1028,个护清洁,华北三仓,28.0,95,24,94.10
2024-06-18,SKU-1029,服饰,华北三仓,108.0,52,115,¥128.08
2024-06-18,SKU-1030,数码配件,华东一仓,101.0,66,254,106.83
2024-06-18,SKU-1031,家居百货,华北三仓,79.0,47,62,¥63.67
2024-06-18,SKU-1032,食品饮料,华南二仓,47.0,63,23,34.09
2024-06-18,SKU-1033,个护清洁,华南二仓,66.0,19,309,¥98.32
2024-06-18,SKU-1034,服饰,华北三仓,71.0,68,73,34.28
2024-06-18,SKU-1035,数码配件,华北三仓,117.0,27,34,¥102.95
2024-06-18,SKU-1036,家居百货,华北三仓,65.0,89,105,¥10.65
2024-06-19,SKU-1001,家居百货,华北三仓,73.0,19,86,72.35
2024-06-19,SKU-1002,食品饮料,华东一仓,86.0,42,161,69.38
2024-06-19,SKU-1003,个护清洁,华北三仓,41.0,30,-356,104.34
2024-06-19,SKU-1004,服饰,华北三仓,23.0,84,242,¥20.35
2024-06-19,SKU-1005,数码配件,华南二仓,20.0,16,265,23.95
2024-06-19,SKU-1006,家居百货,华东一仓,94.0,13,141,¥85.84
2024-06-19,SKU-1007,食品饮料,华北三仓,17.0,77,198,¥112.08
2024-06-19,SKU-1008,个护清洁,华南二仓,92.0,92,293,¥100.27
2024-06-19,SKU-1009,服饰,华南二仓,106.0,87,67,37.28
2024-06-19,SKU-1010,数码配件,华南二仓,101.0,39,312,114.38
2024-06-19,SKU-1011,家居百货,华东一仓,63.0,81,252,91.41
2024-06-19,SKU-1012,食品饮料,华东一仓,58.0,74,145,24.86
2024-06-19,SKU-1013,个护清洁,华南二仓,37.0,49,253,¥11.99
2024-06-19,SKU-1014,服饰,华东一仓,102.0,98,162,139.87
2024-06-19,SKU-1015,数码配件,华北三仓,89.0,64,206,¥126.87
2024-06-19,SKU-1016,家居百货,华南二仓,99.0,19,290,49.86
2024-06-19,SKU-1017,食品饮料,华东一仓,0.0,79,237,34.17
2024-06-19,SKU-1018,个护清洁,华北三仓,66.0,57,251,¥22.41
2024-06-19,SKU-1019,服饰,华南二仓,118.0,50,185,26.69
2024-06-19,SKU-1020,数码配件,华东一仓,12.0,52,308,104.18
2024-06-19,SKU-1021,家居百货,华北三仓,89.0,61,288,103.09
2024-06-19,SKU-1022,食品饮料,华东一仓,108.0,98,221,¥90.82
2024-06-19,SKU-1023,个护清洁,华北三仓,47.0,87,86,106.18
2024-06-19,SKU-1024,服饰,华东一仓,19.0,86,236,63.66
2024-06-19,SKU-1025,数码配件,华东一仓,84.0,22,157,43.62
2024-06-19,SKU-1026,家居百货,华北三仓,71.0,57,196,49.93
2024-06-19,SKU-1027,食品饮料,华东一仓,114.0,0,167,67.61
2024-06-19,SKU-1028,个护清洁,华东一仓,44.0,68,169,¥115.70
2024-06-19,SKU-1029,服饰,华南二仓,70.0,31,212,53.08
2024-06-19,SKU-1030,数码配件,华东一仓,92.0,17,307,¥127.49
2024-06-19,SKU-1031,家居百货,华南二仓,103.0,9,215,65.97
2024-06-19,SKU-1032,食品饮料,华南二仓,111.0,94,310,72.17
2024-06-19,SKU-1033,个护清洁,华南二仓,23.0,13,108,¥117.52
2024-06-19,SKU-1034,服饰,华东一仓,66.0,67,56,¥137.13
2024-06-19,SKU-1035,数码配件,华北三仓,32.0,15,257,69.30
2024-06-19,SKU-1036,家居百货,华南二仓,6.0,31,157,157.02
2024-06-20,SKU-1001,家居百货,华南二仓,40.0,45,234,51.93
2024-06-20,SKU-1002,食品饮料,华南二仓,57.0,88,160,91.68
2024-06-20,SKU-1003,个护清洁,华北三仓,44.0,52,50,¥122.48
2024-06-20,SKU-1004,服饰,华东一仓,68.0,16,92,82.98
2024-06-20,SKU-1005,数码配件,华北三仓,110.0,18,286,124.25
2024-06-20,SKU-1006,家居百货,华北三仓,72.0,72,27,¥131.47
2024-06-20,SKU-1007,食品饮料,华东一仓,21.0,45,179,47.67
2024-06-20,SKU-1008,个护清洁,华东一仓,19.0,90,247,55.70
2024-06-20,SKU-1009,服饰,华南二仓,92.0,83,292,145.31
2024-06-20,SKU-1010,数码配件,华北三仓,99.0,22,221,¥76.10
2024-06-20,SKU-1011,家居百货,华东一仓,68.0,59,259,132.34
2024-06-20,SKU-1012,食品饮料,华北三仓,79.0,72,96,58.80
2024-06-20,SKU-1013,个护清洁,华北三仓,11.0,41,262,15.09
2024-06-20,SKU-1014,服饰,华南二仓,69.0,0,20,117.14
2024-06-20,SKU-1015,数码配件,华北三仓,95.0,36,136,49.68
2024-06-20,SKU-1016,家居百货,华北三仓,61.0,67,170,26.04
2024-06-20,SKU-1017,食品饮料,华北三仓,7.0,0,138,119.86
2024-06-20,SKU-1018,个护清洁,华南二仓,5.0,48,257,¥134.70
2024-06-20,SKU-1019,服饰,华东一仓,24.0,80,248,¥89.21
2024-06-20,SKU-1020,数码配件,华北三仓,53.0,4,142,11.77
2024-06-20,SKU-1021,家居百货,华南二仓,43.0,94,197,82.01
2024-06-20,SKU-1022,食品饮料,华南二仓,55.0,99,210,¥80.27
2024-06-20,SKU-1023,个护清洁,华北三仓,76.0,10,199,79.63
2024-06-20,SKU-1024,服饰,华北三仓,4.0,32,315,¥99.25
2024-06-20,SKU-1025,数码配件,华北三仓,14.0,69,259,12.41
2024-06-20,SKU-1026,家居百货,华北三仓,25.0,95,311,¥11.45
2024-06-20,SKU-1027,食品饮料,华北三仓,58.0,1,76,135.04
2024-06-20,SKU-1028,个护清洁,华南二仓,100.0,29,271,9.06
2024-06-20,SKU-1029,服饰,华北三仓,72.0,66,259,49.37
2024-06-20,SKU-1030,数码配件,华南二仓,32.0,56,155,12.94
2024-06-20,SKU-1031,家居百货,华南二仓,27.0,29,85,96.26
2024-06-20,SKU-1032,食品饮料,华北三仓,100.0,53,161,¥132.47
2024-06-20,SKU-1033,个护清洁,华北三仓,17.0,24,99,¥76.25
2024-06-20,SKU-1034,服饰,华南二仓,89.0,9,264,¥97.04
2024-06-20,SKU-1035,数码配件,华北三仓,107.0,80,231,146.76
2024-06-20,SKU-1036,家居百货,华北三仓,57.0,50,39,73.13
2024-06-21,SKU-1001,家居百货,华东一仓,47.0,26,121,104.95
2024-06-21,SKU-1002,食品饮料,华北三仓,14.0,56,62,30.52
2024-06-21,SKU-1003,个护清洁,华北三仓,44.0,70,140,89.85
2024-06-21,SKU-1004,服饰,华东一仓,82.0,8,197,31.95
2024-06-21,SKU-1005,数码配件,华东一仓,37.0,63,124,¥18.56
2024-06-21,SKU-1006,家居百货,华北三仓,108.0,50,315,¥149.06
2024-06-21,SKU-1007,食品饮料,华东一仓,71.0,74,109,82.84
2024-06-21,SKU-1008,个护清洁,华南二仓,100.0,17,130,55.18
2024-06-21,SKU-1009,服饰,华东一仓,19.0,39,64,¥42.67
2024-06-21,SKU-1010,数码配件,华北三仓,23.0,55,183,16.81
2024-06-21,SKU-1011,家居百货,华东一仓,4.0,39,68,9.30
2024-06-21,SKU-1012,食品饮料,华东一仓,79.0,23,63,121.22
2024-06-21,SKU-1013,个护清洁,华南二仓,108.0,71,184,¥100.30
2024-06-21,SKU-1014,服饰,华南二仓,60.0,89,299,56.21
2024-06-21,SKU-1015,数码配件,华南二仓,58.0,12,239,31.78
2024-06-21,SKU-1016,家居百货,华南二仓,114.0,49,309,¥127.55
2024-06-21,SKU-1017,食品饮料,华北三仓,95.0,14,76,8.52
2024-06-21,SKU-1018,个护清洁,华南二仓,42.0,12,152,122.20
2024-06-21,SKU-1019,服饰,华南二仓,51.0,33,104,108.99
2024-06-21,SKU-1020,数码配件,华东一仓,93.0,88,235,17.13
2024-06-21,SKU-1021,家居百货,华南二仓,37.0,27,95,118.05
2024-06-21,SKU-1022,食品饮料,华东一仓,63.0,40,271,153.91
2024-06-21,SKU-1023,个护清洁,华东一仓,51.0,1,315,75.21
2024-06-21,SKU-1024,服饰,华南二仓,37.0,63,156,¥100.18
2024-06-21,SKU-1025,数码配件,华南二仓,48.0,40,205,¥23.66
2024-06-21,SKU-1026,家居百货,华南二仓,49.0,73,193,69.54
2024-06-21,SKU-1027,食品饮料,华东一仓,41.0,79,129,¥127.51
2024-06-21,SKU-1028,个护清洁,华南二仓,2.0,23,24,¥19.71
2024-06-21,SKU-1029,服饰,华北三仓,84.0,27,255,133.73
2024-06-21,SKU-1030,数码配件,华东一仓,62.0,6,85,38.23
2024-06-21,SKU-1031,家居百货,华南二仓,59.0,2,45,¥35.71
2024-06-21,SKU-1032,食品饮料,华东一仓,71.0,65,46,124.32
2024-06-21,SKU-1033,个护清洁,华北三仓,33.0,57,139,151.46
2024-06-21,SKU-1034,服饰,华南二仓,43.0,62,81,125.29
2024-06-21,SKU-1035,数码配件,华东一仓,80.0,23,141,¥95.63
2024-06-21,SKU-1036,家居百货,华北三仓,111.0,0,200,8.19
2024-06-22,SKU-1001,家居百货,华东一仓,18.0,76,-453,159.99
2024-06-22,SKU-1002,食品饮料,华北三仓,95.0,9,214,52.12
2024-06-22,SKU-1003,个护清洁,华东一仓,51.0,91,140,154.93
2024-06-22,SKU-1004,服饰,华南二仓,72.0,32,319,154.80
2024-06-22,SKU-1005,数码配件,华南二仓,74.0,78,214,62.43
2024-06-22,SKU-1006,家居百货,华东一仓,21.0,61,145,62.23
2024-06-22,SKU-1007,食品饮料,华北三仓,22.0,54,145,¥132.05
2024-06-22,SKU-1008,个护清洁,华东一仓,43.0,43,231,73.48
2024-06-22,SKU-1009,服饰,华北三仓,104.0,99,271,40.14
2024-06-22,SKU-1010,数码配件,华北三仓,101.0,3,312,36.51
2024-06-22,SKU-1011,家居百货,华东一仓,106.0,79,261,38.66
2024-06-22,SKU-1012,食品饮料,华东一仓,95.0,50,44,84.50
2024-06-22,SKU-1013,个护清洁,华北三仓,31.0,17,82,137.48
2024-06-22,SKU-1014,服饰,华东一仓,22.0,94,154,95.79
2024-06-22,SKU-1015,数码配件,华东一仓,87.0,5,99,57.60
2024-06-22,SKU-1016,家居百货,华北三仓,15.0,7,131,¥75.85
2024-06-22,SKU-1017,食品饮料,华东一仓,60.0,72,319,50.46
2024-06-22,SKU-1018,个护清洁,华北三仓,63.0,22,130,55.84
2024-06-22,SKU-1019,服饰,华南二仓,91.0,42,280,¥71.26
2024-06-22,SKU-1020,数码配件,华东一仓,66.0,55,248,155.15
2024-06-22,SKU-1021,家居百货,华南二仓,116.0,20,134,¥81.18
2024-06-22,SKU-1022,食品饮料,华东一仓,69.0,93,240,¥20.02
2024-06-22,SKU-1023,个护清洁,华东一仓,,42,157,18.87
2024-06-22,SKU-1024,服饰,华南二仓,37.0,43,85,¥39.67
2024-06-22,SKU-1025,数码配件,华南二仓,106.0,48,220,109.01
2024-06-22,SKU-1026,家居百货,华南二仓,119.0,6,243,¥93.08
2024-06-22,SKU-1027,食品饮料,华北三仓,103.0,50,157,39.70
2024-06-22,SKU-1028,个护清洁,华北三仓,112.0,55,296,134.51
2024-06-22,SKU-1029,服饰,华东一仓,34.0,58,249,¥110.80
2024-06-22,SKU-1030,数码配件,华南二仓,44.0,49,216,¥82.97
2024-06-22,SKU-1031,家居百货,华北三仓,16.0,85,294,103.86
2024-06-22,SKU-1032,食品饮料,华东一仓,83.0,9,210,118.22
2024-06-22,SKU-1033,个护清洁,华南二仓,97.0,73,239,10.88
2024-06-22,SKU-1034,服饰,华南二仓,17.0,5,80,37.87
2024-06-22,SKU-1035,数码配件,华南二仓,56.0,45,118,137.28
2024-06-22,SKU-1036,家居百货,华东一仓,9.0,87,251,123.93
2024-06-23,SKU-1001,家居百货,华南二仓,90.0,50,136,18.18
2024-06-23,SKU-1002,食品饮料,华南二仓,102.0,92,294,¥99.18
2024-06-23,SKU-1003,个护清洁,华北三仓,97.0,0,175,11.96
2024-06-23,SKU-1004,服饰,华北三仓,48.0,38,190,112.33
2024-06-23,SKU-1005,数码配件,华北三仓,54.0,81,60,49.49
2024-06-23,SKU-1006,家居百货,华东一仓,66.0,67,108,63.53
2024-06-23,SKU-1007,食品饮料,华南二仓,118.0,76,164,¥89.22
2024-06-23,SKU-1008,个护清洁,华南二仓,35.0,49,307,138.61
2024-06-23,SKU-1009,服饰,华北三仓,49.0,48,117,154.02
2024-06-23,SKU-1010,数码配件,华南二仓,51.0,83,158,135.71
2024-06-23,SKU-1011,家居百货,华北三仓,17.0,48,268,12.03
2024-06-23,SKU-1012,食品饮料,华南二仓,116.0,56,133,¥108.89
2024-06-23,SKU-1013,个护清洁,华南二仓,23.0,80,120,¥135.81
2024-06-23,SKU-1014,服饰,华东一仓,9.0,69,35,¥126.15
2024-06-23,SKU-1015,数码配件,华北三仓,116.0,36,310,22.50
2024-06-23,SKU-1016,家居百货,华南二仓,50.0,25,311,¥29.34
2024-06-23,SKU-1017,食品饮料,华东一仓,103.0,50,217,65.08
2024-06-23,SKU-1018,个护清洁,华东一仓,9.0,34,29,¥158.27
2024-06-23,SKU-1019,服饰,华南二仓,4.0,3,34,53.03
2024-06-23,SKU-1020,数码配件,华北三仓,64.0,2,23,42.78
2024-06-23,SKU-1021,家居百货,华东一仓,44.0,53,293,100.42
2024-06-23,SKU-1022,食品饮料,华北三仓,101.0,5,196,28.39
2024-06-23,SKU-1023,个护清洁,华东一仓,117.0,10,126,25.31
2024-06-23,SKU-1024,服饰,华北三仓,100.0,39,263,101.78
2024-06-23,SKU-1025,数码配件,华北三仓,37.0,16,92,143.87
2024-06-23,SKU-1026,家居百货,华南二仓,38.0,53,101,136.94
2024-06-23,SKU-1027,食品饮料,华东一仓,29.0,73,36,44.14
2024-06-23,SKU-1028,个护清洁,华南二仓,67.0,14,273,148.41
2024-06-23,SKU-1029,服饰,华南二仓,8.0,85,319,96.32
2024-06-23,SKU-1030,数码配件,华东一仓,5.0,61,155,33.57
2024-06-23,SKU-1031,家居百货,华北三仓,50.0,66,221,¥112.38
2024-06-23,SKU-1032,食品饮料,华东一仓,11.0,65,308,141.35
2024-06-23,SKU-1033,个护清洁,华北三仓,103.0,23,91,126.97
2024-06-23,SKU-1034,服饰,华南二仓,20.0,21,66,30.21
2024-06-23,SKU-1035,数码配件,华东一仓,109.0,35,28,139.22
2024-06-23,SKU-1036,家居百货,华北三仓,36.0,92,312,93.24
2024-06-24,SKU-1001,家居百货,华东一仓,102.0,40,241,33.39
2024-06-24,SKU-1002,食品饮料,华北三仓,60.0,18,85,¥65.49
2024-06-24,SKU-1003,个护清洁,华南二仓,35.0,57,226,¥135.37
2024-06-24,SKU-1004,服饰,华东一仓,95.0,34,88,¥115.91
2024-06-24,SKU-1005,数码配件,华北三仓,28.0,3,152,¥75.59
2024-06-24,SKU-1006,家居百货,华南二仓,15.0,42,51,66.72
2024-06-24,SKU-1007,食品饮料,华北三仓,51.0,86,154,49.06
2024-06-24,SKU-1008,个护清洁,华北三仓,61.0,75,104,11.16
2024-06-24,SKU-1009,服饰,华东一仓,76.0,94,126,127.84
2024-06-24,SKU-1010,数码配件,华南二仓,105.0,61,75,¥37.52
2024-06-24,SKU-1011,家居百货,华东一仓,64.0,64,67,123.99
2024-06-24,SKU-1012,食品饮料,华南二仓,66.0,11,290,52.20
2024-06-24,SKU-1013,个护清洁,华南二仓,57.0,9,279,¥131.33
2024-06-24,SKU-1014,服饰,华南二仓,93.0,10,218,86.18
2024-06-24,SKU-1015,数码配件,华南二仓,37.0,22,125,19.30
2024-06-24,SKU-1016,家居百货,华南二仓,13.0,88,99,¥22.85
2024-06-24,SKU-1017,食品饮料,华东一仓,97.0,5,180,¥48.50
2024-06-24,SKU-1018,个护清洁,华北三仓,,85,65,96.41
2024-06-24,SKU-1019,服饰,华东一仓,54.0,7,74,77.11
2024-06-24,SKU-1020,数码配件,华北三仓,29.0,99,127,25.66
2024-06-24,SKU-1021,家居百货,华南二仓,79.0,17,292,12.75
2024-06-24,SKU-1022,食品饮料,华东一仓,42.0,6,35,109.69
2024-06-24,SKU-1023,个护清洁,华东一仓,69.0,99,174,110.65
2024-06-24,SKU-1024,服饰,华东一仓,67.0,34,140,79.30
2024-06-24,SKU-1025,数码配件,华东一仓,44.0,36,115,¥133.80
2024-06-24,SKU-1026,家居百货,华南二仓,45.0,40,25,47.82
2024-06-24,SKU-1027,食品饮料,华北三仓,4.0,27,206,95.18
2024-06-24,SKU-1028,个护清洁,华东一仓,,63,317,¥125.27
2024-06-24,SKU-1029,服饰,华南二仓,47.0,27,195,24.18
2024-06-24,SKU-1030,数码配件,华南二仓,24.0,78,198,82.34
2024-06-24,SKU-1031,家居百货,华东一仓,89.0,74,180,78.31
2024-06-24,SKU-1032,食品饮料,华北三仓,107.0,80,35,¥137.50
2024-06-24,SKU-1033,个护清洁,华东一仓,33.0,88,141,9.99
2024-06-24,SKU-1034,服饰,华北三仓,74.0,90,316,¥128.38
2024-06-24,SKU-1035,数码配件,华东一仓,85.0,46,23,151.29
2024-06-24,SKU-1036,家居百货,华北三仓,7.0,37,144,¥103.03
2024-06-25,SKU-1001,家居百货,华北三仓,108.0,18,283,97.10
2024-06-25,SKU-1002,食品饮料,华东一仓,70.0,12,196,95.90
2024-06-25,SKU-1003,个护清洁,华北三仓,114.0,28,82,¥71.11
2024-06-25,SKU-1004,服饰,华北三仓,9.0,56,105,76.85
2024-06-25,SKU-1005,数码配件,华东一仓,115.0,97,304,¥84.43
2024-06-25,SKU-1006,家居百货,华南二仓,37.0,60,75,10.25
2024-06-25,SKU-1007,食品饮料,华北三仓,103.0,61,274,119.35
2024-06-25,SKU-1008,个护清洁,华北三仓,4.0,75,35,¥117.57
2024-06-25,SKU-1009,服饰,华南二仓,14.0,18,51,20.84
2024-06-25,SKU-1010,数码配件,华南二仓,21.0,48,168,88.51
2024-06-25,SKU-1011,家居百货,华东一仓,0.0,76,201,97.67
2024-06-25,SKU-1012,食品饮料,华南二仓,5.0,94,315,¥140.16
2024-06-25,SKU-1013,个护清洁,华东一仓,33.0,55,292,139.80
2024-06-25,SKU-1014,服饰,华北三仓,27.0,57,315,¥47.30
2024-06-25,SKU-1015,数码配件,华东一仓,37.0,19,95,57.61
2024-06-25,SKU-1016,家居百货,华南二仓,11.0,99,114,121.35
2024-06-25,SKU-1017,食品饮料,华北三仓,57.0,50,196,155.72
2024-06-25,SKU-1018,个护清洁,华北三仓,14.0,40,296,33.33
2024-06-25,SKU-1019,服饰,华东一仓,78.0,77,185,¥105.61
2024-06-25,SKU-1020,数码配件,华东一仓,92.0,77,88,39.07
2024-06-25,SKU-1021,家居百货,华北三仓,31.0,17,137,103.28
2024-06-25,SKU-1022,食品饮料,华北三仓,89.0,29,81,118.69
2024-06-25,SKU-1023,个护清洁,华东一仓,85.0,41,244,88.97
2024-06-25,SKU-1024,服饰,华北三仓,89.0,84,216,89.04
2024-06-25,SKU-1025,数码配件,华东一仓,39.0,5,229,¥58.30
2024-06-25,SKU-1026,家居百货,华东一仓,91.0,15,47,¥69.90
2024-06-25,SKU-1027,食品饮料,华南二仓,119.0,98,279,¥124.99
2024-06-25,SKU-1028,个护清洁,华东一仓,62.0,42,76,101.74
2024-06-25,SKU-1029,服饰,华南二仓,5.0,27,251,146.12
2024-06-25,SKU-1030,数码配件,华东一仓,25.0,86,30,140.38
2024-06-25,SKU-1031,家居百货,华南二仓,19.0,25,306,¥8.66
2024-06-25,SKU-1032,食品饮料,华南二仓,37.0,11,40,¥75.10
2024-06-25,SKU-1033,个护清洁,华东一仓,95.0,82,116,157.23
2024-06-25,SKU-1034,服饰,华南二仓,102.0,43,310,62.41
2024-06-25,SKU-1035,数码配件,华南二仓,28.0,8,217,49.30
2024-06-25,SKU-1036,家居百货,华北三仓,45.0,27,217,70.23
2024-06-26,SKU-1001,家居百货,华北三仓,30.0,29,138,150.43
2024-06-26,SKU-1002,食品饮料,华南二仓,19.0,17,127,124.55
2024-06-26,SKU-1003,个护清洁,华东一仓,35.0,24,181,150.66
2024-06-26,SKU-1004,服饰,华南二仓,71.0,26,177,¥139.39
2024-06-26,SKU-1005,数码配件,华南二仓,95.0,43,103,43.77
2024-06-26,SKU-1006,家居百货,华北三仓,0.0,19,312,¥45.77
2024-06-26,SKU-1007,食品饮料,华北三仓,94.0,6,63,151.19
2024-06-26,SKU-1008,个护清洁,华东一仓,7.0,14,23,¥118.30
2024-06-26,SKU-1009,服饰,华北三仓,37.0,64,118,50.04
2024-06-26,SKU-1010,数码配件,华东一仓,46.0,10,314,94.65
2024-06-26,SKU-1011,家居百货,华北三仓,64.0,41,63,104.14
2024-06-26,SKU-1012,食品饮料,华北三仓,10.0,74,84,51.74
2024-06-26,SKU-1013,个护清洁,华南二仓,79.0,40,149,¥115.55
2024-06-26,SKU-1014,服饰,华南二仓,53.0,55,247,112.58
2024-06-26,SKU-1015,数码配件,华北三仓,59.0,63,20,113.43
2024-06-26,SKU-1016,家居百货,华北三仓,60.0,49,185,¥61.92
2024-06-26,SKU-1017,食品饮料,华北三仓,108.0,54,253,¥55.85
2024-06-26,SKU-1018,个护清洁,华北三仓,37.0,17,58,¥150.44
2024-06-26,SKU-1019,服饰,华南二仓,61.0,25,48,23.24
2024-06-26,SKU-1020,数码配件,华北三仓,16.0,91,156,84.82
2024-06-26,SKU-1021,家居百货,华东一仓,100.0,3,102,159.39
2024-06-26,SKU-1022,食品饮料,华东一仓,104.0,31,277,114.53
2024-06-26,SKU-1023,个护清洁,华北三仓,113.0,70,253,144.14
2024-06-26,SKU-1024,服饰,华北三仓,79.0,59,38,86.21
2024-06-26,SKU-1025,数码配件,华南二仓,29.0,64,305,11.37
2024-06-26,SKU-1026,家居百货,华北三仓,48.0,72,51,121.61
2024-06-26,SKU-1027,食品饮料,华北三仓,38.0,69,278,97.69
2024-06-26,SKU-1028,个护清洁,华南二仓,96.0,77,255,¥154.13
2024-06-26,SKU-1029,服饰,华南二仓,71.0,39,180,¥135.39
2024-06-26,SKU-1030,数码配件,华东一仓,68.0,13,268,125.94
2024-06-26,SKU-1031,家居百货,华南二仓,53.0,70,251,¥17.68
2024-06-26,SKU-1032,食品饮料,华东一仓,36.0,83,88,66.03
2024-06-26,SKU-1033,个护清洁,华南二仓,6.0,31,93,¥84.91
2024-06-26,SKU-1034,服饰,华东一仓,98.0,33,312,¥82.09
2024-06-26,SKU-1035,数码配件,华东一仓,95.0,17,34,148.02
2024-06-26,SKU-1036,家居百货,华东一仓,18.0,91,38,52.34
2024-06-27,SKU-1001,家居百货,华北三仓,104.0,41,110,43.48
2024-06-27,SKU-1002,食品饮料,华北三仓,68.0,25,138,53.88
2024-06-27,SKU-1003,个护清洁,华东一仓,54.0,42,134,128.67
2024-06-27,SKU-1004,服饰,华南二仓,92.0,68,193,73.80
2024-06-27,SKU-1005,数码配件,华北三仓,63.0,86,298,74.71
2024-06-27,SKU-1006,家居百货,华南二仓,106.0,79,102,¥142.58
2024-06-27,SKU-1007,食品饮料,华北三仓,64.0,2,191,10.77
2024-06-27,SKU-1008,个护清洁,华南二仓,109.0,76,220,30.80
2024-06-27,SKU-1009,服饰,华南二仓,60.0,32,155,12.24
2024-06-27,SKU-1010,数码配件,华南二仓,5.0,55,77,¥51.82
2024-06-27,SKU-1011,家居百货,华东一仓,100.0,66,302,60.42
2024-06-27,SKU-1012,食品饮料,华东一仓,113.0,40,188,¥127.91
2024-06-27,SKU-1013,个护清洁,华北三仓,14.0,70,97,¥12.37
2024-06-27,SKU-1014,服饰,华北三仓,91.0,53,68,106.48
2024-06-27,SKU-1015,数码配件,华东一仓,89.0,18,78,122.79
2024-06-27,SKU-1016,家居百货,华北三仓,19.0,30,20,¥135.92
2024-06-27,SKU-1017,食品饮料,华南二仓,91.0,69,54,138.93
2024-06-27,SKU-1018,个护清洁,华北三仓,104.0,90,188,94.16
2024-06-27,SKU-1019,服饰,华东一仓,36.0,23,302,103.48
2024-06-27,SKU-1020,数码配件,华南二仓,8.0,1,290,84.81
2024-06-27,SKU-1021,家居百货,华东一仓,60.0,67,88,79.71
2024-06-27,SKU-1022,食品饮料,华东一仓,78.0,33,53,¥24.98
2024-06-27,SKU-1023,个护清洁,华北三仓,47.0,91,252,100.24
2024-06-27,SKU-1024,服饰,华北三仓,35.0,55,112,¥79.55
2024-06-27,SKU-1025,数码配件,华北三仓,72.0,18,175,62.33
2024-06-27,SKU-1026,家居百货,华东一仓,54.0,69,300,85.10
2024-06-27,SKU-1027,食品饮料,华东一仓,25.0,21,135,123.96
2024-06-27,SKU-1028,个护清洁,华南二仓,52.0,84,216,20.89
2024-06-27,SKU-1029,服饰,华北三仓,112.0,82,288,124.80
2024-06-27,SKU-1030,数码配件,华东一仓,53.0,29,140,61.84
2024-06-27,SKU-1031,家居百货,华东一仓,98.0,80,170,56.91
2024-06-27,SKU-1032,食品饮料,华东一仓,10.0,98,316,75.95
2024-06-27,SKU-1033,个护清洁,华东一仓,85.0,95,130,146.80
2024-06-27,SKU-1034,服饰,华东一仓,76.0,69,168,100.25
2024-06-27,SKU-1035,数码配件,华北三仓,11.0,11,245,44.02
2024-06-27,SKU-1036,家居百货,华北三仓,86.0,41,182,46.38
2024-06-28,SKU-1001,家居百货,华东一仓,87.0,70,98,65.70
2024-06-28,SKU-1002,食品饮料,华南二仓,40.0,21,146,58.38
2024-06-28,SKU-1003,个护清洁,华南二仓,83.0,55,209,154.25
2024-06-28,SKU-1004,服饰,华东一仓,69.0,37,138,157.02
2024-06-28,SKU-1005,数码配件,华东一仓,43.0,86,109,77.70
2024-06-28,SKU-1006,家居百货,华东一仓,56.0,88,265,130.54
2024-06-28,SKU-1007,食品饮料,华北三仓,107.0,20,82,83.59
2024-06-28,SKU-1008,个护清洁,华北三仓,22.0,55,248,24.33
2024-06-28,SKU-1009,服饰,华东一仓,88.0,23,204,¥37.47
2024-06-28,SKU-1010,数码配件,华南二仓,70.0,18,177,39.01
2024-06-28,SKU-1011,家居百货,华南二仓,33.0,59,143,109.22
2024-06-28,SKU-1012,食品饮料,华东一仓,100.0,7,136,¥19.14
2024-06-28,SKU-1013,个护清洁,华北三仓,57.0,29,132,¥44.09
2024-06-28,SKU-1014,服饰,华北三仓,33.0,54,68,83.03
2024-06-28,SKU-1015,数码配件,华北三仓,29.0,63,120,67.44
2024-06-28,SKU-1016,家居百货,华南二仓,23.0,21,296,86.43
2024-06-28,SKU-1017,食品饮料,华东一仓,37.0,71,311,¥127.55
2024-06-28,SKU-1018,个护清洁,华南二仓,89.0,66,39,115.04
2024-06-28,SKU-1019,服饰,华东一仓,46.0,48,131,123.71
2024-06-28,SKU-1020,数码配件,华东一仓,37.0,74,203,102.65
2024-06-28,SKU-1021,家居百货,华南二仓,86.0,16,32,30.06
2024-06-28,SKU-1022,食品饮料,华东一仓,22.0,40,22,¥14.57
2024-06-28,SKU-1023,个护清洁,华北三仓,108.0,37,146,153.19
2024-06-28,SKU-1024,服饰,华北三仓,110.0,21,93,56.71
2024-06-28,SKU-1025,数码配件,华南二仓,99.0,39,274,¥71.16
2024-06-28,SKU-1026,家居百货,华南二仓,19.0,35,157,115.22
2024-06-28,SKU-1027,食品饮料,华南二仓,57.0,32,88,83.32
2024-06-28,SKU-1028,个护清洁,华北三仓,56.0,83,108,18.18
2024-06-28,SKU-1029,服饰,华北三仓,88.0,7,181,151.79
2024-06-28,SKU-1030,数码配件,华北三仓,93.0,63,75,¥119.40
2024-06-28,SKU-1031,家居百货,华北三仓,37.0,44,114,11.04
2024-06-28,SKU-1032,食品饮料,华北三仓,106.0,73,62,¥139.76
2024-06-28,SKU-1033,个护清洁,华南二仓,47.0,62,216,138.65
2024-06-28,SKU-1034,服饰,华南二仓,72.0,14,72,¥129.36
2024-06-28,SKU-1035,数码配件,华东一仓,111.0,2,280,12.50
2024-06-28,SKU-1036,家居百货,华北三仓,24.0,48,187,133.26
2024-06-29,SKU-1001,家居百货,华北三仓,78.0,27,96,157.89
2024-06-29,SKU-1002,食品饮料,华北三仓,40.0,68,102,¥116.38
2024-06-29,SKU-1003,个护清洁,华南二仓,36.0,97,257,77.50
2024-06-29,SKU-1004,服饰,华南二仓,38.0,88,194,147.47
2024-06-29,SKU-1005,数码配件,华北三仓,48.0,21,244,¥34.09
2024-06-29,SKU-1006,家居百货,华东一仓,63.0,77,40,¥81.37
2024-06-29,SKU-1007,食品饮料,华北三仓,85.0,58,257,18.21
2024-06-29,SKU-1008,个护清洁,华北三仓,98.0,58,70,¥68.20
2024-06-29,SKU-1009,服饰,华北三仓,25.0,92,170,¥151.08
2024-06-29,SKU-1010,数码配件,华东一仓,97.0,87,170,94.30
2024-06-29,SKU-1011,家居百货,华南二仓,108.0,14,163,52.00
2024-06-29,SKU-1012,食品饮料,华东一仓,57.0,68,91,52.18
2024-06-29,SKU-1013,个护清洁,华东一仓,57.0,72,274,9.60
2024-06-29,SKU-1014,服饰,华南二仓,88.0,11,117,118.64
2024-06-29,SKU-1015,数码配件,华北三仓,7.0,24,284,¥84.95
2024-06-29,SKU-1016,家居百货,华东一仓,9.0,98,249,90.02
2024-06-29,SKU-1017,食品饮料,华东一仓,117.0,56,150,23.71
2024-06-29,SKU-1018,个护清洁,华南二仓,108.0,52,179,69.57
2024-06-29,SKU-1019,服饰,华北三仓,35.0,87,307,158.52
2024-06-29,SKU-1020,数码配件,华南二仓,13.0,40,55,53.42
2024-06-29,SKU-1021,家居百货,华东一仓,33.0,41,171,¥143.91
2024-06-29,SKU-1022,食品饮料,华北三仓,40.0,10,310,89.76
2024-06-29,SKU-1023,个护清洁,华南二仓,38.0,55,288,¥45.10
2024-06-29,SKU-1024,服饰,华北三仓,83.0,10,225,42.98
2024-06-29,SKU-1025,数码配件,华北三仓,93.0,4,206,116.12
2024-06-29,SKU-1026,家居百货,华南二仓,89.0,24,214,126.40
2024-06-29,SKU-1027,食品饮料,华南二仓,12.0,76,140,84.10
2024-06-29,SKU-1028,个护清洁,华南二仓,5.0,53,90,117.62
2024-06-29,SKU-1029,服饰,华东一仓,69.0,51,186,82.88
2024-06-29,SKU-1030,数码配件,华东一仓,99.0,25,87,¥86.38
2024-06-29,SKU-1031,家居百货,华东一仓,,73,104,31.15
2024-06-29,SKU-1032,食品饮料,华南二仓,53.0,52,289,¥119.84
2024-06-29,SKU-1033,个护清洁,华南二仓,84.0,21,309,79.35
2024-06-29,SKU-1034,服饰,华北三仓,,15,246,144.15
2024-06-29,SKU-1035,数码配件,华南二仓,7.0,9,292,39.18
2024-06-29,SKU-1036,家居百货,华北三仓,87.0,16,83,8.04
2024-05-01,SKU-1004,服饰,华北三仓,62.0,54,124,65.16
2024-05-26,SKU-1001,家居百货,华东一仓,10.0,44,59,11.19
2024-06-20,SKU-1001,家居百货,华南二仓,40.0,45,234,51.93
