date,channel,campaign,spend,impressions,clicks,conversions,revenue
2024-03-01,wechat,品牌种草,440.68,20915,970,95,8501.95
2024-03-01,wechat,节日大促,2442.66,56660,4052,413,125856.63
2024-03-01,wechat,拉新投放,1376.67,36281,2743,83,8343.89
2024-03-01,wechat,复购唤醒,1055.47,22637,568,16,1361.33
2024-03-01,wechat,直播专场,1331.60,15853,1119,89,25741.15
2024-03-01,wechat,搜索广告,570.76,18517,1056,47,6338.28
2024-03-01,web,品牌种草,2614.42,10662,827,65,10603.61
2024-03-01,WEIBO,节日大促,1916.51,58426,2046,201,37378.93
2024-03-01,web,拉新投放,1927.17,42419,2085,106,16122.29
2024-03-01,web,复购唤醒,785.08,79499,4080,442,56007.74
2024-03-01,web,直播专场,852.34,9794,702,66,8338.0
2024-03-01,web,搜索广告,1411.76,24089,1799,146,18939.41
2024-03-01,douyin,品牌种草,498.90,32863,2060,162,34662.03
2024-03-01,douyin,节日大促,1471.74,30646,1091,128,38619.6
2024-03-01,douyin,拉新投放,2725.70,56029,602,21,1371.93
2024-03-01,douyin,复购唤醒,2336.44,37232,1538,120,34977.74
2024-03-01,Douyin,直播专场,508.44,26312,1322,55,14662.04
2024-03-01,douyin,搜索广告,1232.49,73692,4123,91,28632.62
2024-03-01,weibo,品牌种草,2855.60,54995,1253,147,25969.64
2024-03-01,weibo,节日大促,1929.45,77642,5954,310,48862.92
2024-03-01,weibo,拉新投放,2198.26,30876,2259,172,50904.98
2024-03-01,weibo,复购唤醒,1505.23,26608,1241,26,2036.78
2024-03-01,weibo,直播专场,1213.20,79739,1623,159,36967.33
2024-03-01,weibo,搜索广告,65000.00,9119,100,8,936.33
2024-03-02,wechat,品牌种草,2743.93,77420,4925,131,8471.12
2024-03-02,wechat,节日大促,465.38,20159,1332,69,11224.01
2024-03-02,wechat,拉新投放,1932.31,35930,488,21,4096.22
2024-03-02,wechat,复购唤醒,636.01,53202,3612,228,34405.13
2024-03-02,wechat,直播专场,2512.73,5458,156,11,2993.06
2024-03-02,wechat,搜索广告,362.75,52620,2620,96,14908.5
2024-03-02,WEB,品牌种草,"¥2,030.19",14495,835,41,11019.4
2024-03-02,web,节日大促,"¥1,638.96",70083,2124,217,43085.38
2024-03-02,web,拉新投放,895.68,64577,3576,231,36392.53
2024-03-02,web,复购唤醒,2384.46,55118,1673,148,41107.63
2024-03-02,WEIBO,直播专场,640.75,59809,3939,172,47076.56
2024-03-02,web,搜索广告,2750.44,11353,615,58,7551.13
2024-03-02,douyin,品牌种草,2190.08,74866,2987,144,10082.28
2024-03-02,douyin,节日大促,1612.42,10897,548,22,2345.01
2024-03-02,douyin,拉新投放,"¥1,746.08",47267,691,50,9042.46
2024-03-02,douyin,复购唤醒,1593.44,45521,541,38,10483.49
2024-03-02,douyin,直播专场,1667.74,35560,2811,232,58060.95
2024-03-02,douyin,搜索广告,2784.49,67437,4372,393,33814.62
2024-03-02,weibo,品牌种草,1488.49,37085,2847,174,42632.16
2024-03-02,weibo,节日大促,"¥2,944.85",54872,3717,324,92384.67
2024-03-02,weibo,拉新投放,2228.86,22344,750,25,5950.6
2024-03-02,weibo,复购唤醒,459.50,71241,5594,590,116240.92
2024-03-02,weibo,直播专场,1636.07,15349,171,12,1346.37
2024-03-02,WEB,搜索广告,1839.73,22124,511,56,7573.62
2024-03-03,wechat,品牌种草,890.28,75685,1482,169,43241.08
2024-03-03,wechat,节日大促,1818.41,36072,774,24,1518.44
2024-03-03,wechat,拉新投放,2179.85,5872,228,11,891.25
2024-03-03,wechat,复购唤醒,2260.81,32254,1611,122,23648.37
2024-03-03,wechat,直播专场,2776.68,66401,2750,129,8380.04
2024-03-03,wechat,搜索广告,952.44,38814,867,57,4088.74
2024-03-03,web,品牌种草,481.66,34073,1033,21,5192.4
2024-03-03,web,节日大促,1054.48,51327,2349,170,47205.76
2024-03-03,web,拉新投放,"¥2,018.82",15950,411,28,7874.67
2024-03-03,web,复购唤醒,2885.59,8940,310,7,751.25
2024-03-03,web,直播专场,1397.64,16847,768,78,13773.4
2024-03-03,web,搜索广告,2971.55,48031,2315,87,23834.76
2024-03-03,douyin,品牌种草,418.69,74391,4811,151,22319.3
2024-03-03,douyin,节日大促,346.87,66606,5150,373,54358.75
2024-03-03,douyin,拉新投放,644.45,73957,2637,249,45890.55
2024-03-03,douyin,复购唤醒,"¥2,594.49",11338,774,25,7897.75
2024-03-03,WeChat,直播专场,2456.10,49663,1551,171,43895.15
2024-03-03,douyin,搜索广告,1087.00,69660,2602,120,12824.75
2024-03-03,weibo,品牌种草,1192.62,23673,1093,109,17624.3
2024-03-03,weibo,节日大促,2648.08,51221,1630,160,28738.55
2024-03-03,weibo,拉新投放,2709.85,16103,210,8,1768.85
2024-03-03,weibo,复购唤醒,1235.62,51935,3134,87,7303.33
2024-03-03,WEIBO,直播专场,2856.72,30814,1948,89,17756.44
2024-03-03,weibo,搜索广告,1359.88,50501,3633,127,32743.91
2024-03-04,wechat,品牌种草,"¥1,786.90",40991,1308,46,5676.64
2024-03-04,wechat,节日大促,1489.72,74566,1505,177,32527.85
2024-03-04,wechat,拉新投放,1560.91,46424,1219,32,3936.28
2024-03-04,wechat,复购唤醒,593.03,57548,890,18,2112.82
2024-03-04,wechat,直播专场,564.00,9758,455,16,5085.66
2024-03-04,Douyin,搜索广告,1798.25,72444,984,101,31451.65
2024-03-04,web,品牌种草,1693.20,56866,1323,95,9557.69
2024-03-04,web,节日大促,1375.33,50960,1604,81,25778.14
2024-03-04,web,拉新投放,2057.19,51722,1313,88,13946.18
2024-03-04,web,复购唤醒,1653.04,66227,712,24,3975.6
2024-03-04,web,直播专场,426.85,35967,1120,123,13574.32
2024-03-04,web,搜索广告,2517.00,41735,2789,156,42762.36
2024-03-04,douyin,品牌种草,1177.12,69957,2691,320,68388.69
2024-03-04,douyin,节日大促,"¥1,888.51",10069,346,36,2465.74
2024-03-04,douyin,拉新投放,2187.75,21653,1201,117,21415.54
2024-03-04,douyin,复购唤醒,1530.28,24106,729,39,10948.55
2024-03-04,douyin,直播专场,2693.88,45439,2204,77,13574.75
2024-03-04,douyin,搜索广告,¥741.73,64012,4976,243,49886.05
2024-03-04,weibo,品牌种草,2559.86,55831,3515,97,29638.15
2024-03-04,weibo,节日大促,2723.41,73840,2504,78,22797.12
2024-03-04,weibo,拉新投放,616.59,53838,566,23,4264.67
2024-03-04,weibo,复购唤醒,1494.95,54074,2861,286,43758.9
2024-03-04,weibo,直播专场,1941.41,69234,3587,334,30667.42
2024-03-04,weibo,搜索广告,2458.49,48839,1130,56,3968.21
2024-03-05,wechat,品牌种草,2554.10,44882,804,73,23153.55
2024-03-05,wechat,节日大促,2688.41,13823,1100,90,6460.29
2024-03-05,wechat,拉新投放,1054.96,69602,1106,81,20375.53
2024-03-05,wechat,复购唤醒,363.18,25026,507,53,15571.56
2024-03-05,wechat,直播专场,2870.50,9279,701,45,6150.11
2024-03-05,wechat,搜索广告,2919.29,46488,776,89,27139.26
2024-03-05,web,品牌种草,1154.36,36591,1702,112,27869.54
2024-03-05,WEB,节日大促,"¥1,471.89",23356,890,79,13097.27
2024-03-05,web,拉新投放,709.95,46461,588,27,2726.51
2024-03-05,web,复购唤醒,935.92,50701,927,78,20003.47
2024-03-05,web,直播专场,2755.99,26190,1643,81,11916.29
2024-03-05,web,搜索广告,1730.07,7116,294,32,5079.72
2024-03-05,douyin,品牌种草,1095.20,62391,733,66,18343.89
2024-03-05,Douyin,节日大促,2454.19,65765,4082,185,35461.51
2024-03-05,douyin,拉新投放,556.67,37567,2877,95,19286.99
2024-03-05,douyin,复购唤醒,669.67,48609,3539,233,56517.46
2024-03-05,douyin,直播专场,2617.01,49070,801,81,18143.92
2024-03-05,douyin,搜索广告,2330.35,56184,4158,404,80855.14
2024-03-05,weibo,品牌种草,1213.76,61311,2475,179,46245.37
2024-03-05,weibo,节日大促,1020.74,41480,2933,264,82125.18
2024-03-05,weibo,拉新投放,2479.44,9727,294,16,1824.7
2024-03-05,weibo,复购唤醒,1635.77,34073,1238,94,15906.81
2024-03-05,weibo,直播专场,607.04,41123,2417,159,48730.56
2024-03-05,weibo,搜索广告,2821.57,13594,475,14,4034.52
2024-03-06,wechat,品牌种草,2050.09,9580,516,23,5127.35
2024-03-06,Douyin,节日大促,2057.06,63473,1831,82,7926.67
2024-03-06,wechat,拉新投放,684.03,23851,1707,66,7003.38
2024-03-06,wechat,复购唤醒,2832.87,64613,1742,121,33458.43
2024-03-06,wechat,直播专场,2327.67,23254,694,61,4428.57
2024-03-06,wechat,搜索广告,591.68,58918,3800,417,66793.13
2024-03-06,web,品牌种草,¥411.68,32043,853,97,14417.57
2024-03-06,web,节日大促,1159.09,47822,2230,247,40259.34
2024-03-06,web,拉新投放,624.40,12358,415,11,2100.05
2024-03-06,web,复购唤醒,2350.05,32937,1340,141,41481.9
2024-03-06,web,直播专场,1291.80,17246,826,49,14305.64
2024-03-06,web,搜索广告,2476.99,13510,929,73,7449.44
2024-03-06,douyin,品牌种草,"¥1,357.89",74634,1241,29,3473.15
2024-03-06,douyin,节日大促,2758.63,32420,2095,216,31308.86
2024-03-06,douyin,拉新投放,2500.01,50031,958,40,8946.22
2024-03-06,douyin,复购唤醒,662.43,51295,1311,58,16096.07
2024-03-06,douyin,直播专场,656.48,69392,3583,162,14474.78
2024-03-06,douyin,搜索广告,"¥2,593.01",14097,1054,77,13516.98
2024-03-06,weibo,品牌种草,439.86,35112,1366,60,5266.57
2024-03-06,weibo,节日大促,"¥1,517.57",13202,668,16,3353.3
2024-03-06,weibo,拉新投放,65000.00,75857,5096,304,89312.5
2024-03-06,weibo,复购唤醒,1710.64,19539,336,21,2282.49
2024-03-06,weibo,直播专场,514.32,45623,567,59,16384.76
2024-03-06,weibo,搜索广告,2136.44,39743,1420,76,21613.55
2024-03-07,WeChat,品牌种草,2281.87,64528,2862,195,37087.81
2024-03-07,wechat,节日大促,362.18,19894,1083,66,7865.2
2024-03-07,wechat,拉新投放,"¥1,629.12",49398,712,83,18211.64
2024-03-07,wechat,复购唤醒,2472.02,10246,476,12,3304.87
2024-03-07,Douyin,直播专场,2988.89,63938,3555,111,22291.61
2024-03-07,wechat,搜索广告,1611.45,76742,2115,85,18951.81
2024-03-07,web,品牌种草,1332.29,55327,3404,402,87104.8
2024-03-07,web,节日大促,"¥2,053.65",12860,196,6,1606.31
2024-03-07,web,拉新投放,1889.28,59105,3236,233,51511.18
2024-03-07,web,复购唤醒,1036.89,57979,2368,192,48251.28
2024-03-07,web,直播专场,600.54,58107,4254,494,96911.25
2024-03-07,web,搜索广告,1992.02,41112,3092,127,21117.61
2024-03-07,douyin,品牌种草,1509.79,61197,2839,289,60605.67
2024-03-07,douyin,节日大促,1527.81,38092,1603,39,2701.95
2024-03-07,douyin,拉新投放,"¥1,081.17",52732,1697,101,13269.55
2024-03-07,douyin,复购唤醒,2418.91,34685,2425,202,25838.76
2024-03-07,douyin,直播专场,2158.24,12260,328,32,2529.41
2024-03-07,douyin,搜索广告,943.91,47827,658,15,2154.19
2024-03-07,weibo,品牌种草,2493.18,52455,2893,173,10966.82
2024-03-07,weibo,节日大促,1041.64,64367,3662,275,53362.63
2024-03-07,weibo,拉新投放,632.35,24937,655,27,8287.85
2024-03-07,weibo,复购唤醒,2249.91,11386,608,57,13201.05
2024-03-07,weibo,直播专场,1672.47,16594,1325,59,7060.16
2024-03-07,weibo,搜索广告,1936.15,55353,4009,256,57905.62
2024-03-08,wechat,品牌种草,301.96,32522,622,26,6194.13
2024-03-08,WeChat,节日大促,2087.70,33807,868,95,25305.61
2024-03-08,wechat,拉新投放,518.78,36867,2582,264,66730.83
2024-03-08,wechat,复购唤醒,535.72,38238,1396,75,11926.6
2024-03-08,wechat,直播专场,2153.54,14273,447,47,7317.09
2024-03-08,wechat,搜索广告,646.66,37942,2063,202,36224.38
2024-03-08,web,品牌种草,2506.69,46333,2361,220,61784.42
2024-03-08,Douyin,节日大促,2431.96,71457,3526,312,43581.61
2024-03-08,WEIBO,拉新投放,"¥2,941.79",7200,117,5,1039.96
2024-03-08,web,复购唤醒,1890.72,70125,2005,90,5994.53
2024-03-08,web,直播专场,65000.00,77203,788,68,13249.87
2024-03-08,web,搜索广告,2922.26,14830,861,80,21017.77
2024-03-08,douyin,品牌种草,475.09,6704,213,22,1651.2
2024-03-08,douyin,节日大促,2917.16,33856,1389,114,35433.31
2024-03-08,WEIBO,拉新投放,65000.00,10781,486,41,5984.82
2024-03-08,douyin,复购唤醒,1769.41,70843,4513,168,29872.51
2024-03-08,douyin,直播专场,1034.23,55535,1245,131,8203.53
2024-03-08,douyin,搜索广告,2853.39,66223,984,77,12089.3
2024-03-08,weibo,品牌种草,757.23,38586,2934,121,8468.08
2024-03-08,weibo,节日大促,1858.54,56311,2511,93,19562.61
2024-03-08,weibo,拉新投放,674.48,5816,347,21,5861.52
2024-03-08,WeChat,复购唤醒,"¥1,584.82",30016,1088,45,5330.9
2024-03-08,weibo,直播专场,1492.34,44158,936,56,4089.88
2024-03-08,weibo,搜索广告,1498.65,48092,3265,317,90946.05
2024-03-09,wechat,品牌种草,1510.16,43549,3482,104,19130.2
2024-03-09,wechat,节日大促,1970.53,13897,989,26,2004.22
2024-03-09,WeChat,拉新投放,2202.00,24690,739,29,6060.65
2024-03-09,wechat,复购唤醒,"¥2,302.21",56307,2125,188,45417.76
2024-03-09,wechat,直播专场,2276.29,48754,1557,54,13195.41
2024-03-09,wechat,搜索广告,1256.21,20778,444,29,3325.31
2024-03-09,web,品牌种草,434.14,42028,626,40,6581.47
2024-03-09,WEIBO,节日大促,2775.75,23128,1221,99,7016.69
2024-03-09,WEIBO,拉新投放,1134.17,21828,1281,109,22469.16
2024-03-09,web,复购唤醒,1442.64,40431,2353,102,11460.64
2024-03-09,web,直播专场,¥590.17,75745,4255,354,40859.01
2024-03-09,web,搜索广告,1898.34,9675,189,10,888.99
2024-03-09,douyin,品牌种草,405.88,8134,322,15,2760.01
2024-03-09,douyin,节日大促,"¥2,229.22",9782,514,30,6122.01
2024-03-09,douyin,拉新投放,2024.72,23787,906,63,12434.59
2024-03-09,douyin,复购唤醒,"¥1,800.85",61741,2501,295,36638.43
2024-03-09,douyin,直播专场,"¥2,421.67",71224,4569,106,33056.34
2024-03-09,douyin,搜索广告,419.73,30530,580,15,4589.41
2024-03-09,weibo,品牌种草,2542.95,16925,822,82,9111.47
2024-03-09,weibo,节日大促,"¥1,597.31",39760,2882,140,33678.98
2024-03-09,weibo,拉新投放,1948.56,61718,2136,105,9054.71
2024-03-09,weibo,复购唤醒,1403.86,72198,5596,326,25290.72
2024-03-09,weibo,直播专场,1350.66,74866,4352,483,95685.94
2024-03-09,weibo,搜索广告,2912.68,73511,5825,645,147666.84
2024-03-10,wechat,品牌种草,1401.94,47292,3749,390,105206.09
2024-03-10,wechat,节日大促,1998.84,79858,1862,90,7378.33
2024-03-10,wechat,拉新投放,1507.76,63571,4649,384,112573.92
2024-03-10,wechat,复购唤醒,897.04,16424,224,25,2267.2
2024-03-10,wechat,直播专场,2360.77,77699,1283,51,8828.07
2024-03-10,wechat,搜索广告,1780.83,52898,844,90,27213.82
2024-03-10,web,品牌种草,2741.43,56929,1654,198,48493.48
2024-03-10,web,节日大促,2013.76,17157,357,16,2927.43
2024-03-10,web,拉新投放,957.59,42149,3281,277,49940.15
2024-03-10,web,复购唤醒,545.42,46608,2358,244,69954.24
2024-03-10,web,直播专场,¥687.37,77705,3754,213,30403.4
2024-03-10,web,搜索广告,"¥1,610.66",9840,506,43,7524.31
2024-03-10,douyin,品牌种草,1170.74,47085,1068,41,12359.66
2024-03-10,douyin,节日大促,2222.81,49222,3334,79,17957.98
2024-03-10,douyin,拉新投放,"¥2,821.62",16135,799,61,16353.9
2024-03-10,douyin,复购唤醒,"¥2,340.25",67287,2515,248,75558.22
2024-03-10,WEIBO,直播专场,2682.91,38878,1322,58,8263.79
2024-03-10,WEB,搜索广告,758.05,17148,810,68,6123.49
2024-03-10,weibo,品牌种草,951.09,22868,793,91,22364.76
2024-03-10,WEIBO,节日大促,2577.48,64337,3366,369,53930.93
2024-03-10,weibo,拉新投放,2018.52,49532,3212,216,24266.83
2024-03-10,weibo,复购唤醒,1076.73,72897,3414,275,62561.99
2024-03-10,weibo,直播专场,1755.90,40447,2814,220,59458.28
2024-03-10,WEIBO,搜索广告,"¥2,798.31",69326,1022,104,6328.49
2024-03-11,wechat,品牌种草,2348.82,31850,1078,119,11213.62
2024-03-11,WEIBO,节日大促,1163.46,34001,1086,44,6492.22
2024-03-11,wechat,拉新投放,1548.33,67396,1390,139,32346.95
2024-03-11,wechat,复购唤醒,607.00,29604,1127,25,6985.87
2024-03-11,wechat,直播专场,1228.45,67389,4376,265,53695.29
2024-03-11,wechat,搜索广告,1339.58,52939,2124,91,14311.55
2024-03-11,web,品牌种草,1173.02,13613,761,61,13764.56
2024-03-11,WEB,节日大促,540.65,12684,993,32,2832.07
2024-03-11,web,拉新投放,"¥2,462.43",27736,1132,59,17145.86
2024-03-11,WEB,复购唤醒,2041.79,19714,734,65,13900.39
2024-03-11,web,直播专场,2059.41,55775,2887,147,27807.19
2024-03-11,web,搜索广告,1641.15,65584,1596,88,10832.89
2024-03-11,douyin,品牌种草,2906.97,67251,4219,209,64011.34
2024-03-11,douyin,节日大促,65000.00,14883,749,53,9473.17
2024-03-11,douyin,拉新投放,1351.68,15386,471,14,2443.91
2024-03-11,douyin,复购唤醒,2816.81,55749,4128,463,136622.84
2024-03-11,douyin,直播专场,2174.92,22169,1404,79,22213.81
2024-03-11,douyin,搜索广告,1808.49,38212,2164,222,57285.28
2024-03-11,weibo,品牌种草,"¥2,065.62",33583,1981,158,23157.06
2024-03-11,weibo,节日大促,"¥1,627.76",37723,1392,146,31924.28
2024-03-11,weibo,拉新投放,1637.63,65808,2770,313,47253.59
2024-03-11,weibo,复购唤醒,¥412.51,75258,4915,483,54772.9
2024-03-11,weibo,直播专场,994.99,50306,3447,304,83316.49
2024-03-11,WeChat,搜索广告,786.81,8764,340,19,5944.78
2024-03-12,wechat,品牌种草,551.14,21528,798,17,5038.3
2024-03-12,wechat,节日大促,390.21,32345,858,43,9838.5
2024-03-12,wechat,拉新投放,1654.11,71172,2933,274,53267.73
2024-03-12,wechat,复购唤醒,509.94,52007,575,36,6047.93
2024-03-12,wechat,直播专场,2086.17,45120,725,48,14247.34
2024-03-12,wechat,搜索广告,2860.58,35519,808,41,10758.28
2024-03-12,web,品牌种草,1411.46,11117,774,15,3268.96
2024-03-12,web,节日大促,1282.90,55425,878,24,4988.71
2024-03-12,web,拉新投放,2197.61,52259,2536,162,49891.31
2024-03-12,WeChat,复购唤醒,1918.31,79825,5355,616,97905.09
2024-03-12,web,直播专场,"¥2,615.27",38244,2130,184,52648.83
2024-03-12,web,搜索广告,"¥1,497.01",13122,400,8,1552.59
2024-03-12,douyin,品牌种草,400.37,18164,677,39,8098.91
2024-03-12,douyin,节日大促,1454.90,48669,3307,391,82828.66
2024-03-12,douyin,拉新投放,562.83,57324,903,70,20451.96
2024-03-12,douyin,复购唤醒,¥620.85,72521,4329,474,128937.33
2024-03-12,douyin,直播专场,1578.61,47462,1445,170,40304.8
2024-03-12,douyin,搜索广告,1864.59,30448,336,17,3214.5
2024-03-12,weibo,品牌种草,2368.61,21458,1163,119,14502.13
2024-03-12,weibo,节日大促,834.27,76014,1035,51,4263.02
2024-03-12,weibo,拉新投放,2529.47,40530,2609,147,24639.8
2024-03-12,weibo,复购唤醒,1657.50,78975,1692,179,16031.94
2024-03-12,weibo,直播专场,2381.41,24183,1127,22,6942.1
2024-03-12,weibo,搜索广告,2000.03,21669,1687,158,11621.07
2024-03-13,wechat,品牌种草,404.16,73092,4588,193,13564.77
2024-03-13,wechat,节日大促,"¥1,275.54",27512,921,80,22497.31
2024-03-13,wechat,拉新投放,2192.36,20721,468,13,3927.49
2024-03-13,wechat,复购唤醒,"¥2,138.66",56933,4379,419,99388.3
2024-03-13,wechat,直播专场,977.62,62674,3264,365,116562.27
2024-03-13,wechat,搜索广告,2772.94,15195,1074,91,24290.12
2024-03-13,WeChat,品牌种草,1349.48,56482,1484,80,10364.31
2024-03-13,web,节日大促,387.88,77368,1493,125,15959.76
2024-03-13,web,拉新投放,668.34,43417,821,37,10992.59
2024-03-13,web,复购唤醒,2869.91,77031,3690,366,100042.06
2024-03-13,web,直播专场,2673.88,54449,3554,339,57735.86
2024-03-13,WEB,搜索广告,1354.86,79670,6367,181,37918.78
2024-03-13,douyin,品牌种草,2453.05,43824,2175,132,36385.93
2024-03-13,douyin,节日大促,2013.48,44820,1211,34,6353.12
2024-03-13,Douyin,拉新投放,2713.47,73943,3450,312,80472.36
2024-03-13,douyin,复购唤醒,2074.66,60090,4458,279,43923.64
2024-03-13,Douyin,直播专场,752.78,68418,1131,58,14742.2
2024-03-13,douyin,搜索广告,2709.37,51254,1627,100,29317.91
2024-03-13,weibo,品牌种草,1205.28,66018,2756,326,43434.0
2024-03-13,weibo,节日大促,2200.77,72503,848,24,1841.08
2024-03-13,weibo,拉新投放,1775.27,44026,1087,125,10467.28
2024-03-13,weibo,复购唤醒,2878.38,12144,664,34,9552.56
2024-03-13,weibo,直播专场,1134.19,5735,354,22,6250.13
2024-03-13,weibo,搜索广告,"¥2,012.70",42894,2332,196,47921.72
2024-03-14,wechat,品牌种草,2583.41,29685,1553,139,38168.67
2024-03-14,wechat,节日大促,2062.86,41058,2406,159,36277.42
2024-03-14,WEB,拉新投放,¥602.37,64054,4633,511,57608.08
2024-03-14,wechat,复购唤醒,2995.05,79743,5445,435,135570.79
2024-03-14,wechat,直播专场,1897.19,53256,2251,208,27195.16
2024-03-14,wechat,搜索广告,2274.35,70013,3776,301,36212.18
2024-03-14,web,品牌种草,2133.30,71813,2348,150,46645.35
2024-03-14,web,节日大促,"¥2,935.02",48472,1312,79,14280.14
2024-03-14,web,拉新投放,2676.99,59951,4332,178,52263.02
2024-03-14,web,复购唤醒,1779.49,19631,235,22,3925.18
2024-03-14,web,直播专场,2999.55,24188,403,47,10958.71
2024-03-14,web,搜索广告,1057.87,65815,1142,74,17561.17
2024-03-14,WEIBO,品牌种草,2457.96,24420,664,63,11229.31
2024-03-14,douyin,节日大促,1377.55,71444,4300,333,50857.2
2024-03-14,douyin,拉新投放,"¥2,534.63",34322,2213,86,19014.65
2024-03-14,douyin,复购唤醒,397.71,20584,433,11,2120.15
2024-03-14,douyin,直播专场,"¥2,019.10",48716,1779,40,8487.73
2024-03-14,douyin,搜索广告,1654.99,9801,735,83,9350.43
2024-03-14,weibo,品牌种草,1355.29,27185,579,37,6191.77
2024-03-14,weibo,节日大促,1933.54,68434,4861,503,102357.44
2024-03-14,weibo,拉新投放,759.56,63480,3375,245,28229.66
2024-03-14,weibo,复购唤醒,1052.56,25941,819,26,5282.87
2024-03-14,weibo,直播专场,2655.14,36832,1822,153,41841.73
2024-03-14,weibo,搜索广告,1434.65,60536,3745,435,93442.2
2024-03-15,wechat,品牌种草,2679.65,78954,6209,704,162831.63
2024-03-15,wechat,节日大促,2858.60,75173,5525,247,31507.71
2024-03-15,wechat,拉新投放,1221.59,67648,3906,404,125207.9
2024-03-15,wechat,复购唤醒,1076.56,62417,1660,88,27251.14
2024-03-15,wechat,直播专场,1170.87,75071,1408,51,7417.95
2024-03-15,wechat,搜索广告,2317.82,48692,2334,230,63098.78
2024-03-15,web,品牌种草,1082.44,53813,4199,484,98220.49
2024-03-15,WEB,节日大促,602.05,25539,2026,211,33942.73
2024-03-15,WeChat,拉新投放,848.59,73017,1586,151,24438.37
2024-03-15,web,复购唤醒,625.41,54818,2247,157,34025.9
2024-03-15,web,直播专场,1019.79,27795,350,40,5561.55
2024-03-15,web,搜索广告,1923.43,24987,630,32,8262.39
2024-03-15,douyin,品牌种草,"¥1,836.39",20366,1061,116,9200.63
2024-03-15,WEIBO,节日大促,2823.57,33009,1238,28,2830.62
2024-03-15,douyin,拉新投放,"¥2,925.46",13573,1055,70,4357.77
2024-03-15,douyin,复购唤醒,1747.10,53460,2454,179,18592.83
2024-03-15,douyin,直播专场,848.06,75656,5333,410,48169.22
2024-03-15,douyin,搜索广告,2619.95,40415,1943,100,13251.96
2024-03-15,weibo,品牌种草,1221.52,47791,2285,149,30669.15
2024-03-15,weibo,节日大促,2029.89,10620,351,34,8323.2
2024-03-15,weibo,拉新投放,1064.19,72724,806,76,9808.06
2024-03-15,weibo,复购唤醒,937.13,71722,2235,96,18713.6
2024-03-15,weibo,直播专场,2522.31,12901,277,9,2462.09
2024-03-15,weibo,搜索广告,2194.54,41662,882,71,10644.79
2024-03-16,wechat,品牌种草,2154.34,29940,898,101,28551.74
2024-03-16,wechat,节日大促,1782.35,15169,492,55,6397.78
2024-03-16,wechat,拉新投放,1965.81,29693,471,18,2769.36
2024-03-16,wechat,复购唤醒,"¥1,580.20",77636,4016,431,49029.45
2024-03-16,wechat,直播专场,2879.29,17037,651,67,7527.04
2024-03-16,wechat,搜索广告,2486.47,50742,2994,124,22237.09
2024-03-16,web,品牌种草,¥691.61,49760,2781,286,28942.06
2024-03-16,web,节日大促,2415.45,58939,4611,338,50098.49
2024-03-16,web,拉新投放,539.01,71837,5335,154,28813.42
2024-03-16,web,复购唤醒,355.88,30869,1993,170,41566.58
2024-03-16,web,直播专场,790.37,68530,3493,278,64711.23
2024-03-16,web,搜索广告,2430.28,76352,1690,97,30147.74
2024-03-16,douyin,品牌种草,1949.85,72358,2824,125,22438.72
2024-03-16,douyin,节日大促,2479.98,24195,1460,156,25667.49
2024-03-16,douyin,拉新投放,399.38,59771,3573,424,104182.6
2024-03-16,douyin,复购唤醒,930.73,59908,3873,464,68524.04
2024-03-16,douyin,直播专场,"¥2,232.36",29574,373,28,7863.88
2024-03-16,douyin,搜索广告,922.46,44430,3086,181,49397.68
2024-03-16,weibo,品牌种草,1405.40,40000,2050,172,49429.09
2024-03-16,weibo,节日大促,870.36,54287,2703,132,25074.99
2024-03-16,weibo,拉新投放,656.01,73124,1504,117,26679.53
2024-03-16,weibo,复购唤醒,¥393.52,77363,4506,141,40472.93
2024-03-16,weibo,直播专场,1134.76,70529,3163,102,15944.44
2024-03-16,weibo,搜索广告,2385.87,21018,360,20,4012.18
2024-03-17,WeChat,品牌种草,1222.98,18900,1179,63,8296.48
2024-03-17,wechat,节日大促,768.90,55763,2190,60,9093.53
2024-03-17,wechat,拉新投放,1591.07,23310,1705,45,3368.25
2024-03-17,wechat,复购唤醒,"¥1,709.52",72965,4430,396,78103.09
2024-03-17,wechat,直播专场,2812.04,71111,4598,164,38273.62
2024-03-17,wechat,搜索广告,430.35,44850,1482,155,21963.35
2024-03-17,web,品牌种草,1219.41,35263,1654,135,38751.06
2024-03-17,web,节日大促,2139.00,57702,2155,256,60576.18
2024-03-17,web,拉新投放,2515.49,5089,65,2,347.18
2024-03-17,web,复购唤醒,1885.99,30206,728,37,9063.19
2024-03-17,web,直播专场,2328.11,14985,279,10,1200.91
2024-03-17,web,搜索广告,1996.02,65887,3858,123,9197.29
2024-03-17,douyin,品牌种草,326.43,33877,1008,93,27207.61
2024-03-17,douyin,节日大促,2246.59,33415,2260,164,23705.58
2024-03-17,Douyin,拉新投放,2390.64,46374,1010,67,13880.88
2024-03-17,douyin,复购唤醒,943.19,72313,3807,259,25038.41
2024-03-17,douyin,直播专场,610.07,16019,1063,58,8718.16
2024-03-17,douyin,搜索广告,1269.30,32131,615,55,4665.56
2024-03-17,weibo,品牌种草,963.18,70650,3664,338,79787.92
2024-03-17,weibo,节日大促,500.68,43245,1757,152,17390.36
2024-03-17,weibo,拉新投放,1924.17,55963,4415,271,56820.85
2024-03-17,weibo,复购唤醒,2252.64,49438,3515,120,15799.22
2024-03-17,WeChat,直播专场,702.40,73280,4783,217,26568.6
2024-03-17,weibo,搜索广告,809.00,7837,539,57,14512.9
2024-03-18,wechat,品牌种草,516.19,72112,5139,599,152512.22
2024-03-18,wechat,节日大促,2967.09,15918,808,50,13861.47
2024-03-18,wechat,拉新投放,1949.22,48373,1381,161,21776.39
2024-03-18,wechat,复购唤醒,880.74,60760,2823,97,24344.82
2024-03-18,WEIBO,直播专场,1626.30,47427,1929,45,14149.17
2024-03-18,wechat,搜索广告,2705.19,9998,347,41,4962.29
2024-03-18,web,品牌种草,1611.75,72194,4512,183,22735.61
2024-03-18,web,节日大促,2890.96,79492,1116,113,21879.44
2024-03-18,web,拉新投放,1958.49,8584,122,9,1782.53
2024-03-18,web,复购唤醒,1194.59,66749,3317,270,37200.69
2024-03-18,web,直播专场,2011.02,44582,2133,183,20348.19
2024-03-18,web,搜索广告,1817.72,62454,1835,76,18458.92
2024-03-18,douyin,品牌种草,"¥1,701.72",75810,2401,190,57658.96
2024-03-18,douyin,节日大促,510.06,78601,3409,389,101250.48
2024-03-18,douyin,拉新投放,1340.34,37092,2133,97,15968.93
2024-03-18,douyin,复购唤醒,1653.20,21802,297,22,3739.93
2024-03-18,douyin,直播专场,1844.97,77840,4481,288,38278.75
2024-03-18,douyin,搜索广告,305.05,15351,319,30,3059.25
2024-03-18,weibo,品牌种草,2123.39,7832,268,9,1345.15
2024-03-18,weibo,节日大促,371.30,68875,2654,218,44074.21
2024-03-18,weibo,拉新投放,683.10,39359,673,23,1799.21
2024-03-18,weibo,复购唤醒,2892.86,76202,1950,41,11794.27
2024-03-18,WeChat,直播专场,2349.74,77576,2388,211,41167.23
2024-03-18,weibo,搜索广告,2431.44,32981,990,90,24131.48
2024-03-19,wechat,品牌种草,605.39,74834,4190,191,42887.96
2024-03-19,wechat,节日大促,457.25,26647,1474,116,32063.52
2024-03-19,wechat,拉新投放,2738.83,38933,1622,124,28828.17
2024-03-19,wechat,复购唤醒,2927.44,37891,463,16,5061.7
2024-03-19,wechat,直播专场,1792.70,44318,3205,112,29667.36
2024-03-19,wechat,搜索广告,2231.71,22596,449,13,3819.73
2024-03-19,web,品牌种草,1452.94,48115,3738,241,18741.26
2024-03-19,web,节日大促,511.97,31281,1864,152,47104.17
2024-03-19,web,拉新投放,397.59,46829,1242,75,9964.08
2024-03-19,web,复购唤醒,745.02,6171,158,4,1247.65
2024-03-19,web,直播专场,1579.24,50255,2634,191,18126.79
2024-03-19,web,搜索广告,1852.64,32204,961,37,5315.0
2024-03-19,douyin,品牌种草,2975.29,10619,192,4,803.2
2024-03-19,douyin,节日大促,2228.76,34567,1265,88,19292.54
2024-03-19,douyin,拉新投放,1641.75,19165,1062,43,11653.51
2024-03-19,douyin,复购唤醒,2512.51,47856,1923,140,39776.3
2024-03-19,douyin,直播专场,378.01,34898,1180,40,11148.73
2024-03-19,douyin,搜索广告,2896.96,73866,5288,446,130508.7
2024-03-19,weibo,品牌种草,1248.04,48404,3659,158,27580.79
2024-03-19,weibo,节日大促,1150.12,64731,2441,281,44382.08
2024-03-19,weibo,拉新投放,2712.20,25292,268,19,3599.11
2024-03-19,weibo,复购唤醒,2075.03,38405,2154,92,18234.11
2024-03-19,weibo,直播专场,2355.01,66810,1165,82,22070.8
2024-03-19,weibo,搜索广告,2665.04,52819,1741,143,17275.6
2024-03-20,wechat,品牌种草,696.36,62768,1531,32,2807.98
2024-03-20,wechat,节日大促,2409.68,21149,1070,68,5439.07
2024-03-20,wechat,拉新投放,1103.11,47290,1204,46,14472.71
2024-03-20,wechat,复购唤醒,2819.59,71051,1939,69,6218.15
2024-03-20,WeChat,直播专场,1059.81,58376,4613,98,16590.59
2024-03-20,wechat,搜索广告,1874.63,49096,1504,85,5133.23
2024-03-20,web,品牌种草,2864.99,34432,522,60,4288.82
2024-03-20,web,节日大促,1370.95,20277,674,70,17775.83
2024-03-20,web,拉新投放,2049.95,79143,844,86,7299.85
2024-03-20,WEIBO,复购唤醒,1920.41,79489,5630,588,90402.69
2024-03-20,web,直播专场,2619.44,75471,3215,215,44897.55
2024-03-20,web,搜索广告,"¥1,294.66",68688,2038,176,46601.23
2024-03-20,douyin,品牌种草,2160.69,40060,567,33,3512.56
2024-03-20,douyin,节日大促,1053.70,56991,1819,61,12865.45
2024-03-20,douyin,拉新投放,1935.85,67932,3749,198,44135.61
2024-03-20,douyin,复购唤醒,¥913.95,27920,949,94,8167.55
2024-03-20,douyin,直播专场,935.35,21671,283,21,1304.96
2024-03-20,douyin,搜索广告,1267.58,21948,397,22,6603.43
2024-03-20,weibo,品牌种草,401.94,70561,3680,167,48687.74
2024-03-20,Douyin,节日大促,2555.80,8020,232,11,723.56
2024-03-20,weibo,拉新投放,631.28,42174,944,46,5563.44
2024-03-20,weibo,复购唤醒,1233.89,55460,2242,232,66842.21
2024-03-20,weibo,直播专场,2191.89,26358,871,61,17187.97
2024-03-20,weibo,搜索广告,1833.07,8945,599,47,12947.48
2024-03-21,wechat,品牌种草,1816.60,69381,2523,194,61579.85
2024-03-21,wechat,节日大促,1303.36,57047,1576,184,20007.16
2024-03-21,WEIBO,拉新投放,"¥1,706.16",72614,5659,541,89638.03
2024-03-21,wechat,复购唤醒,1975.01,52500,2262,183,42659.41
2024-03-21,wechat,直播专场,989.05,13075,530,23,6478.58
2024-03-21,WeChat,搜索广告,642.16,48387,3426,206,59238.69
2024-03-21,web,品牌种草,2299.70,11470,234,5,1458.06
2024-03-21,web,节日大促,2717.01,38288,972,32,8230.73
2024-03-21,web,拉新投放,2170.32,54802,1635,104,31636.03
2024-03-21,web,复购唤醒,¥868.01,28002,1945,101,19924.96
2024-03-21,web,直播专场,2384.30,23121,1385,122,28812.93
2024-03-21,web,搜索广告,1664.98,50291,3991,398,110693.79
2024-03-21,douyin,品牌种草,1937.02,28997,2038,133,39367.35
2024-03-21,douyin,节日大促,382.48,39529,1493,40,5793.86
2024-03-21,douyin,拉新投放,1965.72,25245,1350,70,20800.45
2024-03-21,douyin,复购唤醒,¥594.14,42726,906,106,24916.35
2024-03-21,WeChat,直播专场,"¥1,043.18",39765,2934,329,53749.34
2024-03-21,douyin,搜索广告,2229.26,63136,2442,160,26616.69
2024-03-21,weibo,品牌种草,1398.93,41493,3123,75,15794.07
2024-03-21,weibo,节日大促,2179.12,25354,1446,161,40790.2
2024-03-21,weibo,拉新投放,1079.56,9564,615,46,3681.53
2024-03-21,weibo,复购唤醒,"¥1,049.62",65006,2168,110,22798.19
2024-03-21,Douyin,直播专场,2262.74,46606,2004,163,10439.95
2024-03-21,weibo,搜索广告,2039.40,10152,242,18,4048.35
2024-03-22,wechat,品牌种草,1655.10,34776,2143,213,27002.44
2024-03-22,wechat,节日大促,1269.27,71742,3403,83,23984.62
2024-03-22,wechat,拉新投放,871.56,76543,5895,173,38581.82
2024-03-22,wechat,复购唤醒,1990.35,50413,1745,184,38013.88
2024-03-22,wechat,直播专场,1556.18,10299,620,31,7649.24
2024-03-22,wechat,搜索广告,684.89,69950,4018,110,18438.07
2024-03-22,web,品牌种草,1426.65,42275,3029,134,12754.68
2024-03-22,web,节日大促,1977.24,56995,1073,32,5382.06
2024-03-22,web,拉新投放,2184.89,60037,4690,97,20484.11
2024-03-22,web,复购唤醒,1581.53,76726,2562,208,14751.12
2024-03-22,web,直播专场,2711.69,56273,2169,72,18234.27
2024-03-22,web,搜索广告,1569.69,42949,2183,163,32956.54
2024-03-22,douyin,品牌种草,"¥2,068.12",11030,226,7,1715.68
2024-03-22,douyin,节日大促,2371.33,57480,3327,99,6049.29
2024-03-22,douyin,拉新投放,2835.86,48844,2900,256,73897.89
2024-03-22,douyin,复购唤醒,2918.02,27498,1968,55,15452.28
2024-03-22,douyin,直播专场,1843.96,60681,1780,173,35961.2
2024-03-22,douyin,搜索广告,1164.96,22104,844,50,5634.48
2024-03-22,weibo,品牌种草,524.29,54390,3771,174,41897.23
2024-03-22,weibo,节日大促,893.36,18316,563,36,8734.15
2024-03-22,weibo,拉新投放,365.76,53021,566,37,8943.68
2024-03-22,weibo,复购唤醒,2568.74,74944,866,103,16078.2
2024-03-22,WEB,直播专场,"¥2,003.29",38978,561,32,2447.29
2024-03-22,weibo,搜索广告,2888.30,37451,737,56,15244.43
2024-03-23,wechat,品牌种草,1898.31,74311,1665,185,41893.37
2024-03-23,wechat,节日大促,"¥1,149.09",61222,2464,228,34716.35
2024-03-23,wechat,拉新投放,1562.67,27452,985,62,15878.55
2024-03-23,wechat,复购唤醒,1047.73,5270,137,10,2174.54
2024-03-23,wechat,直播专场,2585.19,51892,2527,199,51239.39
2024-03-23,wechat,搜索广告,828.41,34318,1294,49,4486.79
2024-03-23,web,品牌种草,770.87,64921,3467,289,60626.62
2024-03-23,Douyin,节日大促,"¥2,271.08",38284,426,21,5096.24
2024-03-23,web,拉新投放,2112.29,50600,2462,206,51911.33
2024-03-23,web,复购唤醒,470.06,10117,361,19,5421.52
2024-03-23,web,直播专场,2937.07,78753,887,70,11914.07
2024-03-23,WEB,搜索广告,726.55,50154,3495,73,10342.73
2024-03-23,WeChat,品牌种草,"¥2,014.21",65010,3803,106,31175.97
2024-03-23,douyin,节日大促,2043.59,21128,1582,110,8719.88
2024-03-23,douyin,拉新投放,309.84,47980,3439,254,27357.84
2024-03-23,WEIBO,复购唤醒,¥749.68,38136,3036,154,34761.09
2024-03-23,douyin,直播专场,1087.76,21664,1019,32,9012.73
2024-03-23,douyin,搜索广告,1275.61,75370,4884,488,124150.88
2024-03-23,weibo,品牌种草,1427.29,31686,1441,100,17891.24
2024-03-23,weibo,节日大促,2491.92,42038,3129,125,14859.1
2024-03-23,weibo,拉新投放,2276.50,40683,2226,122,14154.62
2024-03-23,weibo,复购唤醒,791.28,7037,131,12,2199.59
2024-03-23,weibo,直播专场,1937.21,38321,717,29,7520.63
2024-03-23,weibo,搜索广告,2085.16,64972,1103,119,32614.3
2024-03-24,wechat,品牌种草,1624.63,77826,3876,439,130577.59
2024-03-24,wechat,节日大促,2569.79,16198,1111,98,17312.87
2024-03-24,Douyin,拉新投放,1811.35,12817,534,46,7823.54
2024-03-24,wechat,复购唤醒,1843.99,11764,821,66,12948.62
2024-03-24,wechat,直播专场,1605.10,21072,848,44,7539.4
2024-03-24,wechat,搜索广告,2971.82,29802,2334,51,10987.16
2024-03-24,web,品牌种草,2888.05,6100,93,3,956.44
2024-03-24,web,节日大促,1304.28,32446,921,30,6450.84
2024-03-24,web,拉新投放,1064.96,60566,2663,135,33782.39
2024-03-24,web,复购唤醒,2841.24,31590,2487,199,38872.95
2024-03-24,web,直播专场,811.60,53748,1603,173,41751.48
2024-03-24,WeChat,搜索广告,392.79,22018,1677,69,16184.29
2024-03-24,douyin,品牌种草,"¥2,610.87",67384,684,24,2241.66
2024-03-24,douyin,节日大促,676.06,62981,1222,78,8899.53
2024-03-24,douyin,拉新投放,1638.96,17050,598,30,7344.05
2024-03-24,douyin,复购唤醒,510.40,26390,688,28,8346.78
2024-03-24,douyin,直播专场,2999.59,10331,118,6,360.69
2024-03-24,douyin,搜索广告,1534.59,20320,220,7,1332.28
2024-03-24,weibo,品牌种草,398.42,27752,982,98,10328.87
2024-03-24,weibo,节日大促,1653.24,31667,1064,33,2043.15
2024-03-24,weibo,拉新投放,"¥2,482.84",27153,1881,79,7870.66
2024-03-24,weibo,复购唤醒,1200.21,49914,2844,124,37406.36
2024-03-24,weibo,直播专场,1227.32,48858,1130,62,5824.64
2024-03-24,weibo,搜索广告,2936.78,22724,1309,28,3721.31
2024-03-25,wechat,品牌种草,598.04,26573,1947,198,41896.42
2024-03-25,wechat,节日大促,2572.38,43553,1058,73,15542.48
2024-03-25,wechat,拉新投放,2955.53,71471,1191,114,10879.89
2024-03-25,wechat,复购唤醒,¥429.39,25625,1598,141,10429.65
2024-03-25,WEB,直播专场,2397.99,18152,1266,94,25418.84
2024-03-25,wechat,搜索广告,1496.03,6651,145,3,420.63
2024-03-25,web,品牌种草,1305.55,32776,2226,89,6161.79
2024-03-25,WeChat,节日大促,383.56,49562,708,26,7485.53
2024-03-25,web,拉新投放,532.85,38090,803,39,4023.79
2024-03-25,web,复购唤醒,2609.73,63160,3062,80,17464.17
2024-03-25,web,直播专场,1661.33,38357,769,37,6134.51
2024-03-25,web,搜索广告,2106.19,30137,1963,219,33716.17
2024-03-25,douyin,品牌种草,2916.08,14711,648,63,19534.01
2024-03-25,douyin,节日大促,2791.74,53346,2260,229,64606.34
2024-03-25,WeChat,拉新投放,2001.71,62994,3425,131,25468.7
2024-03-25,douyin,复购唤醒,1444.75,78577,6245,264,60634.61
2024-03-25,douyin,直播专场,657.54,11505,771,85,7473.88
2024-03-25,douyin,搜索广告,1330.15,56199,812,72,14817.72
2024-03-25,weibo,品牌种草,987.10,22896,831,39,12067.26
2024-03-25,weibo,节日大促,"¥1,326.54",67468,4894,189,39460.41
2024-03-25,weibo,拉新投放,2050.54,6067,356,19,2292.92
2024-03-25,weibo,复购唤醒,2369.44,47103,1987,170,25334.58
2024-03-25,weibo,直播专场,890.05,54567,1537,183,37631.07
2024-03-25,WeChat,搜索广告,1657.18,38398,848,80,21348.67
2024-03-26,wechat,品牌种草,2198.71,12683,396,44,11343.9
2024-03-26,wechat,节日大促,"¥1,382.62",79052,1789,114,23021.53
2024-03-26,wechat,拉新投放,355.19,64097,2075,107,28980.27
2024-03-26,wechat,复购唤醒,¥761.44,71909,1426,165,49251.73
2024-03-26,wechat,直播专场,2822.06,7036,543,49,9980.51
2024-03-26,wechat,搜索广告,538.57,54933,1811,198,14849.59
2024-03-26,web,品牌种草,2729.58,76193,790,19,3592.2
2024-03-26,web,节日大促,431.78,71797,2294,57,9415.97
2024-03-26,web,拉新投放,2520.27,45591,2933,78,23644.85
2024-03-26,web,复购唤醒,1363.40,11833,498,19,5180.18
2024-03-26,web,直播专场,1204.51,74727,4842,288,21366.3
2024-03-26,web,搜索广告,1987.31,43572,1006,108,33630.47
2024-03-26,douyin,品牌种草,907.12,18276,228,22,2686.22
2024-03-26,douyin,节日大促,1796.70,18286,993,27,3695.92
2024-03-26,WeChat,拉新投放,2240.63,65685,3369,223,34499.74
2024-03-26,WEIBO,复购唤醒,"¥2,942.39",79289,1610,158,44893.25
2024-03-26,douyin,直播专场,961.35,62654,4738,171,45846.55
2024-03-26,douyin,搜索广告,1760.00,61158,4030,348,54625.21
2024-03-26,weibo,品牌种草,1814.91,41507,1561,113,31652.27
2024-03-26,weibo,节日大促,"¥2,853.31",19442,1458,73,5724.05
2024-03-26,weibo,拉新投放,392.87,40394,2555,299,77297.13
2024-03-26,weibo,复购唤醒,2102.94,30753,1447,78,16089.99
2024-03-26,weibo,直播专场,868.06,54106,886,92,7809.76
2024-03-26,weibo,搜索广告,629.88,47984,3775,374,105646.32
2024-03-27,WEIBO,品牌种草,"¥2,961.35",14595,893,34,7804.24
2024-03-27,wechat,节日大促,2268.48,25489,964,55,11948.96
2024-03-27,wechat,拉新投放,921.70,12610,871,92,5634.65
2024-03-27,wechat,复购唤醒,2362.64,21061,1574,39,2630.28
2024-03-27,wechat,直播专场,2589.32,70138,3605,326,67904.55
2024-03-27,wechat,搜索广告,2454.47,56465,897,83,21931.09
2024-03-27,web,品牌种草,2920.51,29871,2142,238,15051.04
2024-03-27,web,节日大促,1011.57,68184,4188,369,85486.0
2024-03-27,web,拉新投放,845.90,65969,3201,218,59610.59
2024-03-27,web,复购唤醒,473.22,16413,1025,117,20613.56
2024-03-27,web,直播专场,829.98,30680,1682,117,32930.58
2024-03-27,WeChat,搜索广告,2498.57,46793,530,19,4866.02
2024-03-27,douyin,品牌种草,702.68,24707,1170,51,6045.28
2024-03-27,douyin,节日大促,2212.15,65358,3202,231,38815.32
2024-03-27,douyin,拉新投放,1535.51,68800,2599,148,9226.16
2024-03-27,douyin,复购唤醒,2999.07,45691,1391,109,16836.25
2024-03-27,douyin,直播专场,"¥1,108.92",73064,1552,165,13005.49
2024-03-27,douyin,搜索广告,770.62,74104,975,51,15907.57
2024-03-27,weibo,品牌种草,652.07,23211,1252,26,7012.86
2024-03-27,weibo,节日大促,"¥2,493.24",26524,1520,54,15252.34
2024-03-27,weibo,拉新投放,2766.27,41304,1455,158,23577.15
2024-03-27,weibo,复购唤醒,549.17,72865,2091,95,16559.2
2024-03-27,weibo,直播专场,2438.50,53585,2483,168,52142.07
2024-03-27,weibo,搜索广告,"¥1,986.71",66402,4084,368,94675.32
2024-03-28,wechat,品牌种草,1554.66,76293,1939,56,5941.21
2024-03-28,wechat,节日大促,2740.13,62229,3137,335,26983.31
2024-03-28,wechat,拉新投放,2296.95,75173,5303,512,42554.37
2024-03-28,wechat,复购唤醒,1599.93,63309,1549,93,19610.16
2024-03-28,wechat,直播专场,2250.17,67845,2213,86,26433.63
2024-03-28,wechat,搜索广告,1573.91,49766,933,38,8555.72
2024-03-28,web,品牌种草,2674.30,62973,1486,156,31171.82
2024-03-28,WEIBO,节日大促,877.45,51172,512,23,3540.76
2024-03-28,web,拉新投放,"¥1,781.49",61567,4823,369,104113.31
2024-03-28,web,复购唤醒,"¥2,593.08",19549,981,101,26005.19
2024-03-28,web,直播专场,1902.17,6128,334,7,1180.83
2024-03-28,web,搜索广告,456.69,14842,1037,103,20853.34
2024-03-28,Douyin,品牌种草,1169.93,79558,5429,348,83062.94
2024-03-28,douyin,节日大促,734.89,74146,2814,109,26805.19
2024-03-28,douyin,拉新投放,2576.52,36256,1081,73,6690.77
2024-03-28,douyin,复购唤醒,2749.86,37241,2225,128,12005.23
2024-03-28,douyin,直播专场,1615.11,15300,359,17,5055.08
2024-03-28,douyin,搜索广告,2019.98,75649,1370,78,12832.24
2024-03-28,WeChat,品牌种草,"¥2,501.23",58528,3077,160,42750.55
2024-03-28,WEB,节日大促,1742.44,33287,2096,241,16119.2
2024-03-28,weibo,拉新投放,1788.98,55558,2864,181,23298.12
2024-03-28,weibo,复购唤醒,1453.66,27422,1941,59,4709.18
2024-03-28,weibo,直播专场,1464.85,5509,70,4,297.26
2024-03-28,weibo,搜索广告,2299.38,38172,2171,185,52268.68
2024-03-29,wechat,品牌种草,1164.68,13496,1051,42,8199.72
2024-03-29,wechat,节日大促,2373.69,44229,826,35,10413.14
2024-03-29,wechat,拉新投放,1561.12,68457,4512,418,47261.54
2024-03-29,WEIBO,复购唤醒,¥354.76,41054,2100,153,28000.93
2024-03-29,wechat,直播专场,642.73,8159,342,35,9650.68
2024-03-29,wechat,搜索广告,1315.66,67475,2400,267,85156.41
2024-03-29,Douyin,品牌种草,1851.74,22593,532,26,2003.29
2024-03-29,web,节日大促,1575.02,8204,224,21,2021.27
2024-03-29,web,拉新投放,¥417.81,60108,891,84,14379.33
2024-03-29,web,复购唤醒,¥881.01,27944,2116,160,33158.07
2024-03-29,web,直播专场,1122.29,23997,590,32,6257.74
2024-03-29,web,搜索广告,473.04,11524,632,70,12306.2
2024-03-29,douyin,品牌种草,1546.85,43394,3304,302,57390.59
2024-03-29,douyin,节日大促,1781.65,35566,1647,164,30635.25
2024-03-29,douyin,拉新投放,1387.53,50087,2727,188,43635.0
2024-03-29,WeChat,复购唤醒,2046.03,32746,2114,212,52741.87
2024-03-29,douyin,直播专场,"¥2,349.95",74051,2598,227,16827.95
2024-03-29,douyin,搜索广告,2996.53,66089,5133,173,49476.59
2024-03-29,weibo,品牌种草,1593.33,76160,4969,440,121547.58
2024-03-29,weibo,节日大促,386.34,48903,2521,124,22287.15
2024-03-29,weibo,拉新投放,1610.56,72279,2290,49,9405.89
2024-03-29,Douyin,复购唤醒,546.63,41921,3236,365,57381.32
2024-03-29,weibo,直播专场,2476.77,9883,245,16,3033.67
2024-03-29,weibo,搜索广告,1770.08,22099,460,9,1800.73
2024-03-30,wechat,品牌种草,1115.70,13821,809,54,4082.09
2024-03-30,wechat,节日大促,1042.97,48138,1081,64,16754.01
2024-03-30,wechat,拉新投放,2145.11,71267,3296,161,40267.48
2024-03-30,wechat,复购唤醒,855.64,35176,1833,179,52840.6
2024-03-30,wechat,直播专场,615.32,49392,3198,376,90046.34
2024-03-30,wechat,搜索广告,2531.09,21047,956,86,7324.28
2024-03-30,Douyin,品牌种草,2790.12,22931,1150,109,26390.04
2024-03-30,WEB,节日大促,2841.61,50405,2514,218,65845.8
2024-03-30,web,拉新投放,1659.67,45090,519,13,2823.09
2024-03-30,web,复购唤醒,"¥1,779.57",64463,1683,158,33269.28
2024-03-30,web,直播专场,¥419.53,30755,582,40,4943.19
2024-03-30,web,搜索广告,2813.78,51882,1702,101,18149.88
2024-03-30,douyin,品牌种草,"¥1,737.10",9193,323,15,4199.12
2024-03-30,douyin,节日大促,2922.38,67406,2430,145,18803.44
2024-03-30,WEB,拉新投放,¥370.68,54024,3110,269,78119.66
2024-03-30,douyin,复购唤醒,2222.91,37604,2336,224,56009.1
2024-03-30,douyin,直播专场,1872.96,46477,3407,294,72424.91
2024-03-30,douyin,搜索广告,1351.23,7058,242,13,1094.92
2024-03-30,weibo,品牌种草,"¥1,136.76",50850,2966,79,21015.07
2024-03-30,weibo,节日大促,2094.29,57701,738,76,20512.89
2024-03-30,weibo,拉新投放,950.83,76328,1292,60,9901.44
2024-03-30,weibo,复购唤醒,"¥1,314.05",7938,579,63,9827.04
2024-03-30,weibo,直播专场,1853.22,10067,765,70,13298.62
2024-03-30,weibo,搜索广告,65000.00,19164,1270,28,6802.44
2024-03-31,wechat,品牌种草,1787.04,8381,210,15,4096.22
2024-03-31,wechat,节日大促,2261.77,29734,1764,58,9877.89
2024-03-31,WEIBO,拉新投放,1991.85,78721,1649,104,14726.09
2024-03-31,wechat,复购唤醒,693.40,57280,1705,83,23115.53
2024-03-31,wechat,直播专场,2396.10,16059,606,43,9804.48
2024-03-31,WEIBO,搜索广告,394.23,47539,2330,185,19641.35
2024-03-31,web,品牌种草,1443.05,75963,2400,248,62542.2
2024-03-31,web,节日大促,1624.55,74823,3245,204,35157.63
2024-03-31,web,拉新投放,1552.71,46540,1440,124,21736.48
2024-03-31,web,复购唤醒,1365.11,21489,951,90,28727.21
2024-03-31,web,直播专场,2908.37,54948,1826,78,22960.83
2024-03-31,web,搜索广告,505.13,69701,5557,419,125267.37
2024-03-31,douyin,品牌种草,881.20,14998,756,46,4565.25
2024-03-31,douyin,节日大促,855.36,42092,495,38,9214.85
2024-03-31,douyin,拉新投放,"¥1,706.33",74140,3022,100,28271.11
2024-03-31,douyin,复购唤醒,331.39,6617,352,25,3499.92
2024-03-31,douyin,直播专场,2278.10,49378,1041,37,4319.39
2024-03-31,douyin,搜索广告,"¥1,642.38",63439,764,52,15076.22
2024-03-31,weibo,品牌种草,"¥2,192.63",35870,1017,78,12183.0
2024-03-31,weibo,节日大促,2646.16,51154,3029,362,111378.44
2024-03-31,weibo,拉新投放,2947.44,65451,4525,434,30535.73
2024-03-31,weibo,复购唤醒,2338.71,51768,1120,69,5370.15
2024-03-31,weibo,直播专场,1291.99,61530,908,90,14327.45
2024-03-31,WEB,搜索广告,602.71,57073,1231,99,10021.76
2024-04-01,wechat,品牌种草,2589.77,16216,1205,39,8227.12
2024-04-01,wechat,节日大促,1604.65,51855,2832,291,47385.83
2024-04-01,wechat,拉新投放,1422.49,41776,1021,118,34022.46
2024-04-01,wechat,复购唤醒,1025.30,9291,287,12,3258.4
2024-04-01,wechat,直播专场,1696.32,48524,1688,170,20565.88
2024-04-01,wechat,搜索广告,"¥2,334.98",52502,1775,103,10819.03
2024-04-01,web,品牌种草,1517.65,43543,1094,62,15738.72
2024-04-01,web,节日大促,889.90,15421,286,29,8066.26
2024-04-01,Douyin,拉新投放,2080.23,44919,724,79,18455.16
2024-04-01,web,复购唤醒,¥455.55,62323,2598,163,50897.21
2024-04-01,web,直播专场,1963.84,65007,1274,150,43107.17
2024-04-01,web,搜索广告,868.40,59267,1321,150,39618.08
2024-04-01,douyin,品牌种草,524.43,62257,4618,384,53201.86
2024-04-01,douyin,节日大促,422.86,19329,813,71,22142.39
2024-04-01,douyin,拉新投放,2788.50,76604,1748,174,53095.91
2024-04-01,douyin,复购唤醒,2840.08,39876,2380,263,45117.11
2024-04-01,douyin,直播专场,2861.79,60429,4019,184,38279.17
2024-04-01,douyin,搜索广告,2968.55,38370,667,40,8786.38
2024-04-01,weibo,品牌种草,519.82,30155,1786,138,39206.41
2024-04-01,weibo,节日大促,2333.48,45479,1254,35,2535.07
2024-04-01,weibo,拉新投放,2982.66,79706,2694,174,46719.66
2024-04-01,WeChat,复购唤醒,358.59,68550,1128,29,7487.56
2024-04-01,weibo,直播专场,549.37,75324,4443,127,19152.45
2024-04-01,weibo,搜索广告,2738.84,55502,861,27,7889.58
2024-04-02,wechat,品牌种草,2658.31,10585,222,12,2359.21
2024-04-02,wechat,节日大促,2961.86,54347,4306,114,9309.67
2024-04-02,WEB,拉新投放,1336.09,43352,2424,89,24288.39
2024-04-02,wechat,复购唤醒,2227.95,32807,2537,65,4707.66
2024-04-02,wechat,直播专场,2652.26,58826,4311,153,46248.44
2024-04-02,wechat,搜索广告,666.92,67832,4486,290,85024.4
2024-04-02,web,品牌种草,2764.09,47552,1566,153,41748.5
2024-04-02,web,节日大促,1713.07,55616,651,47,10463.57
2024-04-02,web,拉新投放,65000.00,64242,680,34,5997.34
2024-04-02,web,复购唤醒,2959.59,30205,884,88,13813.93
2024-04-02,web,直播专场,2439.27,18513,242,14,4395.67
2024-04-02,web,搜索广告,2151.91,63954,1135,61,13486.63
2024-04-02,douyin,品牌种草,1858.89,18782,1429,62,17091.9
2024-04-02,douyin,节日大促,1772.21,60300,1401,167,35883.97
2024-04-02,douyin,拉新投放,1257.76,23452,1456,47,14993.0
2024-04-02,WeChat,复购唤醒,1280.03,10788,451,16,1670.51
2024-04-02,douyin,直播专场,¥785.25,36685,750,53,16623.12
2024-04-02,douyin,搜索广告,2663.39,9094,258,18,1311.14
2024-04-02,weibo,品牌种草,¥533.36,74777,3494,83,24477.04
2024-04-02,weibo,节日大促,1665.80,12190,201,19,5740.3
2024-04-02,Douyin,拉新投放,2681.51,41070,1192,76,14130.71
2024-04-02,weibo,复购唤醒,1678.30,79355,1956,81,18442.81
2024-04-02,weibo,直播专场,926.07,37814,1327,115,7371.4
2024-04-02,weibo,搜索广告,"¥2,287.10",64825,2586,295,84625.48
2024-04-03,WeChat,品牌种草,1902.76,64214,1126,44,3080.48
2024-04-03,wechat,节日大促,1042.19,52633,851,63,4388.47
2024-04-03,wechat,拉新投放,2745.96,21366,1468,169,46907.34
2024-04-03,WEB,复购唤醒,"¥2,894.70",63924,1064,26,6053.13
2024-04-03,wechat,直播专场,"¥1,744.83",30595,471,15,2539.04
2024-04-03,wechat,搜索广告,¥651.10,48085,2313,101,12155.02
2024-04-03,web,品牌种草,1352.97,42307,2214,209,43983.58
2024-04-03,web,节日大促,520.22,68849,3752,183,41534.89
2024-04-03,web,拉新投放,1466.10,60237,818,60,16191.82
2024-04-03,web,复购唤醒,1515.70,64931,1743,142,32865.83
2024-04-03,web,直播专场,2844.93,41963,1034,48,10778.84
2024-04-03,web,搜索广告,827.65,9751,354,31,2784.61
2024-04-03,douyin,品牌种草,802.59,63823,3919,97,16668.9
2024-04-03,douyin,节日大促,1144.20,36135,2400,102,19600.02
2024-04-03,douyin,拉新投放,¥916.72,43325,2329,220,31592.07
2024-04-03,douyin,复购唤醒,2044.56,21898,1385,117,36614.67
2024-04-03,WeChat,直播专场,498.89,72407,5678,558,112205.26
2024-04-03,douyin,搜索广告,1109.84,57090,4236,208,35206.39
2024-04-03,weibo,品牌种草,2231.88,63883,3091,305,57613.91
2024-04-03,weibo,节日大促,1267.28,21591,1632,106,12471.96
2024-04-03,weibo,拉新投放,356.75,30768,1182,61,14482.56
2024-04-03,weibo,复购唤醒,1526.15,74095,2711,70,19054.11
2024-04-03,weibo,直播专场,"¥2,647.97",69865,2854,321,84181.03
2024-04-03,weibo,搜索广告,976.52,14732,904,105,25811.07
2024-04-04,Douyin,品牌种草,2268.69,46707,2939,207,23095.26
2024-04-04,wechat,节日大促,1113.17,57207,2590,309,44093.14
2024-04-04,wechat,拉新投放,2500.73,56846,2613,244,24751.59
2024-04-04,wechat,复购唤醒,874.10,29280,1406,133,17390.63
2024-04-04,wechat,直播专场,2107.57,13543,221,5,823.48
2024-04-04,wechat,搜索广告,2366.86,20995,1403,89,20837.98
2024-04-04,web,品牌种草,1261.58,18281,1126,131,37142.09
2024-04-04,web,节日大促,"¥1,477.80",72524,1349,95,7851.02
2024-04-04,web,拉新投放,¥595.52,75674,2825,184,54009.08
2024-04-04,web,复购唤醒,2912.16,72557,1816,114,12799.2
2024-04-04,WeChat,直播专场,2952.21,5069,69,6,1604.23
2024-04-04,WEB,搜索广告,2663.97,39320,1443,32,5060.29
2024-04-04,douyin,品牌种草,579.07,63086,1149,31,8219.04
2024-04-04,douyin,节日大促,1314.14,32622,2268,149,37101.01
2024-04-04,douyin,拉新投放,2943.17,42379,3154,201,12614.3
2024-04-04,douyin,复购唤醒,1274.13,59089,815,30,2327.66
2024-04-04,douyin,直播专场,2229.36,31868,343,39,8281.41
2024-04-04,douyin,搜索广告,¥569.06,27400,863,27,3356.69
2024-04-04,weibo,品牌种草,¥794.78,38305,1693,85,17027.46
2024-04-04,weibo,节日大促,2251.48,55213,814,44,6381.88
2024-04-04,weibo,拉新投放,2049.79,49579,1712,35,6188.0
2024-04-04,weibo,复购唤醒,649.34,18765,1334,37,10548.77
2024-04-04,Douyin,直播专场,2333.28,15924,419,50,4490.18
2024-04-04,weibo,搜索广告,2508.05,64825,3528,319,39922.28
2024-04-05,wechat,品牌种草,2799.47,54131,2491,231,21125.2
2024-04-05,wechat,节日大促,1771.55,57410,1549,185,13924.03
2024-04-05,wechat,拉新投放,"¥2,885.46",46323,2934,290,49328.59
2024-04-05,wechat,复购唤醒,1417.84,37634,2530,214,66142.91
2024-04-05,wechat,直播专场,1852.56,27851,1989,213,24713.2
2024-04-05,wechat,搜索广告,1726.09,27016,464,51,11049.75
2024-04-05,WEB,品牌种草,1569.06,68844,3811,83,8221.3
2024-04-05,web,节日大促,1328.86,15693,342,27,7730.38
2024-04-05,web,拉新投放,1084.30,56133,2697,172,11194.51
2024-04-05,web,复购唤醒,2217.27,77265,3871,131,13867.25
2024-04-05,web,直播专场,2697.13,51422,2257,227,54352.29
2024-04-05,web,搜索广告,1588.87,53912,570,25,7459.95
2024-04-05,douyin,品牌种草,"¥1,492.90",40273,2221,173,54445.04
2024-04-05,douyin,节日大促,585.08,76523,5198,420,93957.73
2024-04-05,douyin,拉新投放,766.13,57971,4312,257,19966.91
2024-04-05,douyin,复购唤醒,553.08,19247,1499,85,16823.36
2024-04-05,douyin,直播专场,2959.89,21012,964,19,4672.65
2024-04-05,douyin,搜索广告,437.96,12022,666,64,17522.41
2024-04-05,weibo,品牌种草,2863.78,58898,1698,115,24372.71
2024-04-05,weibo,节日大促,1400.83,24068,1900,189,45722.76
2024-04-05,weibo,拉新投放,848.87,23588,1247,90,16709.46
2024-04-05,weibo,复购唤醒,2731.91,70329,4214,140,25163.12
2024-04-05,weibo,直播专场,475.32,51777,3074,166,31314.19
2024-04-05,weibo,搜索广告,2910.56,40464,3184,328,26951.1
2024-04-06,wechat,品牌种草,¥504.68,76102,4480,341,45726.57
2024-04-06,wechat,节日大促,1478.86,71798,1152,117,24957.15
2024-04-06,wechat,拉新投放,2443.86,32394,1203,62,3845.13
2024-04-06,wechat,复购唤醒,1509.25,38019,2118,75,17823.06
2024-04-06,wechat,直播专场,1644.30,75835,1224,67,18284.48
2024-04-06,wechat,搜索广告,925.46,26868,1260,43,5363.18
2024-04-06,web,品牌种草,2117.90,46296,2588,162,32724.83
2024-04-06,web,节日大促,916.14,7813,607,25,3493.26
2024-04-06,web,拉新投放,1110.57,75567,2143,96,28923.22
2024-04-06,web,复购唤醒,2181.75,75572,1998,220,37088.85
2024-04-06,web,直播专场,"¥2,108.41",47260,1238,114,31814.86
2024-04-06,web,搜索广告,1768.99,31329,2344,113,34499.04
2024-04-06,douyin,品牌种草,1850.01,64704,2177,139,33226.59
2024-04-06,douyin,节日大促,1958.55,12330,724,73,20439.6
2024-04-06,douyin,拉新投放,712.55,20409,1534,181,24019.64
2024-04-06,douyin,复购唤醒,¥579.01,45768,916,46,13352.71
2024-04-06,douyin,直播专场,1609.91,16740,200,17,2035.81
2024-04-06,douyin,搜索广告,386.94,23399,1167,36,2421.71
2024-04-06,weibo,品牌种草,1840.37,55673,3861,129,29360.71
2024-04-06,weibo,节日大促,2339.14,63243,743,18,5671.94
2024-04-06,weibo,拉新投放,2869.36,25321,460,26,6797.21
2024-04-06,weibo,复购唤醒,1447.20,77017,1072,53,3407.42
2024-04-06,weibo,直播专场,675.70,21051,1575,69,8527.7
2024-04-06,weibo,搜索广告,2798.55,33022,493,22,2018.97
2024-04-07,wechat,品牌种草,895.58,53297,2068,167,32720.82
2024-04-07,wechat,节日大促,2404.62,43966,1006,47,12977.05
2024-04-07,wechat,拉新投放,"¥1,969.99",79331,5326,364,113816.44
2024-04-07,wechat,复购唤醒,65000.00,7979,504,26,4860.45
2024-04-07,wechat,直播专场,918.03,39982,1348,36,6501.62
2024-04-07,wechat,搜索广告,1161.94,75987,1193,24,4125.26
2024-04-07,web,品牌种草,390.11,33001,1995,186,52786.17
2024-04-07,web,节日大促,995.63,74138,3831,253,75295.04
2024-04-07,WEB,拉新投放,2247.95,64693,3469,121,38025.64
2024-04-07,web,复购唤醒,2517.25,52736,3275,168,24213.22
2024-04-07,web,直播专场,1108.41,54415,3329,371,113041.59
2024-04-07,web,搜索广告,2164.19,56096,2667,270,67172.06
2024-04-07,douyin,品牌种草,2526.79,33769,1949,223,15995.11
2024-04-07,douyin,节日大促,"¥1,792.31",14081,735,31,4402.67
2024-04-07,douyin,拉新投放,2201.27,50872,1989,40,4744.09
2024-04-07,douyin,复购唤醒,1736.17,8126,108,4,517.25
2024-04-07,douyin,直播专场,¥546.02,45776,3028,84,25149.18
2024-04-07,douyin,搜索广告,1591.12,11656,826,85,10428.67
2024-04-07,weibo,品牌种草,1267.09,68404,5004,315,19081.63
2024-04-07,weibo,节日大促,2540.14,46425,900,104,19447.5
2024-04-07,weibo,拉新投放,578.02,22738,236,26,4163.9
2024-04-07,WEIBO,复购唤醒,"¥2,493.86",66899,2279,140,13782.04
2024-04-07,weibo,直播专场,725.16,17893,1102,40,6482.55
2024-04-07,WeChat,搜索广告,2360.87,24394,568,49,8236.08
2024-04-08,wechat,品牌种草,1638.84,74674,3053,295,94041.79
2024-04-08,wechat,节日大促,633.68,14012,1039,73,6487.25
2024-04-08,WEIBO,拉新投放,2565.17,16674,1206,137,23707.65
2024-04-08,wechat,复购唤醒,1207.10,64088,2769,147,15814.85
2024-04-08,wechat,直播专场,2850.18,19819,1478,34,3024.85
2024-04-08,wechat,搜索广告,1874.94,26577,1849,160,30195.91
2024-04-08,web,品牌种草,1106.96,46217,2259,209,49066.71
2024-04-08,web,节日大促,2096.92,24311,1635,135,41314.59
2024-04-08,web,拉新投放,1364.13,66933,1681,136,31995.31
2024-04-08,web,复购唤醒,905.93,41376,1735,77,20979.48
2024-04-08,WEIBO,直播专场,372.44,55694,3150,302,36986.61
2024-04-08,web,搜索广告,1927.54,25799,1915,114,22080.87
2024-04-08,douyin,品牌种草,2567.09,68088,5380,142,39814.53
2024-04-08,douyin,节日大促,2692.40,24629,1894,83,25440.52
2024-04-08,WEB,拉新投放,1331.44,31717,1450,117,26283.9
2024-04-08,douyin,复购唤醒,2735.25,29318,1653,143,13481.03
2024-04-08,douyin,直播专场,2422.86,23005,1004,26,2699.1
2024-04-08,douyin,搜索广告,502.84,74679,5259,433,132635.62
2024-04-08,weibo,品牌种草,2186.80,50907,2268,143,35418.6
2024-04-08,weibo,节日大促,"¥1,611.44",6690,285,26,7740.27
2024-04-08,weibo,拉新投放,1250.18,60245,1525,77,6787.95
2024-04-08,weibo,复购唤醒,1933.63,38992,1631,81,10440.55
2024-04-08,weibo,直播专场,337.58,33136,597,33,7022.29
2024-04-08,weibo,搜索广告,731.10,25628,1373,155,29307.34
2024-04-09,wechat,品牌种草,"¥2,248.95",54697,3174,332,47140.22
2024-04-09,wechat,节日大促,797.16,37790,1409,156,35196.72
2024-04-09,wechat,拉新投放,"¥2,741.20",16905,1158,125,16407.95
2024-04-09,wechat,复购唤醒,2506.91,72583,4409,252,42910.77
2024-04-09,wechat,直播专场,437.67,78632,1730,68,13995.39
2024-04-09,wechat,搜索广告,1703.69,22147,902,45,9486.41
2024-04-09,web,品牌种草,¥780.92,66891,2416,281,36889.3
2024-04-09,web,节日大促,926.31,23805,1345,117,28170.38
2024-04-09,web,拉新投放,¥359.11,72657,1568,147,23224.32
2024-04-09,Douyin,复购唤醒,2217.02,33191,1504,41,5991.57
2024-04-09,web,直播专场,926.37,34467,2580,139,24927.35
2024-04-09,web,搜索广告,2115.07,18283,1287,109,34541.86
2024-04-09,douyin,品牌种草,"¥1,691.52",12959,743,78,23042.29
2024-04-09,douyin,节日大促,2468.41,46055,1067,45,10136.2
2024-04-09,douyin,拉新投放,2174.44,37057,2675,273,17213.44
2024-04-09,douyin,复购唤醒,¥724.39,5478,69,4,1040.1
2024-04-09,douyin,直播专场,1091.69,8729,253,21,4967.84
2024-04-09,douyin,搜索广告,663.73,34320,989,108,32781.9
2024-04-09,WEB,品牌种草,2255.38,64695,4142,484,38494.56
2024-04-09,weibo,节日大促,480.37,71325,4175,268,48441.55
2024-04-09,weibo,拉新投放,2432.81,33767,2690,267,57160.52
2024-04-09,weibo,复购唤醒,2849.92,11647,763,58,16517.65
2024-04-09,weibo,直播专场,"¥1,117.64",59159,4034,95,16835.44
2024-04-09,weibo,搜索广告,878.50,25470,725,86,20793.97
2024-04-10,WEIBO,品牌种草,1831.20,68475,4516,519,105143.36
2024-04-10,wechat,节日大促,2824.05,50996,510,22,4936.03
2024-04-10,wechat,拉新投放,823.04,66773,4219,308,32949.14
2024-04-10,wechat,复购唤醒,2111.41,18781,867,58,9636.87
2024-04-10,wechat,直播专场,2143.73,74533,4674,251,42857.42
2024-04-10,wechat,搜索广告,1560.70,22444,1574,39,3830.86
2024-04-10,web,品牌种草,1035.71,79794,5584,509,100919.37
2024-04-10,web,节日大促,1731.32,16620,261,14,1015.35
2024-04-10,web,拉新投放,"¥1,018.79",59834,1340,49,9123.84
2024-04-10,web,复购唤醒,909.58,64639,886,73,20685.07
2024-04-10,web,直播专场,758.08,11630,517,52,6026.04
2024-04-10,web,搜索广告,2497.34,11920,953,96,15011.72
2024-04-10,douyin,品牌种草,2046.70,36069,2302,82,11921.37
2024-04-10,WeChat,节日大促,1530.77,48313,3315,89,8306.27
2024-04-10,douyin,拉新投放,1262.07,72913,3863,220,14945.57
2024-04-10,douyin,复购唤醒,1166.81,46194,2841,277,50807.69
2024-04-10,douyin,直播专场,2746.76,27428,1731,86,25721.86
2024-04-10,douyin,搜索广告,1064.95,64645,1035,97,24442.45
2024-04-10,weibo,品牌种草,394.75,41409,3111,225,63170.09
2024-04-10,weibo,节日大促,2962.47,53737,1112,132,9036.75
2024-04-10,weibo,拉新投放,2780.33,51418,571,55,8537.56
2024-04-10,weibo,复购唤醒,535.65,31188,594,42,12886.87
2024-04-10,weibo,直播专场,1553.77,57525,1005,96,26902.46
2024-04-10,WeChat,搜索广告,749.79,43012,1614,115,26167.35
2024-04-11,wechat,品牌种草,2378.62,73929,4458,455,42952.68
2024-04-11,wechat,节日大促,2633.17,53351,3946,465,94238.0
2024-04-11,wechat,拉新投放,2840.96,63824,1126,106,8954.82
2024-04-11,wechat,复购唤醒,945.00,47127,2704,219,22513.45
2024-04-11,wechat,直播专场,867.44,49400,2037,139,42850.04
2024-04-11,wechat,搜索广告,¥841.68,44320,788,81,23753.38
2024-04-11,web,品牌种草,1035.76,30322,1643,100,10353.01
2024-04-11,web,节日大促,1128.51,15340,1165,103,10912.47
2024-04-11,web,拉新投放,2179.50,59158,3086,364,94109.5
2024-04-11,web,复购唤醒,2290.31,77282,2639,286,61227.7
2024-04-11,web,直播专场,"¥1,858.95",10845,156,8,721.73
2024-04-11,web,搜索广告,2504.59,24473,1081,79,16353.2
2024-04-11,douyin,品牌种草,"¥2,337.59",42754,520,52,8059.0
2024-04-11,douyin,节日大促,¥689.35,61323,2011,125,26044.18
2024-04-11,douyin,拉新投放,1956.62,70057,4885,453,40390.34
2024-04-11,douyin,复购唤醒,2033.24,74330,3819,194,53492.17
2024-04-11,douyin,直播专场,2361.67,67520,814,65,18202.92
2024-04-11,douyin,搜索广告,1037.06,37716,1317,101,29242.73
2024-04-11,weibo,品牌种草,2382.90,68446,4333,269,49578.7
2024-04-11,weibo,节日大促,2661.81,32219,1222,145,14686.47
2024-04-11,weibo,拉新投放,762.92,26430,1447,54,3327.98
2024-04-11,weibo,复购唤醒,"¥1,409.62",40294,468,28,6335.3
2024-04-11,weibo,直播专场,2898.36,36305,1027,79,20302.2
2024-04-11,weibo,搜索广告,"¥1,670.17",43762,1639,92,25560.76
2024-04-12,wechat,品牌种草,2243.53,24691,728,76,16214.24
2024-04-12,wechat,节日大促,2236.24,53762,1570,156,14981.9
2024-04-12,wechat,拉新投放,1580.70,71182,1939,104,10041.6
2024-04-12,wechat,复购唤醒,2432.95,14352,622,13,1612.39
2024-04-12,wechat,直播专场,2196.26,73567,1569,142,40480.88
2024-04-12,wechat,搜索广告,305.08,25867,1685,125,18958.99
2024-04-12,web,品牌种草,1890.42,36892,573,63,15501.88
2024-04-12,WEB,节日大促,1499.34,22658,893,91,12726.74
2024-04-12,web,拉新投放,2217.45,45078,1559,105,23860.43
2024-04-12,Douyin,复购唤醒,787.22,66985,4215,229,63443.93
2024-04-12,web,直播专场,1054.26,49678,1941,204,48049.54
2024-04-12,web,搜索广告,942.00,34150,2411,167,23369.54
2024-04-12,Douyin,品牌种草,2319.39,10944,827,22,5623.61
2024-04-12,douyin,节日大促,2057.17,78388,2310,81,22774.7
2024-04-12,douyin,拉新投放,978.53,35468,1882,173,49371.72
2024-04-12,douyin,复购唤醒,2201.18,38776,2276,135,33826.61
2024-04-12,douyin,直播专场,1454.28,5859,157,13,3200.36
2024-04-12,douyin,搜索广告,2098.79,46194,1879,198,50932.3
2024-04-12,weibo,品牌种草,1260.58,56160,1461,36,2873.65
2024-04-12,weibo,节日大促,1562.31,13457,744,85,13494.11
2024-04-12,weibo,拉新投放,2269.87,16710,1138,114,11956.49
2024-04-12,weibo,复购唤醒,"¥1,683.84",36675,2378,262,24799.37
2024-04-12,weibo,直播专场,1979.49,76785,3158,122,18270.0
2024-04-12,weibo,搜索广告,2480.51,28573,888,102,10765.52
2024-04-13,wechat,品牌种草,964.76,20024,1599,53,13036.05
2024-04-13,wechat,节日大促,867.32,16082,752,58,11203.37
2024-04-13,wechat,拉新投放,672.29,34988,1574,62,11265.91
2024-04-13,wechat,复购唤醒,"¥1,553.60",30490,1449,134,31685.65
2024-04-13,wechat,直播专场,"¥2,852.55",68406,3812,211,36628.57
2024-04-13,wechat,搜索广告,¥891.63,78785,2304,148,14371.58
2024-04-13,web,品牌种草,1141.30,25267,1275,104,25498.12
2024-04-13,WEIBO,节日大促,2478.39,67998,2258,48,4092.63
2024-04-13,web,拉新投放,"¥2,605.85",54282,1686,36,7109.43
2024-04-13,web,复购唤醒,"¥1,913.77",64413,4085,153,32532.98
2024-04-13,web,直播专场,1775.26,76746,5479,282,56594.87
2024-04-13,web,搜索广告,836.62,13799,292,32,3961.2
2024-04-13,WEIBO,品牌种草,1293.22,60494,3976,329,92165.01
2024-04-13,WeChat,节日大促,340.90,54736,1679,150,12370.75
2024-04-13,douyin,拉新投放,1994.68,54452,4084,82,8073.34
2024-04-13,douyin,复购唤醒,865.71,21152,400,23,5326.69
2024-04-13,douyin,直播专场,¥693.02,71643,1215,28,2585.08
2024-04-13,douyin,搜索广告,2378.69,76826,1757,184,28248.29
2024-04-13,weibo,品牌种草,815.28,64128,5078,498,40310.96
2024-04-13,weibo,节日大促,2178.90,29824,1390,44,11863.06
2024-04-13,weibo,拉新投放,2111.73,29994,2118,236,26220.88
2024-04-13,weibo,复购唤醒,2411.82,35609,1503,171,43931.88
2024-04-13,weibo,直播专场,1310.91,48467,1500,77,14452.72
2024-04-13,weibo,搜索广告,1522.05,49736,1736,69,7575.54
2024-04-14,wechat,品牌种草,"¥2,255.96",71484,5675,467,74476.67
2024-04-14,wechat,节日大促,767.04,48837,2263,137,13966.29
2024-04-14,wechat,拉新投放,1195.05,31603,2337,265,70389.62
2024-04-14,wechat,复购唤醒,2897.72,44938,2826,207,54495.37
2024-04-14,Douyin,直播专场,"¥1,665.61",63937,2223,124,25540.15
2024-04-14,wechat,搜索广告,1509.42,19371,1534,77,17982.23
2024-04-14,web,品牌种草,2084.60,61360,1493,57,11874.09
2024-04-14,web,节日大促,2883.41,56060,3253,71,19717.12
2024-04-14,web,拉新投放,490.22,75896,2370,74,5383.09
2024-04-14,web,复购唤醒,1675.91,21258,981,25,6679.9
2024-04-14,web,直播专场,572.47,17759,285,20,1394.28
2024-04-14,web,搜索广告,800.87,73457,1380,111,11267.29
2024-04-14,douyin,品牌种草,980.96,74228,4183,192,42547.7
2024-04-14,douyin,节日大促,1686.74,62074,3211,156,10058.99
2024-04-14,douyin,拉新投放,612.11,39921,732,82,5783.62
2024-04-14,douyin,复购唤醒,1184.69,39455,1222,120,7721.14
2024-04-14,douyin,直播专场,2643.05,26812,1150,87,13404.17
2024-04-14,douyin,搜索广告,361.11,69113,4936,329,62978.01
2024-04-14,WEB,品牌种草,749.73,76273,4369,153,29934.93
2024-04-14,weibo,节日大促,1022.12,70527,1764,126,39109.13
2024-04-14,weibo,拉新投放,1849.35,59940,4396,162,33632.67
2024-04-14,WEIBO,复购唤醒,1804.88,66599,4106,233,29362.26
2024-04-14,weibo,直播专场,2902.45,15107,707,18,3436.6
2024-04-14,weibo,搜索广告,1766.40,19820,290,31,2332.97
2024-04-15,wechat,品牌种草,2920.73,53822,955,33,8864.51
2024-04-15,wechat,节日大促,2818.79,74977,4836,180,16994.98
2024-04-15,wechat,拉新投放,363.20,77506,872,66,12451.32
2024-04-15,WEIBO,复购唤醒,2356.57,15919,1173,86,5861.01
2024-04-15,wechat,直播专场,856.01,72932,1390,153,10655.48
2024-04-15,wechat,搜索广告,1504.16,68034,2881,67,21298.75
2024-04-15,web,品牌种草,2020.14,58948,1024,58,9450.52
2024-04-15,web,节日大促,2308.04,16012,817,89,20976.04
2024-04-15,web,拉新投放,2574.16,13233,527,35,5496.18
2024-04-15,web,复购唤醒,2936.96,15383,954,27,2209.68
2024-04-15,web,直播专场,¥443.94,77893,4368,508,102464.35
2024-04-15,web,搜索广告,¥464.42,38037,461,46,9420.17
2024-04-15,douyin,品牌种草,"¥1,080.45",17522,186,10,1601.64
2024-04-15,douyin,节日大促,"¥1,195.40",21454,1009,34,2292.55
2024-04-15,WEB,拉新投放,371.83,73932,5521,376,117601.07
2024-04-15,douyin,复购唤醒,1867.30,63269,4544,314,87792.3
2024-04-15,douyin,直播专场,834.65,43304,809,44,13854.54
2024-04-15,douyin,搜索广告,978.27,28927,813,18,5743.49
2024-04-15,weibo,品牌种草,"¥2,759.26",24421,1769,111,13844.55
2024-04-15,weibo,节日大促,2862.60,12741,622,22,5053.06
2024-04-15,weibo,拉新投放,1717.89,5233,59,4,243.98
2024-04-15,weibo,复购唤醒,440.33,7616,555,15,3868.42
2024-04-15,weibo,直播专场,1246.10,51322,3156,238,38685.55
2024-04-15,weibo,搜索广告,2624.67,22227,743,27,2377.88
2024-04-16,wechat,品牌种草,1292.74,19836,1419,44,6732.79
2024-04-16,WEB,节日大促,1193.83,69726,3161,219,45398.44
2024-04-16,wechat,拉新投放,2527.98,72945,4176,101,24830.96
2024-04-16,wechat,复购唤醒,2739.90,71590,2853,246,58866.65
2024-04-16,wechat,直播专场,2992.64,75481,5265,166,36118.12
2024-04-16,wechat,搜索广告,854.62,32314,470,30,4178.12
2024-04-16,web,品牌种草,461.78,12920,408,25,7883.62
2024-04-16,Douyin,节日大促,"¥1,726.04",7679,96,3,547.23
2024-04-16,web,拉新投放,1648.20,19060,1253,80,22468.32
2024-04-16,web,复购唤醒,1933.32,27453,1710,46,5028.8
2024-04-16,web,直播专场,574.78,34503,1114,122,23133.32
2024-04-16,web,搜索广告,715.25,79140,3843,310,34236.42
2024-04-16,douyin,品牌种草,792.84,28716,357,8,2174.72
2024-04-16,douyin,节日大促,2237.50,47095,1456,112,23079.86
2024-04-16,douyin,拉新投放,1129.33,12444,353,33,6152.18
2024-04-16,douyin,复购唤醒,936.64,51630,1979,210,13901.29
2024-04-16,douyin,直播专场,954.30,30805,2153,159,16879.81
2024-04-16,douyin,搜索广告,2032.63,15022,382,39,8973.78
2024-04-16,weibo,品牌种草,2740.29,64560,2866,276,85696.02
2024-04-16,weibo,节日大促,1082.62,65002,1890,54,9466.54
2024-04-16,weibo,拉新投放,"¥1,912.56",7066,323,28,8234.65
2024-04-16,weibo,复购唤醒,"¥2,629.57",11230,229,24,3367.8
2024-04-16,weibo,直播专场,2991.12,6158,484,57,3867.9
2024-04-16,weibo,搜索广告,¥567.83,56745,2427,64,3973.28
2024-04-17,wechat,品牌种草,2140.32,6419,182,5,1537.81
2024-04-17,WEIBO,节日大促,1196.42,36527,1229,143,24963.73
2024-04-17,wechat,拉新投放,"¥2,999.68",41175,2515,93,23662.36
2024-04-17,wechat,复购唤醒,937.73,40783,2519,131,36389.31
2024-04-17,wechat,直播专场,1581.43,9889,438,49,12469.54
2024-04-17,WEB,搜索广告,1188.57,36919,2829,65,3982.86
2024-04-17,web,品牌种草,2848.97,74186,3719,306,65706.0
2024-04-17,WeChat,节日大促,610.00,21644,490,57,10571.67
2024-04-17,web,拉新投放,1657.70,31933,395,10,2022.82
2024-04-17,web,复购唤醒,2584.84,57080,3146,110,32289.49
2024-04-17,web,直播专场,942.20,30234,439,35,7213.01
2024-04-17,web,搜索广告,623.10,16942,1142,32,5489.42
2024-04-17,WeChat,品牌种草,"¥1,426.17",71791,1068,66,19932.57
2024-04-17,Douyin,节日大促,1584.64,54290,4089,371,50494.66
2024-04-17,douyin,拉新投放,"¥1,584.44",5142,262,26,6179.81
2024-04-17,WEIBO,复购唤醒,1945.38,65659,1427,37,9886.14
2024-04-17,douyin,直播专场,1541.76,76465,5654,473,125579.39
2024-04-17,douyin,搜索广告,¥831.60,37276,2567,120,7531.67
2024-04-17,weibo,品牌种草,2711.54,6703,142,4,782.59
2024-04-17,weibo,节日大促,2077.58,36223,362,42,6916.52
2024-04-17,WEB,拉新投放,1547.36,68868,5270,125,19145.91
2024-04-17,weibo,复购唤醒,985.31,62634,1118,79,19841.88
2024-04-17,WEIBO,直播专场,2111.34,32002,942,105,12383.62
2024-04-17,WeChat,搜索广告,¥575.17,18383,474,38,7550.52
2024-04-18,wechat,品牌种草,2251.46,17077,1345,84,10312.77
2024-04-18,wechat,节日大促,989.58,44185,1498,145,41482.04
2024-04-18,wechat,拉新投放,2140.69,52914,4003,225,70402.63
2024-04-18,wechat,复购唤醒,"¥1,340.10",19886,1118,28,1870.59
2024-04-18,wechat,直播专场,1434.16,36254,614,35,4436.65
2024-04-18,wechat,搜索广告,1988.26,15625,163,13,1624.16
2024-04-18,web,品牌种草,2926.74,39115,1025,93,20918.13
2024-04-18,web,节日大促,2640.70,55973,1015,57,8176.23
2024-04-18,web,拉新投放,1387.78,73439,3187,92,9940.67
2024-04-18,web,复购唤醒,472.18,44189,3273,343,85595.51
2024-04-18,web,直播专场,2687.27,35535,1400,56,14635.33
2024-04-18,web,搜索广告,2722.51,28305,1373,76,6761.44
2024-04-18,WEB,品牌种草,781.84,40505,2129,103,11825.25
2024-04-18,douyin,节日大促,324.68,34837,1707,163,37744.37
2024-04-18,douyin,拉新投放,2366.20,30308,2217,135,23825.4
2024-04-18,douyin,复购唤醒,2340.61,24357,432,25,1949.0
2024-04-18,douyin,直播专场,2967.76,43048,1330,83,13277.47
2024-04-18,douyin,搜索广告,"¥1,027.06",63940,2725,172,37707.34
2024-04-18,weibo,品牌种草,1800.44,32288,502,14,1958.07
2024-04-18,weibo,节日大促,713.16,9338,283,18,3043.68
2024-04-18,weibo,拉新投放,1065.42,66167,4116,89,23375.94
2024-04-18,weibo,复购唤醒,"¥2,553.79",11151,658,40,3111.41
2024-04-18,weibo,直播专场,1154.03,45250,1701,149,10862.82
2024-04-18,weibo,搜索广告,1131.81,39574,2706,283,84510.54
2024-04-19,wechat,品牌种草,"¥2,840.32",58131,4135,326,46809.33
2024-04-19,wechat,节日大促,1337.38,8233,489,26,3285.37
2024-04-19,wechat,拉新投放,2747.27,53032,2229,180,36290.95
2024-04-19,wechat,复购唤醒,1652.58,40141,1052,23,5434.01
2024-04-19,wechat,直播专场,693.22,25719,1049,102,28071.45
2024-04-19,wechat,搜索广告,1707.38,49387,521,18,1140.46
2024-04-19,web,品牌种草,1394.13,15376,560,26,2661.7
2024-04-19,web,节日大促,1312.72,53266,2379,226,45132.24
2024-04-19,web,拉新投放,1967.28,28673,1273,95,12135.87
2024-04-19,web,复购唤醒,1714.75,56390,4034,428,89906.75
2024-04-19,web,直播专场,"¥2,803.73",57481,2778,263,41126.88
2024-04-19,web,搜索广告,1049.86,15905,159,17,2028.03
2024-04-19,douyin,品牌种草,"¥1,068.13",71332,3501,343,31483.98
2024-04-19,douyin,节日大促,1495.88,70958,5421,339,48184.2
2024-04-19,douyin,拉新投放,"¥1,467.46",69288,1159,26,2419.54
2024-04-19,douyin,复购唤醒,¥542.97,60167,4500,173,40758.73
2024-04-19,douyin,直播专场,717.52,70477,5415,494,132713.21
2024-04-19,douyin,搜索广告,2630.37,17109,617,48,8802.19
2024-04-19,weibo,品牌种草,1650.19,34348,2324,71,17529.99
2024-04-19,weibo,节日大促,1302.04,60175,3739,304,28745.33
2024-04-19,weibo,拉新投放,471.13,25685,486,36,4637.8
2024-04-19,weibo,复购唤醒,2168.99,20234,383,8,2515.68
2024-04-19,weibo,直播专场,1223.65,41044,1528,51,9874.53
2024-04-19,weibo,搜索广告,2479.25,78732,4470,310,45611.96
2024-04-20,wechat,品牌种草,"¥1,380.28",41052,1872,136,40050.97
2024-04-20,wechat,节日大促,2893.19,15260,1144,37,5400.06
2024-04-20,WEIBO,拉新投放,1922.99,64072,3836,258,78112.56
2024-04-20,wechat,复购唤醒,2409.77,47692,3583,221,25132.07
2024-04-20,wechat,直播专场,1227.81,62306,2853,305,92762.42
2024-04-20,wechat,搜索广告,2284.95,11872,857,45,5684.49
2024-04-20,web,品牌种草,2167.64,59275,1341,143,24728.08
2024-04-20,web,节日大促,582.25,46742,3012,356,65314.16
2024-04-20,web,拉新投放,2693.16,56419,2975,101,24943.36
2024-04-20,web,复购唤醒,1043.12,78260,5193,214,53079.02
2024-04-20,web,直播专场,620.52,52610,2637,276,78716.38
2024-04-20,web,搜索广告,1284.83,32327,1784,181,40370.97
2024-04-20,douyin,品牌种草,2872.22,10416,123,7,1933.6
2024-04-20,douyin,节日大促,2701.50,31476,1911,117,36147.12
2024-04-20,douyin,拉新投放,2539.32,13500,641,22,3743.12
2024-04-20,douyin,复购唤醒,2036.04,58314,1890,112,9348.1
2024-04-20,WeChat,直播专场,¥775.39,30691,1930,191,49231.08
2024-04-20,douyin,搜索广告,1539.66,64254,1380,70,17125.34
2024-04-20,weibo,品牌种草,391.86,26717,1623,146,25144.26
2024-04-20,weibo,节日大促,"¥1,787.02",67640,1581,172,30735.03
2024-04-20,weibo,拉新投放,2947.72,74288,3956,315,48221.99
2024-04-20,weibo,复购唤醒,"¥1,500.04",56407,2625,127,33612.13
2024-04-20,weibo,直播专场,527.15,43085,2643,192,49452.89
2024-04-20,weibo,搜索广告,1922.85,64360,4608,431,64606.48
2024-04-21,wechat,品牌种草,2818.32,31620,1701,75,17799.71
2024-04-21,wechat,节日大促,2174.70,31162,702,47,5996.55
2024-04-21,wechat,拉新投放,"¥2,298.84",6459,399,8,936.54
2024-04-21,wechat,复购唤醒,2045.82,16507,693,38,3018.15
2024-04-21,WeChat,直播专场,352.62,27396,724,36,10450.48
2024-04-21,wechat,搜索广告,2171.81,36597,665,20,3419.38
2024-04-21,web,品牌种草,1610.78,76851,1736,88,12416.98
2024-04-21,web,节日大促,2008.80,43979,2863,188,17417.5
2024-04-21,web,拉新投放,1527.04,37612,503,28,3922.44
2024-04-21,web,复购唤醒,527.83,69297,973,31,9355.61
2024-04-21,web,直播专场,2345.05,58450,594,69,8923.87
2024-04-21,WeChat,搜索广告,1009.64,5766,380,13,1662.38
2024-04-21,douyin,品牌种草,405.90,37028,2527,84,23738.98
2024-04-21,douyin,节日大促,2650.92,35689,1651,43,13207.52
2024-04-21,WeChat,拉新投放,"¥2,753.43",34448,2409,161,32451.63
2024-04-21,douyin,复购唤醒,"¥2,007.36",29286,1886,220,22084.32
2024-04-21,douyin,直播专场,2415.75,31792,2196,53,13816.94
2024-04-21,WEB,搜索广告,"¥1,789.09",54093,3537,232,20495.59
2024-04-21,weibo,品牌种草,1574.42,69217,1012,24,6604.5
2024-04-21,weibo,节日大促,"¥1,213.01",18823,726,85,20425.91
2024-04-21,weibo,拉新投放,2179.24,9428,590,57,18215.1
2024-04-21,weibo,复购唤醒,1213.11,22813,1600,80,6745.77
2024-04-21,weibo,直播专场,2122.39,52269,3558,125,20623.43
2024-04-21,weibo,搜索广告,906.67,62867,3243,352,105125.14
2024-04-22,Douyin,品牌种草,2787.07,75866,1348,142,18407.63
2024-04-22,wechat,节日大促,"¥2,509.07",70573,2002,222,31255.07
2024-04-22,wechat,拉新投放,2236.00,34048,2495,174,21126.49
2024-04-22,Douyin,复购唤醒,¥948.13,26359,1913,72,21804.46
2024-04-22,wechat,直播专场,2996.34,44935,1663,62,5961.48
2024-04-22,wechat,搜索广告,2130.32,72917,3094,179,26602.75
2024-04-22,web,品牌种草,2705.31,40327,1788,200,37124.58
2024-04-22,web,节日大促,1510.44,25023,1937,228,28279.13
2024-04-22,web,拉新投放,2590.28,72202,4206,374,71789.23
2024-04-22,web,复购唤醒,2740.65,59397,4086,270,25578.3
2024-04-22,web,直播专场,¥868.51,17905,1191,125,13051.18
2024-04-22,web,搜索广告,2558.97,37647,1732,108,13781.18
2024-04-22,douyin,品牌种草,2052.08,23258,901,73,20905.09
2024-04-22,douyin,节日大促,"¥2,874.80",37266,1844,45,4041.94
2024-04-22,douyin,拉新投放,992.73,56081,2863,288,37924.9
2024-04-22,douyin,复购唤醒,1943.34,6091,91,2,435.86
2024-04-22,douyin,直播专场,1686.66,28829,680,24,4846.87
2024-04-22,douyin,搜索广告,1645.25,12826,571,45,5945.31
2024-04-22,weibo,品牌种草,"¥2,202.64",46545,2081,136,34519.58
2024-04-22,weibo,节日大促,2297.73,38561,1783,130,40521.45
2024-04-22,weibo,拉新投放,524.22,41173,648,54,3390.46
2024-04-22,weibo,复购唤醒,1065.67,19804,1584,92,12989.9
2024-04-22,WEB,直播专场,1782.48,36492,1232,128,21679.47
2024-04-22,weibo,搜索广告,408.40,17524,1010,55,15773.56
2024-04-23,wechat,品牌种草,2318.35,44858,986,27,3229.58
2024-04-23,wechat,节日大促,472.50,32888,1375,109,29891.45
2024-04-23,Douyin,拉新投放,2473.69,62217,989,39,6219.96
2024-04-23,wechat,复购唤醒,1520.04,7588,393,40,12521.25
2024-04-23,wechat,直播专场,2553.91,50893,3209,265,38216.33
2024-04-23,wechat,搜索广告,2782.43,34663,2755,209,34415.74
2024-04-23,Douyin,品牌种草,"¥1,313.05",54886,2905,194,29216.39
2024-04-23,web,节日大促,2693.18,66436,5204,136,23391.48
2024-04-23,web,拉新投放,2738.60,65788,4577,480,121572.54
2024-04-23,web,复购唤醒,1073.90,53804,1101,98,13022.64
2024-04-23,web,直播专场,1771.10,53626,2202,220,33476.74
2024-04-23,web,搜索广告,793.74,61075,1756,169,12913.51
2024-04-23,douyin,品牌种草,937.24,77961,5582,472,95927.92
2024-04-23,douyin,节日大促,1788.18,78997,6042,344,89609.01
2024-04-23,douyin,拉新投放,2539.98,40850,2825,103,27354.38
2024-04-23,douyin,复购唤醒,390.32,33054,634,41,2637.39
2024-04-23,douyin,直播专场,2760.28,32098,2346,267,39805.92
2024-04-23,douyin,搜索广告,772.65,79618,4161,459,104903.91
2024-04-23,weibo,品牌种草,¥429.85,75761,5371,250,66156.79
2024-04-23,weibo,节日大促,1455.63,18601,287,23,3224.42
2024-04-23,weibo,拉新投放,1403.50,9653,546,59,16989.71
2024-04-23,weibo,复购唤醒,817.97,11233,133,6,1531.56
2024-04-23,weibo,直播专场,"¥2,759.74",60099,3214,380,28073.54
2024-04-23,WEIBO,搜索广告,772.00,33836,1620,150,44273.5
2024-04-24,wechat,品牌种草,2439.68,23288,788,64,11749.67
2024-04-24,wechat,节日大促,2687.81,72207,5031,468,123680.25
2024-04-24,wechat,拉新投放,"¥2,041.34",78684,3294,236,47231.83
2024-04-24,wechat,复购唤醒,698.09,21029,1068,122,36591.82
2024-04-24,wechat,直播专场,761.84,33622,2052,180,17557.9
2024-04-24,Douyin,搜索广告,2598.10,17704,629,13,1382.43
2024-04-24,web,品牌种草,1133.92,25036,767,89,20938.05
2024-04-24,web,节日大促,"¥2,021.91",61375,821,84,23106.85
2024-04-24,web,拉新投放,1906.15,23602,1010,70,11400.9
2024-04-24,web,复购唤醒,2385.00,6275,310,7,783.76
2024-04-24,web,直播专场,995.45,64917,2170,254,48679.7
2024-04-24,web,搜索广告,2182.91,46187,2715,106,24958.89
2024-04-24,douyin,品牌种草,2836.56,17633,880,51,4685.3
2024-04-24,douyin,节日大促,586.34,12631,182,3,530.9
2024-04-24,douyin,拉新投放,822.80,9133,222,13,3525.57
2024-04-24,douyin,复购唤醒,1178.25,32140,982,80,16973.06
2024-04-24,douyin,直播专场,1470.07,46443,3548,387,119811.97
2024-04-24,WEB,搜索广告,556.33,20558,832,90,26661.98
2024-04-24,weibo,品牌种草,614.88,65339,4221,139,9254.59
2024-04-24,Douyin,节日大促,2485.82,7062,289,22,7014.68
2024-04-24,weibo,拉新投放,1679.61,39638,1157,39,5756.5
2024-04-24,weibo,复购唤醒,487.36,29360,1191,64,10827.92
2024-04-24,WEB,直播专场,1527.08,30134,691,21,4927.37
2024-04-24,weibo,搜索广告,936.16,66224,1479,58,15823.56
2024-04-25,wechat,品牌种草,¥705.28,72330,4374,256,71322.72
2024-04-25,wechat,节日大促,1771.29,28620,287,17,3198.67
2024-04-25,wechat,拉新投放,2110.04,75607,4613,161,14424.8
2024-04-25,wechat,复购唤醒,1046.70,33989,2508,172,17648.71
2024-04-25,WEIBO,直播专场,378.83,28327,1275,137,34843.39
2024-04-25,wechat,搜索广告,866.91,63773,843,32,4868.83
2024-04-25,WEB,品牌种草,2050.26,24509,548,17,2256.12
2024-04-25,web,节日大促,778.78,61544,1422,29,8405.23
2024-04-25,web,拉新投放,1898.78,71940,2445,153,48049.24
2024-04-25,web,复购唤醒,1026.07,23029,918,68,4134.58
2024-04-25,web,直播专场,2635.52,61786,1894,202,28408.16
2024-04-25,web,搜索广告,2163.81,73638,3641,121,37464.12
2024-04-25,WeChat,品牌种草,2111.05,17070,689,46,13356.94
2024-04-25,douyin,节日大促,2846.88,65158,920,64,5047.61
2024-04-25,douyin,拉新投放,2775.71,31538,1751,48,8387.79
2024-04-25,douyin,复购唤醒,2235.92,53498,2412,138,32440.23
2024-04-25,douyin,直播专场,803.49,66182,1727,188,53572.15
2024-04-25,douyin,搜索广告,¥578.71,26229,1791,120,17359.68
2024-04-25,weibo,品牌种草,411.38,69522,3539,234,27193.19
2024-04-25,weibo,节日大促,2894.92,48615,2609,237,39557.68
2024-04-25,weibo,拉新投放,437.05,58292,3821,199,37700.58
2024-04-25,weibo,复购唤醒,1554.48,46172,465,37,3873.09
2024-04-25,weibo,直播专场,"¥1,553.17",49846,1621,136,13138.51
2024-04-25,weibo,搜索广告,2681.47,78536,1476,82,22104.32
2024-04-26,wechat,品牌种草,1541.71,66911,5047,360,87306.06
2024-04-26,wechat,节日大促,1213.73,58299,1940,216,68731.7
2024-04-26,wechat,拉新投放,542.96,59449,3619,105,32731.56
2024-04-26,wechat,复购唤醒,1849.34,61798,1922,204,25174.41
2024-04-26,WEIBO,直播专场,1473.56,64316,2871,343,87968.52
2024-04-26,wechat,搜索广告,430.04,5682,276,29,8932.98
2024-04-26,web,品牌种草,827.65,8069,228,16,2188.1
2024-04-26,web,节日大促,"¥2,300.61",12552,387,19,3010.68
2024-04-26,web,拉新投放,1461.49,36233,2760,221,16175.98
2024-04-26,web,复购唤醒,"¥1,823.30",8476,256,22,5563.89
2024-04-26,web,直播专场,1998.17,77895,4619,123,13901.78
2024-04-26,web,搜索广告,2012.19,68108,3976,428,94159.49
2024-04-26,douyin,品牌种草,2241.23,40524,1615,130,37627.53
2024-04-26,douyin,节日大促,"¥2,061.88",36268,462,42,11580.48
2024-04-26,douyin,拉新投放,2256.35,11676,841,78,17534.69
2024-04-26,douyin,复购唤醒,1592.77,62251,4550,386,98440.04
2024-04-26,douyin,直播专场,"¥2,226.99",75780,3191,169,23504.63
2024-04-26,douyin,搜索广告,1989.90,31265,2049,145,40740.04
2024-04-26,WEB,品牌种草,2692.07,41720,2850,295,36395.51
2024-04-26,weibo,节日大促,2629.56,61506,4734,391,117124.64
2024-04-26,weibo,拉新投放,2274.27,24533,1294,150,29508.57
2024-04-26,weibo,复购唤醒,2480.07,57659,992,28,2869.1
2024-04-26,weibo,直播专场,1932.07,55599,2822,141,12065.36
2024-04-26,weibo,搜索广告,2995.60,50920,1569,155,37855.69
2024-04-27,wechat,品牌种草,2630.36,62611,1507,89,16203.72
2024-04-27,wechat,节日大促,814.13,27696,545,43,12587.53
2024-04-27,wechat,拉新投放,710.69,60543,3695,287,40886.53
2024-04-27,wechat,复购唤醒,2560.04,55151,909,24,1685.34
2024-04-27,wechat,直播专场,819.09,7861,124,7,518.47
2024-04-27,WeChat,搜索广告,1153.98,24913,993,21,4767.07
2024-04-27,web,品牌种草,1349.77,65991,4740,419,109652.2
2024-04-27,web,节日大促,742.55,68642,4718,385,83906.78
2024-04-27,web,拉新投放,623.04,63726,3922,170,31614.54
2024-04-27,web,复购唤醒,"¥2,066.45",37730,603,48,14618.44
2024-04-27,web,直播专场,2526.62,59275,3602,194,22714.05
2024-04-27,web,搜索广告,706.25,41084,2381,52,12924.1
2024-04-27,douyin,品牌种草,1517.21,32480,620,29,4669.38
2024-04-27,douyin,节日大促,1077.00,59397,3550,371,59321.11
2024-04-27,douyin,拉新投放,1750.78,13527,681,29,5309.2
2024-04-27,douyin,复购唤醒,"¥1,410.83",7027,145,13,2249.04
2024-04-27,douyin,直播专场,733.08,70682,3407,167,43760.16
2024-04-27,douyin,搜索广告,1732.94,78190,3721,267,68429.86
2024-04-27,weibo,品牌种草,1855.12,36664,2150,200,40026.02
2024-04-27,weibo,节日大促,1419.45,23848,419,24,2954.84
2024-04-27,weibo,拉新投放,1420.40,35898,2240,234,41677.14
2024-04-27,weibo,复购唤醒,"¥2,845.88",50836,3133,331,95219.8
2024-04-27,weibo,直播专场,2575.01,32587,1535,166,25010.92
2024-04-27,weibo,搜索广告,1447.15,6669,245,8,493.17
2024-04-28,wechat,品牌种草,1026.10,58569,716,48,6289.4
2024-04-28,wechat,节日大促,2018.40,42718,1147,27,8309.23
2024-04-28,wechat,拉新投放,1144.01,47709,1456,166,25705.36
2024-04-28,WEIBO,复购唤醒,2838.88,5320,329,16,1492.42
2024-04-28,wechat,直播专场,2679.46,58395,643,21,3249.4
2024-04-28,wechat,搜索广告,395.90,49230,1928,181,51618.24
2024-04-28,web,品牌种草,1888.52,28416,1246,97,15572.95
2024-04-28,web,节日大促,2146.23,55483,1694,140,35507.37
2024-04-28,web,拉新投放,2401.37,65298,4151,409,67055.52
2024-04-28,web,复购唤醒,2504.65,79296,4181,299,75273.15
2024-04-28,web,直播专场,1755.32,30612,308,22,5790.65
2024-04-28,web,搜索广告,2898.74,67950,1827,39,3928.13
2024-04-28,douyin,品牌种草,2014.29,73106,1694,58,15237.76
2024-04-28,douyin,节日大促,1631.37,14293,420,24,5025.6
2024-04-28,douyin,拉新投放,"¥1,756.91",36704,1870,147,42089.04
2024-04-28,douyin,复购唤醒,2350.58,61006,3565,222,39845.07
2024-04-28,WeChat,直播专场,"¥1,845.79",6179,393,39,11240.58
2024-04-28,WeChat,搜索广告,439.03,42437,2498,298,86782.8
2024-04-28,weibo,品牌种草,1740.23,52986,4186,166,29677.62
2024-04-28,weibo,节日大促,2973.53,53240,4180,448,126895.81
2024-04-28,weibo,拉新投放,524.14,53263,2425,118,22654.21
2024-04-28,weibo,复购唤醒,915.35,52070,3802,425,56003.59
2024-04-28,weibo,直播专场,¥376.56,28278,1924,97,27596.86
2024-04-28,weibo,搜索广告,680.81,28873,1758,123,28374.73
2024-04-29,wechat,品牌种草,2141.65,72848,2270,124,7785.8
2024-04-29,WEIBO,节日大促,1002.09,6602,72,8,1858.29
2024-04-29,wechat,拉新投放,2330.38,36165,1466,107,26270.88
2024-04-29,wechat,复购唤醒,"¥1,630.61",27156,1285,128,11049.19
2024-04-29,WEB,直播专场,1675.65,55742,2615,56,14594.17
2024-04-29,wechat,搜索广告,575.56,9416,283,30,6597.43
2024-04-29,web,品牌种草,¥977.54,55978,2864,334,78929.69
2024-04-29,web,节日大促,2086.14,25138,1823,86,8392.63
2024-04-29,web,拉新投放,2664.04,15881,1004,114,14292.66
2024-04-29,web,复购唤醒,2755.45,68579,1524,74,12169.62
2024-04-29,web,直播专场,1342.12,79351,2183,53,14518.2
2024-04-29,web,搜索广告,627.80,45842,1984,202,18642.79
2024-04-29,douyin,品牌种草,2059.39,57048,1056,103,29187.88
2024-04-29,douyin,节日大促,450.26,68947,4883,244,32137.67
2024-04-29,douyin,拉新投放,1726.82,22334,246,28,2145.23
2024-04-29,douyin,复购唤醒,1215.59,45532,2953,325,47153.52
2024-04-29,douyin,直播专场,2741.76,73582,2144,120,14967.63
2024-04-29,douyin,搜索广告,904.58,9340,337,10,1235.93
2024-04-29,weibo,品牌种草,1187.83,20170,1246,67,5067.6
2024-04-29,WeChat,节日大促,2523.66,16031,278,18,4493.04
2024-04-29,weibo,拉新投放,547.58,72023,4783,99,23146.3
2024-04-29,weibo,复购唤醒,2789.32,69756,2151,228,56832.32
2024-04-29,WeChat,直播专场,1551.21,73071,2873,196,58064.46
2024-04-29,weibo,搜索广告,¥333.62,12482,346,27,6508.8
2024-04-30,wechat,品牌种草,1157.74,61859,796,78,10271.07
2024-04-30,wechat,节日大促,"¥2,191.39",49255,2286,259,45601.57
2024-04-30,wechat,拉新投放,2393.21,16843,866,59,11532.55
2024-04-30,wechat,复购唤醒,2252.68,67034,1371,86,11102.31
2024-04-30,wechat,直播专场,2543.00,15686,963,32,4970.97
2024-04-30,wechat,搜索广告,2778.61,21529,462,35,2337.61
2024-04-30,web,品牌种草,"¥1,412.67",45734,2008,80,8651.54
2024-04-30,web,节日大促,385.98,12963,669,44,9763.4
2024-04-30,web,拉新投放,1483.08,71073,3604,427,107686.97
2024-04-30,web,复购唤醒,714.37,31463,2040,152,31188.41
2024-04-30,web,直播专场,"¥1,894.17",77035,4665,497,110823.49
2024-04-30,web,搜索广告,1834.63,24188,1861,97,10427.56
2024-04-30,WEIBO,品牌种草,1566.54,53033,1876,113,22370.76
2024-04-30,WEB,节日大促,882.21,33908,2355,75,6860.03
2024-04-30,douyin,拉新投放,2857.41,17606,713,62,9269.19
2024-04-30,WEB,复购唤醒,2599.12,14915,1186,33,4770.57
2024-04-30,douyin,直播专场,2170.50,60322,2259,210,53434.41
2024-04-30,WEIBO,搜索广告,2974.03,6415,476,21,1675.75
2024-04-30,weibo,品牌种草,2434.28,19241,967,42,9889.67
2024-04-30,weibo,节日大促,1390.20,27761,1287,52,10203.52
2024-04-30,weibo,拉新投放,"¥2,671.53",62590,3651,160,28959.39
2024-04-30,weibo,复购唤醒,692.44,11117,803,63,5994.02
2024-04-30,weibo,直播专场,1033.98,23838,580,32,7821.89
2024-04-30,weibo,搜索广告,764.66,78750,5414,371,63888.52
2024-05-01,wechat,品牌种草,453.11,20404,771,56,4317.34
2024-05-01,wechat,节日大促,¥457.39,74147,4327,473,127643.09
2024-05-01,wechat,拉新投放,2764.33,9089,227,21,6293.92
2024-05-01,wechat,复购唤醒,2118.05,43261,2390,283,68983.52
2024-05-01,wechat,直播专场,983.83,51834,2651,291,17989.05
2024-05-01,wechat,搜索广告,1254.98,70080,2698,89,17607.02
2024-05-01,web,品牌种草,1232.94,64362,5068,259,33918.4
2024-05-01,web,节日大促,2185.51,69964,4104,424,133320.87
2024-05-01,web,拉新投放,2743.09,78477,3457,90,13200.73
2024-05-01,web,复购唤醒,1817.60,7715,286,16,2224.59
2024-05-01,web,直播专场,1380.31,43921,829,52,8382.24
2024-05-01,web,搜索广告,2746.92,48316,1348,67,19772.08
2024-05-01,douyin,品牌种草,1433.07,37918,2109,248,69153.89
2024-05-01,douyin,节日大促,895.22,41651,1377,68,15340.83
2024-05-01,douyin,拉新投放,2200.35,6914,494,16,2719.03
2024-05-01,douyin,复购唤醒,¥510.09,30418,1105,37,4450.7
2024-05-01,douyin,直播专场,1255.88,31382,1629,60,6657.76
2024-05-01,douyin,搜索广告,675.18,22179,475,51,13186.7
2024-05-01,weibo,品牌种草,2470.94,32105,2009,201,32215.17
2024-05-01,weibo,节日大促,"¥2,573.32",12767,915,97,13568.51
2024-05-01,weibo,拉新投放,551.12,64543,4746,306,77218.7
2024-05-01,weibo,复购唤醒,2849.45,5712,373,20,4773.46
2024-05-01,weibo,直播专场,2729.15,24406,1188,105,12497.15
2024-05-01,WEIBO,搜索广告,1341.37,9019,472,50,4380.33
2024-05-02,wechat,品牌种草,1180.48,34773,2313,193,37799.99
2024-05-02,wechat,节日大促,¥557.74,11643,283,16,4981.35
2024-05-02,wechat,拉新投放,"¥2,268.89",76283,3766,231,29356.63
2024-05-02,wechat,复购唤醒,2267.14,56411,3312,96,27538.19
2024-05-02,wechat,直播专场,1312.30,53439,3026,291,26035.42
2024-05-02,wechat,搜索广告,515.02,64118,3253,125,33460.79
2024-05-02,WEIBO,品牌种草,2234.04,11466,710,18,3241.26
2024-05-02,web,节日大促,1093.71,44659,1237,145,35736.8
2024-05-02,web,拉新投放,2430.06,12725,208,16,2661.29
2024-05-02,web,复购唤醒,2484.03,12820,972,68,20719.92
2024-05-02,web,直播专场,"¥2,071.86",5395,375,22,2817.43
2024-05-02,web,搜索广告,1079.03,70013,4835,117,35740.19
2024-05-02,douyin,品牌种草,2419.17,33397,1725,97,14080.1
2024-05-02,WeChat,节日大促,2931.86,21406,1123,51,10325.48
2024-05-02,douyin,拉新投放,1444.99,75249,2793,112,12507.24
2024-05-02,douyin,复购唤醒,748.91,58320,814,40,6423.8
2024-05-02,douyin,直播专场,2472.35,43665,722,27,2855.09
2024-05-02,douyin,搜索广告,1469.41,60773,4402,114,19340.01
2024-05-02,weibo,品牌种草,1457.89,75334,2474,213,39946.19
2024-05-02,weibo,节日大促,2679.42,57437,1826,41,3187.93
2024-05-02,weibo,拉新投放,935.18,7330,286,19,2534.44
2024-05-02,WeChat,复购唤醒,1098.26,79233,1497,118,11780.46
2024-05-02,weibo,直播专场,"¥1,097.81",45635,3295,95,25048.63
2024-05-02,weibo,搜索广告,381.29,61554,2020,130,14071.98
2024-05-03,WEB,品牌种草,1157.33,9448,442,34,5440.81
2024-05-03,wechat,节日大促,1220.50,70566,3431,122,32254.39
2024-05-03,wechat,拉新投放,1563.96,75969,3679,216,29628.08
2024-05-03,wechat,复购唤醒,811.06,24370,773,64,11459.0
2024-05-03,wechat,直播专场,1383.00,28212,456,52,10164.58
2024-05-03,wechat,搜索广告,2327.87,19407,783,81,16962.08
2024-05-03,web,品牌种草,1085.64,27107,1381,32,2093.07
2024-05-03,Douyin,节日大促,2862.61,11327,428,33,9540.91
2024-05-03,web,拉新投放,"¥1,334.42",22635,492,26,7225.62
2024-05-03,WeChat,复购唤醒,1632.77,21532,1045,26,6037.62
2024-05-03,web,直播专场,1658.47,6039,173,9,1161.17
2024-05-03,web,搜索广告,¥359.67,56321,2954,233,73680.31
2024-05-03,douyin,品牌种草,1962.43,53269,2373,158,46589.54
2024-05-03,douyin,节日大促,761.96,22462,1249,120,14352.91
2024-05-03,douyin,拉新投放,2852.50,69189,1316,30,5365.83
2024-05-03,douyin,复购唤醒,2258.40,24593,1620,143,8946.04
2024-05-03,douyin,直播专场,1395.07,52168,889,29,8138.78
2024-05-03,douyin,搜索广告,872.51,23519,622,69,11937.75
2024-05-03,weibo,品牌种草,523.01,71653,5264,476,35507.56
2024-05-03,weibo,节日大促,1587.50,67607,1777,160,26517.75
2024-05-03,weibo,拉新投放,684.35,60194,1982,213,35088.3
2024-05-03,weibo,复购唤醒,784.15,62972,4600,458,130658.26
2024-05-03,weibo,直播专场,1265.17,77398,1730,39,12090.29
2024-05-03,weibo,搜索广告,2689.55,70660,3867,326,74483.92
2024-05-04,wechat,品牌种草,1908.32,37201,2811,323,56656.65
2024-05-04,WEIBO,节日大促,924.52,10016,359,24,7423.8
2024-05-04,wechat,拉新投放,925.74,12576,837,20,6236.25
2024-05-04,WeChat,复购唤醒,1027.01,47425,1423,97,23410.85
2024-05-04,wechat,直播专场,1003.44,22634,1072,100,25373.36
2024-05-04,Douyin,搜索广告,539.29,17730,1355,75,11630.06
2024-05-04,web,品牌种草,823.39,75811,2411,135,40342.22
2024-05-04,web,节日大促,1782.92,8770,381,21,5146.8
2024-05-04,web,拉新投放,2973.23,8250,172,19,3430.36
2024-05-04,web,复购唤醒,929.41,78839,6282,444,124168.6
2024-05-04,web,直播专场,461.75,75802,5345,448,105124.04
2024-05-04,web,搜索广告,1212.49,60504,2952,210,42617.11
2024-05-04,douyin,品牌种草,1924.16,25534,1465,136,42200.81
2024-05-04,douyin,节日大促,2029.65,53771,1842,217,56456.26
2024-05-04,douyin,拉新投放,1379.98,11666,279,28,2368.86
2024-05-04,douyin,复购唤醒,785.35,51517,1797,112,30486.0
2024-05-04,douyin,直播专场,784.38,51154,2353,258,33522.92
2024-05-04,douyin,搜索广告,1308.58,6360,75,4,844.0
2024-05-04,weibo,品牌种草,1967.72,9331,170,10,1630.87
2024-05-04,weibo,节日大促,666.31,28636,1714,198,19092.51
2024-05-04,weibo,拉新投放,1936.15,70393,5141,431,125262.35
2024-05-04,weibo,复购唤醒,"¥2,672.53",68741,5396,461,70370.26
2024-05-04,weibo,直播专场,1993.46,78576,5402,238,56733.8
2024-05-04,WEIBO,搜索广告,1375.52,26359,1522,60,19118.58
2024-05-05,wechat,品牌种草,965.72,73223,4156,357,22027.99
2024-05-05,wechat,节日大促,1508.29,45580,2271,220,68195.99
2024-05-05,wechat,拉新投放,2795.86,25392,1642,36,3018.49
2024-05-05,wechat,复购唤醒,2970.73,7237,399,8,1157.44
2024-05-05,wechat,直播专场,1260.35,42964,1617,136,21393.93
2024-05-05,wechat,搜索广告,2586.07,24295,257,21,4507.4
2024-05-05,web,品牌种草,2919.84,69048,2889,129,16394.64
2024-05-05,web,节日大促,900.22,42151,1264,44,3616.01
2024-05-05,web,拉新投放,689.33,14762,938,40,6816.81
2024-05-05,web,复购唤醒,2515.67,47490,2263,210,35111.8
2024-05-05,web,直播专场,701.95,79918,6078,522,89644.64
2024-05-05,web,搜索广告,1521.61,48912,3273,116,17573.39
2024-05-05,douyin,品牌种草,1542.93,59590,2905,300,74683.26
2024-05-05,WEB,节日大促,1936.62,64811,1354,63,18997.05
2024-05-05,douyin,拉新投放,1702.39,47792,2592,252,18175.44
2024-05-05,douyin,复购唤醒,1911.83,42323,3052,157,14473.97
2024-05-05,douyin,直播专场,509.92,62340,2287,100,7815.76
2024-05-05,douyin,搜索广告,600.75,68195,4122,435,126645.9
2024-05-05,weibo,品牌种草,1729.75,61983,2206,164,39750.07
2024-05-05,weibo,节日大促,2964.88,43166,2597,214,39423.61
2024-05-05,weibo,拉新投放,2542.47,76820,5999,277,57971.53
2024-05-05,weibo,复购唤醒,1879.56,36088,1620,106,26079.09
2024-05-05,weibo,直播专场,2437.51,37952,1284,151,23638.67
2024-05-05,weibo,搜索广告,2401.89,40439,2180,230,39244.88
2024-05-06,wechat,品牌种草,2650.21,40390,491,28,5790.27
2024-05-06,wechat,节日大促,2797.58,5644,106,6,1227.77
2024-05-06,wechat,拉新投放,1772.39,73661,4039,104,6548.03
2024-05-06,wechat,复购唤醒,348.36,24016,797,90,12640.05
2024-05-06,wechat,直播专场,1793.97,18333,1039,53,12466.56
2024-05-06,wechat,搜索广告,1630.01,27421,1041,36,5407.63
2024-05-06,web,品牌种草,2056.49,59018,3026,319,82118.2
2024-05-06,web,节日大促,2217.91,52893,1742,75,8066.56
2024-05-06,web,拉新投放,2199.54,41583,893,36,6396.92
2024-05-06,web,复购唤醒,2759.61,73694,2109,203,46727.39
2024-05-06,web,直播专场,2888.98,23363,989,114,23227.54
2024-05-06,web,搜索广告,544.41,76782,1858,136,34555.63
2024-05-06,douyin,品牌种草,2279.52,29105,1844,167,42744.85
2024-05-06,douyin,节日大促,1308.91,31484,897,22,4775.63
2024-05-06,douyin,拉新投放,2924.31,20741,964,80,7965.23
2024-05-06,douyin,复购唤醒,2851.30,14721,1057,23,5410.0
2024-05-06,douyin,直播专场,979.11,58273,3805,290,82741.7
2024-05-06,douyin,搜索广告,2740.64,19794,1516,37,4385.22
2024-05-06,weibo,品牌种草,1113.74,47194,3704,309,96829.47
2024-05-06,weibo,节日大促,1026.02,20396,1269,113,31990.58
2024-05-06,weibo,拉新投放,¥652.37,43144,3323,101,25050.02
2024-05-06,weibo,复购唤醒,1128.32,63507,2714,58,18209.24
2024-05-06,weibo,直播专场,1381.31,34235,530,42,7852.23
2024-05-06,weibo,搜索广告,325.30,5777,425,13,2562.49
2024-05-07,wechat,品牌种草,1826.86,30690,508,21,6005.6
2024-05-07,wechat,节日大促,2602.66,39581,2108,172,41310.59
2024-05-07,wechat,拉新投放,"¥1,655.45",40959,2517,180,16861.97
2024-05-07,wechat,复购唤醒,2807.79,66268,911,99,20718.88
2024-05-07,wechat,直播专场,885.56,62388,1522,149,25672.65
2024-05-07,wechat,搜索广告,2682.32,52465,628,48,3587.44
2024-05-07,web,品牌种草,631.36,59281,2369,221,16143.55
2024-05-07,web,节日大促,1092.07,44686,2908,158,14320.91
2024-05-07,Douyin,拉新投放,638.75,55526,1691,154,26304.43
2024-05-07,web,复购唤醒,1765.23,17543,1265,127,36454.72
2024-05-07,web,直播专场,"¥1,713.78",12665,677,61,5726.94
2024-05-07,web,搜索广告,1182.13,58123,4484,324,44105.26
2024-05-07,WeChat,品牌种草,2391.06,49060,3042,221,52090.56
2024-05-07,douyin,节日大促,998.63,40814,2836,110,10090.43
2024-05-07,douyin,拉新投放,1827.64,62503,2708,153,10273.87
2024-05-07,douyin,复购唤醒,2939.95,53597,2125,168,41148.54
2024-05-07,douyin,直播专场,811.79,60289,1196,114,12349.46
2024-05-07,WEIBO,搜索广告,2149.65,40982,1586,150,36526.17
2024-05-07,weibo,品牌种草,523.75,28359,1616,82,18224.43
2024-05-07,weibo,节日大促,1996.44,49242,1648,89,20974.79
2024-05-07,weibo,拉新投放,468.43,50790,3606,203,57364.27
2024-05-07,weibo,复购唤醒,2162.91,44741,3197,67,20353.24
2024-05-07,weibo,直播专场,"¥2,960.69",37598,1528,92,27468.99
2024-05-07,weibo,搜索广告,2337.53,37510,2817,269,46729.86
2024-05-08,wechat,品牌种草,1052.10,17372,968,108,11103.79
2024-05-08,Douyin,节日大促,940.01,9030,217,10,1099.91
2024-05-08,wechat,拉新投放,2975.01,39986,2390,211,46786.95
2024-05-08,wechat,复购唤醒,2523.35,68933,1777,142,11142.09
2024-05-08,wechat,直播专场,1936.83,15928,1102,128,18530.19
2024-05-08,wechat,搜索广告,¥691.73,35647,1183,39,8956.7
2024-05-08,web,品牌种草,1787.59,23426,1668,191,45104.0
2024-05-08,web,节日大促,1020.34,45484,3074,285,22014.09
2024-05-08,web,拉新投放,1624.86,35701,905,97,21917.35
2024-05-08,web,复购唤醒,2963.93,74489,3259,150,42731.05
2024-05-08,web,直播专场,1608.16,62999,3033,60,13244.38
2024-05-08,WEB,搜索广告,1672.73,20648,316,33,8107.69
2024-05-08,douyin,品牌种草,1404.99,49439,2318,228,22971.91
2024-05-08,douyin,节日大促,1882.95,20210,974,66,20236.9
2024-05-08,douyin,拉新投放,1856.45,71999,4864,486,93234.48
2024-05-08,douyin,复购唤醒,1381.49,66397,1343,156,26624.04
2024-05-08,douyin,直播专场,1438.01,78138,1276,66,4517.35
2024-05-08,douyin,搜索广告,1348.03,22358,827,57,8597.18
2024-05-08,weibo,品牌种草,538.11,35184,379,29,4852.48
2024-05-08,weibo,节日大促,2642.56,28539,1851,80,18489.85
2024-05-08,weibo,拉新投放,1114.62,50633,2495,186,24544.34
2024-05-08,weibo,复购唤醒,1833.91,12561,342,27,4782.49
2024-05-08,weibo,直播专场,1035.23,24189,1036,74,5029.52
2024-05-08,weibo,搜索广告,1769.77,14067,150,4,587.06
2024-05-09,wechat,品牌种草,941.73,56710,3832,108,19852.83
2024-05-09,WeChat,节日大促,2455.60,17935,648,50,3118.38
2024-05-09,wechat,拉新投放,1100.39,12652,530,41,4353.85
2024-05-09,wechat,复购唤醒,2180.55,23099,1499,153,21068.97
2024-05-09,Douyin,直播专场,2097.25,48893,1603,147,20404.51
2024-05-09,wechat,搜索广告,2200.09,76152,2185,80,16000.01
2024-05-09,web,品牌种草,2804.66,47680,3660,205,26516.57
2024-05-09,web,节日大促,2149.92,30891,1837,43,13011.3
2024-05-09,web,拉新投放,827.17,70832,1830,108,9923.68
2024-05-09,web,复购唤醒,2626.68,63745,3173,189,46914.06
2024-05-09,web,直播专场,2812.68,79763,1784,81,21898.76
2024-05-09,web,搜索广告,2351.93,11831,848,43,12968.09
2024-05-09,WEB,品牌种草,¥711.06,57210,3941,238,47028.17
2024-05-09,douyin,节日大促,847.95,40991,1255,62,17714.62
2024-05-09,WEIBO,拉新投放,2440.47,41525,2565,265,67186.34
2024-05-09,douyin,复购唤醒,1030.24,44813,1985,148,33512.88
2024-05-09,douyin,直播专场,2351.31,42134,2921,206,36480.55
2024-05-09,douyin,搜索广告,1300.62,36309,1295,83,17057.56
2024-05-09,weibo,品牌种草,"¥2,196.51",79901,1878,112,22219.89
2024-05-09,weibo,节日大促,1824.27,74245,916,85,16842.59
2024-05-09,weibo,拉新投放,2232.06,61912,1014,105,30788.46
2024-05-09,weibo,复购唤醒,791.97,76717,2930,240,24756.37
2024-05-09,WEIBO,直播专场,1974.67,9999,282,16,1277.13
2024-05-09,weibo,搜索广告,2346.04,22470,1229,52,7949.9
2024-05-10,wechat,品牌种草,1515.36,25462,631,58,6848.57
2024-05-10,wechat,节日大促,1292.50,35333,2192,59,18642.63
2024-05-10,wechat,拉新投放,2841.41,77006,6114,160,17521.6
2024-05-10,wechat,复购唤醒,1903.35,20311,926,52,14588.61
2024-05-10,wechat,直播专场,1453.00,55637,1651,78,9870.87
2024-05-10,WeChat,搜索广告,"¥1,067.73",43917,3265,260,35155.13
2024-05-10,web,品牌种草,452.10,11167,355,12,1734.86
2024-05-10,web,节日大促,¥596.63,38568,1261,36,10600.38
2024-05-10,web,拉新投放,1200.31,27965,1484,163,16674.9
2024-05-10,web,复购唤醒,1311.94,21981,1078,76,23757.61
2024-05-10,web,直播专场,648.06,20785,312,30,8068.63
2024-05-10,web,搜索广告,2376.21,28232,365,34,7891.03
2024-05-10,douyin,品牌种草,2963.78,67371,2616,154,35141.42
2024-05-10,douyin,节日大促,2039.20,56958,1342,92,15170.36
2024-05-10,douyin,拉新投放,1937.85,8219,523,37,10536.09
2024-05-10,douyin,复购唤醒,954.63,43358,2496,55,6426.38
2024-05-10,douyin,直播专场,"¥1,043.29",26149,703,24,6587.24
2024-05-10,douyin,搜索广告,1679.55,56657,3193,198,44950.16
2024-05-10,weibo,品牌种草,2697.06,37168,2601,201,61211.3
2024-05-10,weibo,节日大促,"¥1,799.38",15596,636,45,13745.74
2024-05-10,WeChat,拉新投放,666.72,68526,3697,320,102183.76
2024-05-10,weibo,复购唤醒,1033.23,23047,1526,178,54492.17
2024-05-10,weibo,直播专场,779.17,55493,4139,387,36145.85
2024-05-10,weibo,搜索广告,"¥2,521.80",22648,590,47,3567.0
2024-05-11,wechat,品牌种草,1147.06,36038,1704,171,31314.03
2024-05-11,wechat,节日大促,1173.44,41092,2789,183,19112.44
2024-05-11,wechat,拉新投放,932.37,55565,570,22,5989.14
2024-05-11,wechat,复购唤醒,1784.12,45774,1964,65,9416.76
2024-05-11,wechat,直播专场,1650.19,77921,5053,355,104847.12
2024-05-11,wechat,搜索广告,1849.99,18908,1027,78,8639.78
2024-05-11,web,品牌种草,2760.14,51218,3180,178,11623.74
2024-05-11,web,节日大促,2860.62,21728,1171,91,18701.84
2024-05-11,web,拉新投放,2960.76,26391,1551,32,10003.69
2024-05-11,web,复购唤醒,1824.91,76076,4416,353,76043.42
2024-05-11,web,直播专场,528.99,63668,1119,115,31360.4
2024-05-11,web,搜索广告,1599.52,22362,1604,96,13548.09
2024-05-11,douyin,品牌种草,1120.94,45821,1983,126,24220.53
2024-05-11,douyin,节日大促,2053.01,72951,4789,409,50569.78
2024-05-11,WEIBO,拉新投放,2005.78,16284,743,77,18283.9
2024-05-11,douyin,复购唤醒,1303.86,67911,1799,88,10169.08
2024-05-11,douyin,直播专场,676.32,74028,2882,117,9763.71
2024-05-11,douyin,搜索广告,1984.53,75057,3517,128,16646.28
2024-05-11,weibo,品牌种草,2523.56,63619,1257,71,8964.95
2024-05-11,weibo,节日大促,1304.52,21952,876,58,13175.71
2024-05-11,weibo,拉新投放,1876.05,21542,1420,81,24617.73
2024-05-11,WEIBO,复购唤醒,2132.68,17560,945,29,3501.14
2024-05-11,weibo,直播专场,1422.72,78061,3164,326,80255.38
2024-05-11,weibo,搜索广告,766.38,58370,3767,335,28248.54
2024-05-12,wechat,品牌种草,1030.89,55094,2697,162,26902.23
2024-05-12,wechat,节日大促,2158.43,7907,221,17,1114.65
2024-05-12,wechat,拉新投放,¥331.96,27611,1247,68,20525.04
2024-05-12,wechat,复购唤醒,329.76,58933,3033,323,65545.11
2024-05-12,wechat,直播专场,"¥2,828.14",44253,3245,324,87418.17
2024-05-12,WeChat,搜索广告,2624.07,31633,1963,117,29526.52
2024-05-12,web,品牌种草,1879.09,44652,1389,156,40980.49
2024-05-12,web,节日大促,1135.87,14656,724,67,8211.36
2024-05-12,Douyin,拉新投放,2770.84,29656,1097,131,37166.21
2024-05-12,web,复购唤醒,1522.19,17743,852,76,23024.16
2024-05-12,web,直播专场,1440.92,36322,2682,209,36627.46
2024-05-12,web,搜索广告,2672.30,56146,1896,122,13447.99
2024-05-12,douyin,品牌种草,493.01,72076,874,59,15097.88
2024-05-12,douyin,节日大促,1179.95,14470,563,53,15043.97
2024-05-12,douyin,拉新投放,723.79,45034,556,56,9309.49
2024-05-12,douyin,复购唤醒,1448.90,37344,834,42,5960.32
2024-05-12,douyin,直播专场,1965.99,36493,1738,148,41004.3
2024-05-12,douyin,搜索广告,2821.57,60354,2584,102,21509.67
2024-05-12,weibo,品牌种草,2657.93,66090,1404,113,20682.98
2024-05-12,weibo,节日大促,2732.46,75199,4225,326,88489.8
2024-05-12,weibo,拉新投放,2072.15,36676,2334,118,18508.17
2024-05-12,weibo,复购唤醒,2278.09,58188,3247,144,11930.51
2024-05-12,weibo,直播专场,¥644.46,49724,1964,85,12416.92
2024-05-12,weibo,搜索广告,1184.79,14068,567,29,7984.84
2024-05-13,wechat,品牌种草,2014.57,31489,1959,192,32718.39
2024-05-13,wechat,节日大促,¥763.29,72605,4374,514,106168.52
2024-05-13,wechat,拉新投放,"¥2,545.86",48933,2244,160,18825.67
2024-05-13,wechat,复购唤醒,2632.00,60199,1777,68,5211.09
2024-05-13,wechat,直播专场,2597.54,45226,654,25,2387.64
2024-05-13,wechat,搜索广告,2920.16,53473,3988,362,48128.51
2024-05-13,web,品牌种草,1223.84,33696,2187,233,56602.09
2024-05-13,web,节日大促,830.75,70309,3178,300,93709.11
2024-05-13,web,拉新投放,2750.14,36240,523,32,2439.14
2024-05-13,web,复购唤醒,442.41,18625,1038,87,23126.01
2024-05-13,web,直播专场,2567.25,47364,3684,225,60660.13
2024-05-13,web,搜索广告,2704.07,59825,2994,283,38134.11
2024-05-13,douyin,品牌种草,379.58,72388,3231,114,11659.69
2024-05-13,Douyin,节日大促,958.17,53484,2039,193,40084.28
2024-05-13,douyin,拉新投放,814.35,49923,3043,198,57453.94
2024-05-13,douyin,复购唤醒,2463.35,58056,691,23,6481.55
2024-05-13,douyin,直播专场,624.32,8629,435,50,13435.06
2024-05-13,douyin,搜索广告,2812.70,64410,4931,414,120587.29
2024-05-13,weibo,品牌种草,2891.61,57144,2448,175,41226.26
2024-05-13,weibo,节日大促,341.84,60607,4464,529,101683.65
2024-05-13,weibo,拉新投放,1546.09,44922,3347,383,63079.2
2024-05-13,weibo,复购唤醒,2528.27,71413,4135,85,24560.09
2024-05-13,weibo,直播专场,1801.72,26388,540,27,2571.44
2024-05-13,weibo,搜索广告,616.23,15052,896,97,13145.79
2024-05-14,wechat,品牌种草,2305.87,39180,2955,122,26208.82
2024-05-14,wechat,节日大促,2480.00,42472,1430,146,40870.88
2024-05-14,wechat,拉新投放,1923.17,6969,509,14,1618.0
2024-05-14,wechat,复购唤醒,"¥1,617.19",77102,5098,293,62685.82
2024-05-14,wechat,直播专场,648.10,7152,194,19,3099.58
2024-05-14,wechat,搜索广告,810.36,47819,514,13,1025.57
2024-05-14,web,品牌种草,1853.25,77770,2850,295,23649.04
2024-05-14,web,节日大促,"¥2,553.32",47734,3621,374,44656.85
2024-05-14,web,拉新投放,2290.77,73250,3019,124,21266.81
2024-05-14,web,复购唤醒,1654.33,45478,3079,167,18295.79
2024-05-14,web,直播专场,2882.77,35670,1620,83,20921.39
2024-05-14,web,搜索广告,1173.45,75862,4929,388,106447.84
2024-05-14,douyin,品牌种草,1847.67,29209,2069,188,35414.84
2024-05-14,douyin,节日大促,"¥2,224.99",76245,3604,107,28075.3
2024-05-14,douyin,拉新投放,1880.01,15197,291,31,6704.33
2024-05-14,douyin,复购唤醒,415.47,66594,3896,365,53738.64
2024-05-14,Douyin,直播专场,¥574.74,52797,3148,193,39990.26
2024-05-14,Douyin,搜索广告,2540.75,18981,855,43,11712.55
2024-05-14,weibo,品牌种草,495.51,31023,1749,164,47230.48
2024-05-14,weibo,节日大促,683.61,62693,4257,218,43025.51
2024-05-14,weibo,拉新投放,2503.40,42671,2873,339,62496.11
2024-05-14,weibo,复购唤醒,848.47,68565,4429,393,105970.03
2024-05-14,WEB,直播专场,2396.25,57100,2431,176,43005.28
2024-05-14,weibo,搜索广告,1619.60,35493,700,39,10324.98
2024-05-15,wechat,品牌种草,2663.42,45731,3600,179,46690.69
2024-05-15,wechat,节日大促,2188.15,70367,4309,268,24470.42
2024-05-15,wechat,拉新投放,2789.34,38307,2081,42,8142.14
2024-05-15,wechat,复购唤醒,1084.34,25889,750,31,4780.27
2024-05-15,wechat,直播专场,"¥1,752.72",16469,278,28,4152.66
2024-05-15,wechat,搜索广告,1619.87,44540,2585,118,12762.07
2024-05-15,web,品牌种草,2539.46,42234,3343,80,16267.41
2024-05-15,web,节日大促,1381.71,22731,1084,124,17680.48
2024-05-15,web,拉新投放,1370.54,46645,3171,300,83805.3
2024-05-15,web,复购唤醒,1848.81,30685,1865,157,44420.28
2024-05-15,WeChat,直播专场,568.72,59078,2777,62,8444.8
2024-05-15,web,搜索广告,472.51,10161,188,14,2365.08
2024-05-15,douyin,品牌种草,876.81,23450,1448,123,23282.34
2024-05-15,WEB,节日大促,2966.08,33063,2228,211,42488.12
2024-05-15,Douyin,拉新投放,1045.13,32265,720,56,5981.54
2024-05-15,douyin,复购唤醒,936.25,24912,1958,42,2978.0
2024-05-15,douyin,直播专场,2673.31,45635,3397,279,43734.16
2024-05-15,douyin,搜索广告,1716.41,35949,1308,74,9348.66
2024-05-15,weibo,品牌种草,2633.53,32245,507,36,3552.91
2024-05-15,weibo,节日大促,1128.29,13159,959,85,19003.69
2024-05-15,weibo,拉新投放,1588.83,32414,1397,83,12685.16
2024-05-15,weibo,复购唤醒,"¥2,419.32",56574,3385,281,64920.88
2024-05-15,weibo,直播专场,1096.33,24278,314,32,4586.43
2024-05-15,weibo,搜索广告,1021.82,61315,845,72,7098.59
2024-05-16,Douyin,品牌种草,1031.04,42913,3298,177,50637.75
2024-05-16,wechat,节日大促,1090.58,66955,5322,414,49011.52
2024-05-16,wechat,拉新投放,"¥1,841.51",76462,2558,241,50217.66
2024-05-16,wechat,复购唤醒,1476.89,18225,581,51,3529.02
2024-05-16,wechat,直播专场,2026.98,9352,190,16,3629.04
2024-05-16,wechat,搜索广告,1918.75,35401,627,49,15400.66
2024-05-16,web,品牌种草,"¥1,840.88",26898,1650,110,12575.71
2024-05-16,web,节日大促,871.42,57463,3464,414,105094.44
2024-05-16,web,拉新投放,1061.37,65696,1097,99,14447.43
2024-05-16,web,复购唤醒,2533.70,35514,393,10,2465.11
2024-05-16,web,直播专场,1631.52,67171,3207,193,32379.59
2024-05-16,web,搜索广告,1922.66,68810,4603,523,149928.85
2024-05-16,douyin,品牌种草,"¥1,729.10",72981,3474,343,67455.9
2024-05-16,douyin,节日大促,2191.36,27286,1544,120,13094.29
2024-05-16,douyin,拉新投放,985.95,50130,3147,246,67473.75
2024-05-16,douyin,复购唤醒,1223.93,41058,1250,86,9947.16
2024-05-16,douyin,直播专场,1615.00,71427,2480,53,13413.42
2024-05-16,douyin,搜索广告,1215.47,27442,2051,50,11257.72
2024-05-16,weibo,品牌种草,2377.25,32313,1320,41,11621.3
2024-05-16,weibo,节日大促,"¥2,784.30",49110,3797,368,35647.67
2024-05-16,weibo,拉新投放,1700.20,23002,326,8,2473.83
2024-05-16,weibo,复购唤醒,787.69,52150,2247,149,12530.12
2024-05-16,weibo,直播专场,2705.08,20448,1343,93,13751.89
2024-05-16,WEIBO,搜索广告,"¥2,632.91",70222,2413,114,19970.85
2024-05-17,wechat,品牌种草,¥519.68,37158,675,43,7591.05
2024-05-17,wechat,节日大促,687.12,28826,2027,92,5973.73
2024-05-17,wechat,拉新投放,1347.92,25178,1108,101,10849.78
2024-05-17,wechat,复购唤醒,2074.63,67696,4288,207,17651.13
2024-05-17,WeChat,直播专场,1659.37,73926,4922,319,54060.08
2024-05-17,wechat,搜索广告,2032.33,29772,2030,67,18717.21
2024-05-17,web,品牌种草,1049.41,26706,1861,201,54303.83
2024-05-17,web,节日大促,391.53,5135,378,32,4789.01
2024-05-17,web,拉新投放,924.55,59900,1037,69,17967.94
2024-05-17,web,复购唤醒,1717.77,32408,511,33,6205.46
2024-05-17,web,直播专场,726.89,31219,1913,69,8387.44
2024-05-17,web,搜索广告,1363.83,58212,4553,519,103412.35
2024-05-17,douyin,品牌种草,2774.61,47383,1446,112,7627.78
2024-05-17,douyin,节日大促,"¥2,985.69",79673,4970,129,23308.47
2024-05-17,douyin,拉新投放,2033.63,77313,3847,81,13332.82
2024-05-17,douyin,复购唤醒,515.91,35101,1042,99,26047.61
2024-05-17,douyin,直播专场,1931.63,39323,1751,41,11889.62
2024-05-17,douyin,搜索广告,2739.27,29756,1125,92,6985.09
2024-05-17,weibo,品牌种草,1661.27,66768,1666,110,28269.43
2024-05-17,weibo,节日大促,2169.42,39418,2549,140,21465.47
2024-05-17,weibo,拉新投放,847.15,38879,2501,221,21964.19
2024-05-17,weibo,复购唤醒,1511.27,46440,3035,138,9395.62
2024-05-17,weibo,直播专场,2611.92,32848,1280,100,28312.43
2024-05-17,weibo,搜索广告,1893.37,65563,3167,248,22819.37
2024-05-18,wechat,品牌种草,1877.20,18220,1429,132,12246.59
2024-05-18,wechat,节日大促,2333.05,55470,1022,93,8080.84
2024-05-18,wechat,拉新投放,2337.03,61477,2207,67,19979.67
2024-05-18,wechat,复购唤醒,1238.65,46830,1441,88,6208.79
2024-05-18,wechat,直播专场,496.95,74035,2869,149,30376.32
2024-05-18,wechat,搜索广告,1870.09,68028,3538,132,34808.06
2024-05-18,web,品牌种草,977.03,44985,1582,127,36669.13
2024-05-18,web,节日大促,2304.50,56712,1570,76,13333.7
2024-05-18,web,拉新投放,2627.96,67028,5216,595,189699.93
2024-05-18,web,复购唤醒,2957.90,31817,2350,49,10403.76
2024-05-18,web,直播专场,1068.54,8650,686,74,5047.19
2024-05-18,web,搜索广告,1410.07,78867,3438,156,43722.53
2024-05-18,douyin,品牌种草,983.69,43426,1592,134,24019.13
2024-05-18,douyin,节日大促,1522.94,56012,2386,150,45174.3
2024-05-18,douyin,拉新投放,1320.93,11864,294,26,2747.63
2024-05-18,douyin,复购唤醒,933.03,40422,2267,84,20728.2
2024-05-18,douyin,直播专场,2881.53,29220,2245,176,34915.76
2024-05-18,douyin,搜索广告,1894.07,13582,372,21,1746.0
2024-05-18,weibo,品牌种草,"¥1,462.51",5752,138,10,1885.16
2024-05-18,weibo,节日大促,871.30,36658,1312,112,8966.0
2024-05-18,weibo,拉新投放,610.35,62074,1465,69,17698.5
2024-05-18,weibo,复购唤醒,1123.79,69682,5339,415,72360.31
2024-05-18,weibo,直播专场,2705.01,70317,1398,122,23521.5
2024-05-18,weibo,搜索广告,1466.68,50092,1701,137,20554.27
2024-05-19,wechat,品牌种草,2466.00,57399,3420,351,104119.81
2024-05-19,wechat,节日大促,1764.20,52463,2405,195,18606.08
2024-05-19,WeChat,拉新投放,1550.48,59110,3042,192,48792.44
2024-05-19,wechat,复购唤醒,341.12,32155,1420,149,24812.71
2024-05-19,wechat,直播专场,2033.01,29414,1087,116,20637.97
2024-05-19,wechat,搜索广告,2495.94,59645,3321,238,70945.98
2024-05-19,web,品牌种草,1422.30,58142,2061,212,61514.11
2024-05-19,web,节日大促,2521.31,25543,327,24,6397.26
2024-05-19,web,拉新投放,571.83,39911,2817,229,67273.34
2024-05-19,web,复购唤醒,2104.38,34756,1765,211,49324.5
2024-05-19,web,直播专场,2446.25,76180,4438,480,141007.19
2024-05-19,web,搜索广告,410.33,38408,2872,111,9181.13
2024-05-19,douyin,品牌种草,2373.46,43618,1373,57,16352.51
2024-05-19,douyin,节日大促,2592.23,76070,1076,102,27861.04
2024-05-19,douyin,拉新投放,2844.23,6145,73,6,707.49
2024-05-19,douyin,复购唤醒,674.70,33194,398,41,12461.7
2024-05-19,douyin,直播专场,"¥2,170.26",7998,615,62,15648.13
2024-05-19,douyin,搜索广告,474.04,35692,606,34,3134.51
2024-05-19,weibo,品牌种草,1051.73,72606,3928,446,89509.47
2024-05-19,weibo,节日大促,"¥1,817.26",27883,498,37,3861.43
2024-05-19,weibo,拉新投放,639.00,31748,1089,61,13489.69
2024-05-19,weibo,复购唤醒,1108.31,25971,1367,90,5948.42
2024-05-19,WEIBO,直播专场,1141.59,77605,5495,151,23333.0
2024-05-19,weibo,搜索广告,2081.73,70527,3929,343,31089.55
2024-05-20,wechat,品牌种草,"¥1,740.30",25511,1417,115,30475.15
2024-05-20,wechat,节日大促,2526.27,14029,461,44,11380.61
2024-05-20,wechat,拉新投放,1594.26,7520,250,8,1725.33
2024-05-20,WEIBO,复购唤醒,1399.36,18169,838,50,11015.69
2024-05-20,wechat,直播专场,2355.68,20729,1247,53,3184.99
2024-05-20,WeChat,搜索广告,1271.40,11994,925,25,4825.7
2024-05-20,web,品牌种草,1504.72,76471,1205,127,30323.83
2024-05-20,web,节日大促,1585.95,56056,1041,91,23340.79
2024-05-20,web,拉新投放,"¥2,354.52",12086,925,44,8600.18
2024-05-20,web,复购唤醒,2145.62,40165,1940,52,5070.87
2024-05-20,web,直播专场,"¥1,809.60",30531,1654,61,3971.58
2024-05-20,web,搜索广告,"¥2,579.02",38769,443,9,1804.48
2024-05-20,douyin,品牌种草,2040.02,38605,2377,258,61608.28
2024-05-20,douyin,节日大促,2184.01,61217,1398,84,6548.64
2024-05-20,douyin,拉新投放,1856.03,5387,69,7,1505.01
2024-05-20,douyin,复购唤醒,803.42,59876,1518,72,19035.31
2024-05-20,douyin,直播专场,1024.15,31024,506,53,13056.93
2024-05-20,douyin,搜索广告,349.82,60450,2811,322,58912.79
2024-05-20,weibo,品牌种草,1709.15,75669,5802,526,123361.2
2024-05-20,weibo,节日大促,443.92,32976,1655,170,17681.82
2024-05-20,weibo,拉新投放,2385.55,38328,2326,195,28889.3
2024-05-20,weibo,复购唤醒,586.79,28785,753,74,7033.36
2024-05-20,weibo,直播专场,2233.69,45191,1497,127,12291.29
2024-05-20,weibo,搜索广告,885.29,19920,541,52,16134.05
2024-05-21,wechat,品牌种草,2090.52,45262,3059,116,18533.81
2024-05-21,wechat,节日大促,367.53,47231,1957,176,36161.44
2024-05-21,wechat,拉新投放,2774.46,79252,2944,294,85746.49
2024-05-21,wechat,复购唤醒,2010.93,41136,1176,128,17695.78
2024-05-21,wechat,直播专场,2654.10,72939,775,38,11218.54
2024-05-21,wechat,搜索广告,823.69,68529,4855,434,138635.63
2024-05-21,web,品牌种草,997.80,65560,1432,47,8181.6
2024-05-21,WeChat,节日大促,1181.39,23630,675,13,2350.54
2024-05-21,web,拉新投放,2470.15,39135,670,54,13925.99
2024-05-21,web,复购唤醒,1524.37,56102,3014,169,34278.02
2024-05-21,web,直播专场,2875.89,62854,822,22,3985.94
2024-05-21,web,搜索广告,2251.39,49952,2791,71,19929.84
2024-05-21,douyin,品牌种草,1445.69,27876,2002,211,27035.25
2024-05-21,douyin,节日大促,"¥1,833.85",17574,193,15,1931.89
2024-05-21,douyin,拉新投放,776.22,38113,1146,129,32395.03
2024-05-21,douyin,复购唤醒,2767.92,63568,3915,441,83882.57
2024-05-21,douyin,直播专场,1148.14,9833,368,18,5696.39
2024-05-21,douyin,搜索广告,302.78,11368,558,15,4091.23
2024-05-21,weibo,品牌种草,523.96,12944,879,70,19278.64
2024-05-21,WEB,节日大促,453.35,78764,3380,87,23548.94
2024-05-21,weibo,拉新投放,2946.92,37072,710,41,12387.81
2024-05-21,weibo,复购唤醒,2464.73,36315,2901,251,72841.29
2024-05-21,weibo,直播专场,2425.46,10293,510,40,5809.47
2024-05-21,weibo,搜索广告,1716.95,42049,748,21,2405.75
2024-05-22,wechat,品牌种草,536.19,46295,619,53,10552.52
2024-05-22,WEB,节日大促,804.01,57205,4140,300,49303.53
2024-05-22,wechat,拉新投放,1467.13,25466,394,36,10890.92
2024-05-22,wechat,复购唤醒,1917.41,65656,2083,82,13093.05
2024-05-22,wechat,直播专场,529.69,45626,2099,196,41511.68
2024-05-22,wechat,搜索广告,1155.17,8028,189,10,1421.3
2024-05-22,web,品牌种草,"¥1,665.36",64498,2349,208,60600.15
2024-05-22,web,节日大促,1098.16,30988,2209,101,16486.15
2024-05-22,web,拉新投放,2672.12,45922,3077,115,32784.15
2024-05-22,web,复购唤醒,2824.97,68787,2206,204,27940.7
2024-05-22,web,直播专场,759.88,27250,323,20,3909.41
2024-05-22,web,搜索广告,1322.51,48098,1144,71,15451.6
2024-05-22,douyin,品牌种草,2492.97,12046,688,69,21577.62
2024-05-22,douyin,节日大促,351.87,68363,2781,159,25023.99
2024-05-22,douyin,拉新投放,2775.13,24208,1453,67,19273.74
2024-05-22,douyin,复购唤醒,1214.43,26448,613,69,11347.17
2024-05-22,douyin,直播专场,1590.36,52641,1760,121,19116.6
2024-05-22,douyin,搜索广告,1238.99,9391,395,43,8862.12
2024-05-22,weibo,品牌种草,988.23,27885,1887,219,56903.33
2024-05-22,weibo,节日大促,2908.54,65934,3751,93,11292.61
2024-05-22,WEIBO,拉新投放,2903.08,37623,998,112,21822.03
2024-05-22,WEB,复购唤醒,2685.18,75917,3971,104,14785.06
2024-05-22,weibo,直播专场,1653.69,61363,4397,341,42067.82
2024-05-22,weibo,搜索广告,595.00,48504,2332,210,60582.54
2024-05-23,wechat,品牌种草,1209.97,31269,2427,69,14007.0
2024-05-23,wechat,节日大促,1764.80,32124,2196,158,16697.88
2024-05-23,wechat,拉新投放,2216.82,69846,749,22,6923.27
2024-05-23,wechat,复购唤醒,2166.24,57959,1341,68,17401.8
2024-05-23,wechat,直播专场,350.70,71474,4373,371,95676.28
2024-05-23,wechat,搜索广告,"¥1,693.23",22218,1323,96,29928.56
2024-05-23,web,品牌种草,2328.81,34719,2219,193,19204.62
2024-05-23,web,节日大促,2110.40,63620,2075,80,23432.34
2024-05-23,web,拉新投放,2884.80,32157,2453,202,14894.35
2024-05-23,web,复购唤醒,1921.62,39145,865,51,16110.67
2024-05-23,WEB,直播专场,2479.18,49467,1180,84,26705.15
2024-05-23,web,搜索广告,2775.41,27036,477,27,7036.39
2024-05-23,douyin,品牌种草,800.44,63722,2450,163,16743.82
2024-05-23,douyin,节日大促,"¥2,218.29",54131,2145,48,15007.42
2024-05-23,douyin,拉新投放,2745.80,17599,837,94,24321.38
2024-05-23,douyin,复购唤醒,"¥2,749.24",16305,906,49,14239.32
2024-05-23,douyin,直播专场,1052.60,76298,3145,233,20870.86
2024-05-23,douyin,搜索广告,"¥2,009.03",45538,1223,72,8743.84
2024-05-23,weibo,品牌种草,¥715.19,21057,1605,42,10575.96
2024-05-23,weibo,节日大促,1814.76,39204,410,18,1832.33
2024-05-23,weibo,拉新投放,1673.54,65960,1360,112,32535.7
2024-05-23,weibo,复购唤醒,1595.54,28234,1752,196,42713.15
2024-05-23,weibo,直播专场,2547.14,10386,297,33,5988.12
2024-05-23,weibo,搜索广告,756.98,45779,2528,204,31506.83
2024-05-24,wechat,品牌种草,"¥1,798.78",29601,339,39,3339.66
2024-05-24,wechat,节日大促,398.69,62798,1763,50,9805.17
2024-05-24,wechat,拉新投放,2910.95,55140,1839,148,34191.68
2024-05-24,WeChat,复购唤醒,342.25,26708,2083,138,11825.38
2024-05-24,wechat,直播专场,2934.39,61621,4644,249,46258.05
2024-05-24,wechat,搜索广告,¥699.43,78447,2494,84,12678.26
2024-05-24,web,品牌种草,1651.33,51200,826,50,3415.22
2024-05-24,web,节日大促,1247.51,58098,1010,82,8141.24
2024-05-24,web,拉新投放,1173.35,56948,3526,398,105899.9
2024-05-24,web,复购唤醒,2615.70,71633,1576,87,16398.97
2024-05-24,web,直播专场,1622.37,57172,4015,213,13787.13
2024-05-24,web,搜索广告,"¥1,899.54",44713,582,41,3338.0
2024-05-24,douyin,品牌种草,1767.78,47931,489,17,2632.91
2024-05-24,douyin,节日大促,986.13,13406,247,6,1013.97
2024-05-24,douyin,拉新投放,1362.81,33814,351,23,7149.28
2024-05-24,douyin,复购唤醒,2022.52,45755,2045,235,40322.84
2024-05-24,douyin,直播专场,2793.34,40182,1965,112,26511.75
2024-05-24,douyin,搜索广告,773.62,11410,534,47,8157.31
2024-05-24,weibo,品牌种草,1669.83,53029,2767,132,37606.17
2024-05-24,weibo,节日大促,1588.82,79249,2669,57,8617.51
2024-05-24,weibo,拉新投放,¥394.87,5023,66,3,316.74
2024-05-24,weibo,复购唤醒,1938.65,26839,2130,252,19077.86
2024-05-24,weibo,直播专场,302.85,65292,3885,307,55515.41
2024-05-24,weibo,搜索广告,897.74,62884,902,85,18401.46
2024-05-25,wechat,品牌种草,655.96,34200,2488,224,43320.96
2024-05-25,wechat,节日大促,1728.13,40358,1641,35,7216.88
2024-05-25,wechat,拉新投放,1115.10,64153,4412,474,81318.2
2024-05-25,wechat,复购唤醒,863.85,40032,2770,289,74058.15
2024-05-25,wechat,直播专场,897.82,49686,1433,111,22537.69
2024-05-25,wechat,搜索广告,312.59,65329,2091,59,12855.27
2024-05-25,web,品牌种草,1672.47,43064,1133,68,6107.83
2024-05-25,WeChat,节日大促,"¥1,335.35",14146,1074,23,3321.7
2024-05-25,web,拉新投放,1558.66,58582,4063,291,29054.25
2024-05-25,web,复购唤醒,1946.75,41911,2554,83,21192.11
2024-05-25,web,直播专场,2512.48,10845,466,16,3194.84
2024-05-25,web,搜索广告,2028.08,51894,1109,69,15347.68
2024-05-25,douyin,品牌种草,2284.38,40169,1563,58,4729.26
2024-05-25,douyin,节日大促,1342.53,63244,2463,230,31571.18
2024-05-25,douyin,拉新投放,2521.97,39417,1424,80,25256.36
2024-05-25,douyin,复购唤醒,"¥1,851.96",61774,4163,230,68253.15
2024-05-25,douyin,直播专场,1806.91,26768,582,23,4048.62
2024-05-25,douyin,搜索广告,2793.64,71247,4314,283,86418.74
2024-05-25,weibo,品牌种草,743.31,46621,1850,216,25765.72
2024-05-25,weibo,节日大促,764.32,56098,3576,128,22273.27
2024-05-25,weibo,拉新投放,1280.87,26991,2009,168,47284.16
2024-05-25,weibo,复购唤醒,2146.57,68781,1885,127,14937.94
2024-05-25,weibo,直播专场,¥914.58,45554,951,22,5177.46
2024-05-25,weibo,搜索广告,2566.42,30213,344,34,8044.61
2024-05-26,wechat,品牌种草,1239.96,42823,2421,179,49782.02
2024-05-26,wechat,节日大促,1897.20,45131,600,22,2768.03
2024-05-26,wechat,拉新投放,"¥1,522.61",25786,1856,99,28488.48
2024-05-26,wechat,复购唤醒,2143.62,16336,499,17,2593.43
2024-05-26,wechat,直播专场,1111.32,30904,1065,117,10016.49
2024-05-26,wechat,搜索广告,¥612.14,29547,1533,125,22231.81
2024-05-26,web,品牌种草,"¥1,917.70",49255,586,59,8377.6
2024-05-26,web,节日大促,833.83,12839,389,41,5640.76
2024-05-26,web,拉新投放,1963.52,8886,100,7,1996.73
2024-05-26,web,复购唤醒,1349.57,39556,3026,197,57358.64
2024-05-26,web,直播专场,410.38,51162,592,70,14652.24
2024-05-26,web,搜索广告,1806.09,75924,2269,182,23259.53
2024-05-26,WEB,品牌种草,771.49,51415,1375,74,12367.48
2024-05-26,douyin,节日大促,312.51,44176,2355,268,40094.89
2024-05-26,WEB,拉新投放,921.37,17924,460,45,14275.47
2024-05-26,douyin,复购唤醒,1791.79,46099,2233,241,52779.84
2024-05-26,douyin,直播专场,"¥2,007.03",19496,1495,119,33173.81
2024-05-26,douyin,搜索广告,367.36,18548,797,74,16750.96
2024-05-26,weibo,品牌种草,1179.40,11404,581,18,1587.23
2024-05-26,weibo,节日大促,1575.94,28704,1264,120,31825.78
2024-05-26,weibo,拉新投放,2816.13,15035,1015,48,10818.29
2024-05-26,weibo,复购唤醒,2927.56,78062,1591,110,27794.79
2024-05-26,weibo,直播专场,¥553.47,65820,3497,212,35755.66
2024-05-26,weibo,搜索广告,2873.72,18095,823,79,15422.67
2024-05-27,wechat,品牌种草,2232.81,6875,361,38,7240.37
2024-05-27,wechat,节日大促,"¥1,577.89",53233,2416,74,18340.75
2024-05-27,WEB,拉新投放,2291.86,13562,605,29,7104.79
2024-05-27,wechat,复购唤醒,2866.59,36973,1018,97,10907.26
2024-05-27,wechat,直播专场,2082.47,43048,1409,116,6993.87
2024-05-27,wechat,搜索广告,1243.15,18525,1142,78,6418.5
2024-05-27,web,品牌种草,1362.89,25374,351,22,2381.51
2024-05-27,web,节日大促,1126.43,69905,849,78,8162.1
2024-05-27,web,拉新投放,2446.16,39315,2929,328,34732.64
2024-05-27,web,复购唤醒,1590.67,48691,3328,91,26942.31
2024-05-27,web,直播专场,2468.42,75323,5064,133,36204.98
2024-05-27,WEIBO,搜索广告,798.48,61826,3720,398,126148.37
2024-05-27,douyin,品牌种草,1011.74,41242,1048,34,5147.32
2024-05-27,douyin,节日大促,1848.75,75383,4900,289,51462.03
2024-05-27,douyin,拉新投放,2974.21,66640,2467,204,55158.8
2024-05-27,douyin,复购唤醒,437.48,23233,1406,136,40870.62
2024-05-27,douyin,直播专场,909.07,70297,1164,69,18157.86
2024-05-27,douyin,搜索广告,2263.59,60962,2493,295,60318.73
2024-05-27,weibo,品牌种草,958.80,30189,368,38,7529.88
2024-05-27,weibo,节日大促,2455.06,60655,2378,155,48769.31
2024-05-27,weibo,拉新投放,2103.97,32243,1718,140,43854.33
2024-05-27,weibo,复购唤醒,793.91,62865,2829,97,7761.52
2024-05-27,weibo,直播专场,2961.86,41555,2942,256,58112.55
2024-05-27,weibo,搜索广告,2221.59,63028,3390,386,57335.64
2024-05-28,wechat,品牌种草,2789.31,74990,4014,468,80918.67
2024-05-28,wechat,节日大促,2723.55,35794,736,82,23044.68
2024-05-28,wechat,拉新投放,2660.12,75064,986,62,12026.77
2024-05-28,wechat,复购唤醒,2179.39,50062,1027,54,3313.19
2024-05-28,wechat,直播专场,1911.87,43670,3416,86,19877.56
2024-05-28,wechat,搜索广告,1004.83,37567,1633,122,34051.09
2024-05-28,WEB,品牌种草,2915.80,13914,750,80,8295.32
2024-05-28,WEB,节日大促,571.62,16190,646,39,5902.27
2024-05-28,web,拉新投放,1707.43,60747,3881,302,52916.69
2024-05-28,web,复购唤醒,1062.26,33694,1697,123,33458.46
2024-05-28,web,直播专场,2842.42,49382,2682,190,24166.58
2024-05-28,web,搜索广告,1889.45,30242,439,32,6045.44
2024-05-28,douyin,品牌种草,525.29,36885,1718,88,21423.28
2024-05-28,douyin,节日大促,582.26,42630,3347,217,42743.68
2024-05-28,douyin,拉新投放,1432.12,60013,3582,97,20613.09
2024-05-28,douyin,复购唤醒,2354.68,24977,645,67,21041.04
2024-05-28,douyin,直播专场,678.47,47256,2677,90,26750.46
2024-05-28,douyin,搜索广告,1023.14,42422,3146,267,72483.83
2024-05-28,weibo,品牌种草,2783.03,78121,6084,371,107951.67
2024-05-28,WEIBO,节日大促,2744.42,54922,968,37,10153.14
2024-05-28,weibo,拉新投放,¥857.97,31574,813,20,1730.26
2024-05-28,weibo,复购唤醒,2196.31,29948,1698,51,12218.07
2024-05-28,weibo,直播专场,¥707.01,48736,2824,298,61508.65
2024-05-28,Douyin,搜索广告,1271.31,42206,1255,109,12416.6
2024-05-29,wechat,品牌种草,1254.41,42663,1672,40,4060.94
2024-05-29,WeChat,节日大促,1032.30,6898,125,8,1366.88
2024-05-29,wechat,拉新投放,2808.34,55200,4109,169,24916.13
2024-05-29,wechat,复购唤醒,1893.89,44404,3224,259,18254.32
2024-05-29,wechat,直播专场,"¥2,424.74",18647,1270,35,7624.17
2024-05-29,wechat,搜索广告,2928.71,54577,4062,362,41524.7
2024-05-29,web,品牌种草,1087.23,12563,454,48,10550.13
2024-05-29,web,节日大促,1295.82,24427,1200,106,12834.27
2024-05-29,web,拉新投放,933.91,19836,995,107,19297.09
2024-05-29,web,复购唤醒,381.85,37495,927,106,19118.35
2024-05-29,WeChat,直播专场,620.14,69153,3306,214,41209.52
2024-05-29,web,搜索广告,1611.06,30488,1587,130,13518.77
2024-05-29,douyin,品牌种草,448.84,9064,170,19,3466.45
2024-05-29,douyin,节日大促,"¥2,073.08",76938,2742,107,29009.29
2024-05-29,douyin,拉新投放,1156.02,29578,1806,71,10065.62
2024-05-29,douyin,复购唤醒,2837.76,39195,1516,101,26126.1
2024-05-29,douyin,直播专场,1599.74,13561,587,49,9590.77
2024-05-29,douyin,搜索广告,1698.02,6367,478,50,14886.84
2024-05-29,weibo,品牌种草,680.17,61839,1453,72,5562.63
2024-05-29,weibo,节日大促,1150.10,78080,4825,245,43252.82
2024-05-29,weibo,拉新投放,372.52,43575,560,33,7396.01
2024-05-29,weibo,复购唤醒,1611.62,29183,694,46,11606.94
2024-05-29,weibo,直播专场,1855.08,59037,2485,103,26329.73
2024-05-29,weibo,搜索广告,2077.42,54925,3467,197,42899.04
2024-03-01,web,直播专场,852.34,9794,702,66,8338.0
2024-03-21,weibo,拉新投放,1079.56,9564,615,46,3681.53
2024-04-24,wechat,直播专场,761.84,33622,2052,180,17557.9
2024-05-23,web,拉新投放,2884.80,32157,2453,202,14894.35
