订单号,日期,区域,品类,商品,数量,单价,金额,渠道
SO100000,2024/09/29,,食品,商品数码-04,3,79,237.0,门店
SO100001,2024-01-26,华中,服饰,商品数码-03,2,79,158.0,线上商城
SO100002,2024-10-06,西南,家居,商品数码-04,1,49,49.0,线上商城
SO100003,2024-09-04,华中,食品,商品数码-04,1,49,49.0,经销商
SO100004,2024-08-07,西南,数码,商品服饰-01,1,79,79.0,线上商城
SO100005,2024-06-09,华中,服饰,商品食品-04,2,49,98.0,经销商
SO100006,2024-10-21,华南,数码,商品服饰-02,3,99,297.0,门店
SO100007,2024-02-12,西南,数码,商品数码-03,4,99,396.0,线上商城
SO100008,2024-03-22,西南,服饰,商品服饰-02,1,99,99.0,门店
SO100009,2024-05-17,华南,家居,商品食品-02,1,99,99.0,经销商
SO100010,2024-03-23,华中,服饰,商品食品-01,2,99,198.0,门店
SO100011,2024-02-23,华中,家居,商品家居-01,4,99,396.0,线上商城
SO100012,2024-05-30,华南,家居,商品家居-01,2,49,98.0,经销商
SO100013,2024-07-25,华南,数码,商品数码-03,1,49,49.0,经销商
SO100014,2024-11-16,华中,家居,商品家居-01,1,79,79.0,线上商城
SO100015,2024-05-04,华中,食品,商品家居-01,3,99,297.0,门店
SO100016,2024-08-16,华南,家居,商品数码-02,1,99,99.0,经销商
SO100017,2024-04-08,华南,食品,商品服饰-00,3,79,237.0,经销商
SO100018,2024-12-12,华北,数码,商品食品-02,1,79,79.0,门店
SO100019,2024-12-18,西南,服饰,商品食品-01,3,49,147.0,线上商城
SO100020,2024/07/18,华东,家居,商品服饰-01,3,99,297.0,门店
SO100021,2024-10-14,华中,数码,商品服饰-03,2,99,198.0,门店
SO100022,2024-09-23,华东,数码,商品数码-02,3,79,237.0,门店
SO100023,2024-03-05,华北,食品,商品家居-04,1,79,79.0,门店
SO100024,2024-12-14,华东,服饰,商品食品-04,1,99,99.0,门店
SO100025,2024-12-13,华东,家居,商品食品-00,3,79,237.0,门店
SO100026,2024-09-22,华中,服饰,商品服饰-04,2,99,198.0,门店
SO100027,2024-09-30,华东,食品,商品食品-02,4,49,196.0,线上商城
SO100028,2024-11-05,华东,服饰,商品食品-01,1,49,49.0,线上商城
SO100029,2024-11-02,华东,数码,商品服饰-02,3,49,147.0,门店
SO100030,2024-05-05,华东,食品,商品服饰-00,2,99,198.0,线上商城
SO100031,2024-10-06,华北,食品,商品家居-02,4,49,196.0,门店
SO100032,2024-04-30,华东,数码,商品服饰-03,3,99,297.0,门店
SO100033,2024-04-27,华中,服饰,商品服饰-04,2,79,158.0,经销商
SO100034,2024-08-18,华东,食品,商品服饰-04,3,49,147.0,经销商
SO100035,2024-12-05,华北,家居,商品食品-02,4,49,196.0,门店
SO100036,2024-10-30,华东,家居,商品家居-03,4,99,396.0,门店
SO100037,2024-08-27,西南,数码,商品数码-02,2,79,158.0,线上商城
SO100038,2024-06-08,华东,食品,商品家居-00,1,99,99.0,门店
SO100039,2024-02-11,华南,数码,商品数码-01,1,79,79.0,线上商城
SO100040,2024/05/10,西南,食品,商品家居-04,2,49,98.0,门店
SO100041,2024-10-03,华南,家居,商品数码-02,1,79,79.0,门店
SO100042,2024-10-21,华中,食品,商品食品-02,2,99,198.0,经销商
SO100043,2024-08-29,华中,家居,商品食品-04,1,79,79.0,经销商
SO100044,2024-01-06,华南,家居,商品服饰-02,3,99,297.0,经销商
SO100045,2024-12-17,华东,服饰,商品数码-02,4,79,316.0,门店
SO100046,2024-11-06,华北,家居,商品服饰-04,4,99,396.0,门店
SO100047,2024-02-14,华中,数码,商品数码-00,3,99,297.0,线上商城
SO100048,2024-04-08,西南,食品,商品家居-01,1,99,99.0,经销商
SO100049,2024-02-05,西南,数码,商品服饰-02,3,79,237.0,线上商城
SO100050,2024-02-24,华中,服饰,商品食品-02,2,49,98.0,门店
SO100051,2024-08-20,华南,数码,商品数码-00,3,49,147.0,门店
SO100052,2024-10-01,华东,家居,商品家居-04,3,79,237.0,线上商城
SO100053,2024-03-09,华东,数码,商品数码-04,1,99,99.0,门店
SO100054,2024-10-14,西南,服饰,商品服饰-02,4,79,316.0,经销商
SO100055,2024-08-02,华北,服饰,商品服饰-04,4,99,396.0,线上商城
SO100056,2024-07-03,华中,服饰,商品服饰-01,4,79,316.0,门店
SO100057,2024-12-20,华东,家居,商品服饰-00,3,49,147.0,门店
SO100058,2024-08-22,华北,食品,商品家居-04,1,79,79.0,门店
SO100059,2024-04-06,西南,食品,商品家居-01,1,99,99.0,经销商
SO100060,2024/07/20,华北,食品,商品数码-00,1,99,99.0,经销商
SO100061,2024-10-16,西南,服饰,商品数码-01,2,49,98.0,线上商城
SO100062,2024-01-16,华东,家居,商品家居-00,3,79,237.0,经销商
SO100063,2024-03-12,华中,服饰,商品食品-04,1,99,99.0,经销商
SO100064,2024-11-16,华中,食品,商品数码-02,1,49,49.0,门店
SO100065,2024-05-16,华东,数码,商品数码-00,1,49,49.0,线上商城
SO100066,2024-11-19,西南,数码,商品数码-02,3,49,147.0,线上商城
SO100067,2024-07-20,华中,食品,商品数码-02,1,79,79.0,门店
SO100068,2024-03-05,华南,家居,商品数码-01,3,79,237.0,经销商
SO100069,2024-12-06,华北,数码,商品家居-04,1,49,49.0,线上商城
SO100070,2024-01-13,华中,数码,商品家居-02,3,79,237.0,门店
SO100071,2024-12-08,西南,家居,商品家居-00,4,79,316.0,线上商城
SO100072,2024-09-08,华中,家居,商品服饰-02,2,49,98.0,门店
SO100073,2024-05-29,华南,服饰,商品服饰-03,2,79,158.0,门店
SO100074,2024-01-23,华东,数码,商品食品-03,2,49,98.0,门店
SO100075,2024-08-24,,食品,商品数码-02,3,79,237.0,门店
SO100076,2024-08-05,华东,服饰,商品食品-00,1,49,49.0,门店
SO100077,2024-07-14,华北,家居,商品食品-04,2,49,98.0,经销商
SO100078,2024-08-01,华北,数码,商品食品-02,1,99,99.0,门店
SO100079,2024-02-01,华北,家居,商品数码-01,3,99,297.0,经销商
SO100080,2024/09/13,华东,食品,商品数码-04,3,79,237.0,门店
SO100081,2024-09-13,华中,服饰,商品服饰-01,3,99,297.0,经销商
SO100082,2024-06-07,华中,数码,商品食品-03,2,79,158.0,经销商
SO100083,2024-10-16,西南,食品,商品食品-04,1,99,99.0,门店
SO100084,2024-03-27,华南,家居,商品食品-00,3,79,237.0,经销商
SO100085,2024-02-01,华南,食品,商品服饰-00,1,79,79.0,门店
SO100086,2024-11-18,华中,服饰,商品家居-00,2,79,158.0,线上商城
SO100087,2024-10-01,华东,家居,商品服饰-03,4,49,196.0,门店
SO100088,2024-06-01,华北,食品,商品数码-02,4,49,196.0,线上商城
SO100089,2024-06-30,华北,食品,商品服饰-02,2,99,198.0,门店
SO100090,2024-07-05,西南,食品,商品数码-01,3,99,297.0,线上商城
SO100091,2024-09-04,华北,家居,商品家居-00,1,79,79.0,线上商城
SO100092,2024-01-23,西南,数码,商品数码-00,2,49,98.0,门店
SO100093,2024-06-11,华东,家居,商品数码-01,4,99,396.0,经销商
SO100094,2024-05-29,西南,数码,商品数码-00,2,99,198.0,线上商城
SO100095,2024-08-15,华中,数码,商品服饰-00,1,79,79.0,经销商
SO100096,2024-03-19,华南,家居,商品服饰-01,3,79,237.0,经销商
SO100097,2024-12-23,华北,服饰,商品服饰-04,4,49,196.0,门店
SO100098,2024-04-23,华北,家居,商品食品-04,4,99,396.0,线上商城
SO100099,2024-09-04,华东,数码,商品服饰-02,3,99,297.0,经销商
SO100100,2024/07/06,华东,数码,商品服饰-02,4,99,396.0,经销商
SO100101,2024-06-02,华中,服饰,商品食品-02,3,99,297.0,经销商
SO100102,2024-10-28,华中,数码,商品家居-03,1,79,79.0,经销商
SO100103,2024-11-01,华中,食品,商品服饰-02,3,99,297.0,经销商
SO100104,2024-04-14,西南,家居,商品食品-00,2,79,158.0,经销商
SO100105,2024-06-25,华东,数码,商品数码-03,3,49,147.0,线上商城
SO100106,2024-01-26,华北,服饰,商品食品-02,4,79,316.0,经销商
SO100107,2024-09-18,华南,家居,商品家居-02,4,49,196.0,线上商城
SO100108,2024-10-23,西南,食品,商品家居-03,4,99,396.0,门店
SO100109,2024-08-18,西南,服饰,商品家居-04,4,49,196.0,经销商
SO100110,2024-05-23,华南,服饰,商品数码-03,4,49,196.0,经销商
SO100111,2024-04-06,华北,家居,商品数码-04,4,99,396.0,门店
SO100112,2024-02-09,华南,食品,商品数码-01,1,99,99.0,经销商
SO100113,2024-01-09,华北,食品,商品数码-02,3,49,147.0,线上商城
SO100114,2024-03-11,西南,家居,商品服饰-02,3,99,297.0,线上商城
SO100115,2024-02-12,西南,食品,商品家居-04,1,49,49.0,线上商城
SO100116,2024-04-05,华北,服饰,商品食品-04,1,79,79.0,线上商城
SO100117,2024-11-25,华中,食品,商品服饰-00,2,99,198.0,经销商
SO100118,2024-10-08,华东,数码,商品食品-04,2,49,98.0,门店
SO100119,2024-02-03,西南,食品,商品数码-04,3,99,297.0,门店
SO100120,2024/12/15,华北,服饰,商品食品-02,2,99,198.0,线上商城
SO100121,2024-10-18,华东,家居,商品数码-01,3,49,147.0,经销商
SO100122,2024-12-11,华南,食品,商品食品-03,3,49,147.0,经销商
SO100123,2024-07-15,华北,服饰,商品数码-04,4,99,396.0,门店
SO100124,2024-02-23,华北,家居,商品食品-04,3,79,237.0,经销商
SO100125,2024-11-16,西南,数码,商品食品-01,3,79,237.0,线上商城
SO100126,2024-04-10,华北,食品,商品食品-00,3,79,237.0,经销商
SO100127,2024-08-01,华东,食品,商品服饰-00,2,79,158.0,经销商
SO100128,2024-02-23,华北,数码,商品家居-01,4,79,316.0,线上商城
SO100129,2024-01-02,华南,服饰,商品服饰-04,1,79,79.0,门店
SO100130,2024-06-26,华中,数码,商品家居-00,2,99,198.0,经销商
SO100131,2024-12-09,华北,食品,商品服饰-04,4,49,196.0,门店
SO100132,2024-08-09,华东,服饰,商品数码-00,4,99,396.0,门店
SO100133,2024-06-20,华南,数码,商品食品-04,1,99,99.0,门店
SO100134,2024-06-21,华东,服饰,商品食品-01,3,79,237.0,门店
SO100135,2024-07-26,华北,数码,商品家居-00,4,99,396.0,经销商
SO100136,2024-03-15,华东,家居,商品食品-04,2,99,198.0,经销商
SO100137,2024-08-10,华东,家居,商品家居-03,1,79,79.0,线上商城
SO100138,2024-01-13,华南,数码,商品服饰-03,3,99,297.0,线上商城
SO100139,2024-01-08,华中,服饰,商品数码-04,4,49,196.0,线上商城
SO100140,2024/02/12,华北,食品,商品家居-00,1,79,79.0,经销商
SO100141,2024-11-12,西南,家居,商品数码-03,1,79,79.0,线上商城
SO100142,2024-07-12,华东,家居,商品家居-03,4,99,396.0,线上商城
SO100143,2024-01-30,西南,服饰,商品服饰-04,4,99,396.0,线上商城
SO100144,2024-12-25,西南,数码,商品家居-04,3,49,147.0,门店
SO100145,2024-02-14,华北,服饰,商品食品-03,3,79,237.0,门店
SO100146,2024-03-15,华东,食品,商品食品-02,1,99,99.0,经销商
SO100147,2024-07-08,西南,食品,商品数码-03,3,49,147.0,经销商
SO100148,2024-02-26,华中,服饰,商品服饰-01,4,79,316.0,线上商城
SO100149,2024-04-14,西南,家居,商品服饰-02,3,49,147.0,经销商
SO100150,2024-10-08,,服饰,商品服饰-01,3,79,237.0,经销商
SO100151,2024-05-04,华东,服饰,商品食品-03,2,99,198.0,经销商
SO100152,2024-09-05,华南,食品,商品数码-01,2,49,98.0,经销商
SO100153,2024-07-30,华北,服饰,商品家居-03,2,99,198.0,门店
SO100154,2024-05-14,华南,家居,商品数码-02,2,49,98.0,线上商城
SO100155,2024-01-06,华中,服饰,商品食品-02,3,49,147.0,门店
SO100156,2024-06-10,西南,数码,商品食品-01,4,49,196.0,门店
SO100157,2024-10-09,华中,食品,商品家居-03,4,99,396.0,经销商
SO100158,2024-05-26,华东,服饰,商品服饰-03,3,99,297.0,线上商城
SO100159,2024-01-08,西南,家居,商品家居-03,2,49,98.0,门店
SO100160,2024/06/28,西南,数码,商品服饰-00,1,49,49.0,经销商
SO100161,2024-04-22,西南,数码,商品数码-02,4,79,316.0,门店
SO100162,2024-09-26,华东,食品,商品家居-04,2,49,98.0,线上商城
SO100163,2024-02-06,华南,数码,商品数码-03,3,79,237.0,经销商
SO100164,2024-07-12,华东,服饰,商品食品-00,2,49,98.0,线上商城
SO100165,2024-03-17,华北,食品,商品食品-03,2,99,198.0,门店
SO100166,2024-08-31,华东,家居,商品家居-01,4,49,196.0,经销商
SO100167,2024-08-11,华北,服饰,商品家居-00,4,79,316.0,门店
SO100168,2024-02-08,华中,家居,商品食品-00,3,79,237.0,门店
SO100169,2024-10-24,华中,服饰,商品家居-00,4,49,196.0,门店
SO100170,2024-11-01,华东,食品,商品家居-04,3,79,237.0,门店
SO100171,2024-09-26,华北,家居,商品数码-04,3,49,147.0,线上商城
SO100172,2024-08-24,西南,数码,商品家居-03,3,79,237.0,经销商
SO100173,2024-02-01,华南,数码,商品服饰-04,1,49,49.0,经销商
SO100174,2024-06-25,华中,家居,商品食品-04,3,49,147.0,门店
SO100175,2024-08-12,西南,食品,商品食品-03,2,99,198.0,门店
SO100176,2024-12-16,华中,数码,商品食品-01,1,79,79.0,经销商
SO100177,2024-01-03,华南,数码,商品服饰-00,3,49,147.0,线上商城
SO100178,2024-01-01,华中,服饰,商品数码-02,1,99,99.0,经销商
SO100179,2024-01-03,西南,家居,商品食品-03,1,79,79.0,线上商城
SO100180,2024/09/21,华南,家居,商品食品-03,3,79,237.0,经销商
SO100181,2024-02-16,华南,服饰,商品食品-03,3,49,147.0,经销商
SO100182,2024-02-15,西南,数码,商品家居-02,1,49,49.0,门店
SO100183,2024-03-13,西南,食品,商品家居-02,2,79,158.0,门店
SO100184,2024-02-18,华中,家居,商品家居-01,4,49,196.0,门店
SO100185,2024-11-13,华东,数码,商品数码-03,1,99,99.0,经销商
SO100186,2024-10-19,华东,家居,商品数码-01,3,99,297.0,经销商
SO100187,2024-04-25,华北,服饰,商品食品-00,1,49,49.0,门店
SO100188,2024-08-05,华东,食品,商品数码-00,1,99,99.0,经销商
SO100189,2024-10-27,华北,数码,商品食品-00,3,79,237.0,经销商
SO100190,2024-10-27,华中,服饰,商品家居-00,2,79,158.0,经销商
SO100191,2024-02-14,西南,家居,商品服饰-00,3,99,297.0,线上商城
SO100192,2024-03-30,华南,家居,商品家居-01,4,79,316.0,门店
SO100193,2024-04-28,华中,家居,商品服饰-01,3,49,147.0,线上商城
SO100194,2024-02-29,华北,数码,商品家居-04,3,79,237.0,经销商
SO100195,2024-04-22,华北,食品,商品家居-00,4,49,196.0,线上商城
SO100196,2024-01-01,华东,家居,商品服饰-04,1,99,99.0,经销商
SO100197,2024-12-19,华南,家居,商品家居-04,3,79,237.0,门店
SO100198,2024-07-16,华中,服饰,商品食品-02,3,49,147.0,线上商城
SO100199,2024-05-24,华中,数码,商品食品-00,1,79,79.0,经销商
SO100200,2024/10/30,西南,食品,商品家居-00,1,99,99.0,经销商
SO100201,2024-03-12,西南,家居,商品服饰-02,2,99,198.0,线上商城
SO100202,2024-02-20,西南,家居,商品食品-01,1,49,49.0,门店
SO100203,2024-02-15,华南,数码,商品服饰-02,2,49,98.0,经销商
SO100204,2024-09-02,华中,家居,商品服饰-04,3,99,297.0,线上商城
SO100205,2024-03-24,华中,食品,商品食品-01,2,99,198.0,经销商
SO100206,2024-05-02,华南,食品,商品食品-01,4,49,196.0,线上商城
SO100207,2024-07-04,华南,食品,商品服饰-04,4,79,316.0,经销商
SO100208,2024-03-28,华东,数码,商品家居-00,1,99,99.0,线上商城
SO100209,2024-09-27,华东,服饰,商品家居-04,4,99,396.0,门店
SO100210,2024-05-25,华东,家居,商品食品-01,3,49,147.0,线上商城
SO100211,2024-11-21,华东,家居,商品家居-00,4,49,196.0,线上商城
SO100212,2024-09-17,西南,服饰,商品服饰-00,4,79,316.0,经销商
SO100213,2024-02-02,华东,家居,商品家居-04,1,99,99.0,门店
SO100214,2024-10-26,西南,数码,商品服饰-03,1,99,99.0,经销商
SO100215,2024-02-24,华中,数码,商品食品-01,2,79,158.0,经销商
SO100216,2024-03-10,华北,数码,商品数码-01,1,99,99.0,门店
SO100217,2024-03-06,华南,家居,商品服饰-04,3,99,297.0,线上商城
SO100218,2024-05-06,西南,数码,商品数码-03,4,49,196.0,门店
SO100219,2024-12-05,华北,数码,商品家居-02,1,79,79.0,门店
SO100220,2024/11/20,华中,家居,商品家居-01,1,49,49.0,门店
SO100221,2024-10-12,西南,数码,商品服饰-02,4,49,196.0,经销商
SO100222,2024-05-30,华南,数码,商品食品-04,2,99,198.0,线上商城
SO100223,2024-12-03,华南,服饰,商品服饰-00,3,49,147.0,门店
SO100224,2024-06-19,华北,数码,商品食品-00,4,99,396.0,经销商
SO100225,2024-11-25,,食品,商品数码-01,2,49,98.0,线上商城
SO100226,2024-10-19,华东,服饰,商品服饰-02,4,49,196.0,门店
SO100227,2024-04-30,华中,数码,商品家居-01,2,99,198.0,经销商
SO100228,2024-02-08,华南,家居,商品服饰-04,3,99,297.0,线上商城
SO100229,2024-11-15,西南,食品,商品服饰-03,2,99,198.0,线上商城
SO100230,2024-10-22,华北,食品,商品家居-00,4,49,196.0,经销商
SO100231,2024-12-09,华东,家居,商品服饰-04,4,49,196.0,门店
SO100232,2024-08-14,华中,食品,商品家居-02,1,99,99.0,门店
SO100233,2024-02-01,华中,数码,商品家居-02,3,79,237.0,门店
SO100234,2024-10-21,华中,食品,商品服饰-03,4,49,196.0,经销商
SO100235,2024-09-01,华北,数码,商品食品-01,1,79,79.0,门店
SO100236,2024-08-26,华东,数码,商品食品-00,1,49,49.0,经销商
SO100237,2024-12-21,华南,食品,商品家居-00,2,79,158.0,经销商
SO100238,2024-03-31,西南,服饰,商品服饰-04,1,79,79.0,线上商城
SO100239,2024-05-03,华中,数码,商品数码-02,1,79,79.0,线上商城
SO100240,2024/08/29,华中,服饰,商品服饰-02,4,79,316.0,线上商城
SO100241,2024-02-12,华北,家居,商品服饰-01,1,49,49.0,门店
SO100242,2024-10-16,华中,服饰,商品数码-01,3,99,297.0,经销商
SO100243,2024-03-06,华东,服饰,商品服饰-00,1,79,79.0,门店
SO100244,2024-06-06,华南,家居,商品数码-04,2,79,158.0,经销商
SO100245,2024-06-09,华东,食品,商品服饰-04,2,99,198.0,线上商城
SO100246,2024-08-25,华中,数码,商品服饰-04,2,79,158.0,经销商
SO100247,2024-01-08,华东,食品,商品家居-01,4,99,396.0,门店
SO100248,2024-08-18,华北,家居,商品食品-01,4,49,196.0,经销商
SO100249,2024-06-08,华东,食品,商品食品-01,1,79,79.0,线上商城
SO100250,2024-08-28,华南,数码,商品服饰-01,3,49,147.0,经销商
SO100251,2024-05-20,西南,家居,商品服饰-02,2,99,198.0,经销商
SO100252,2024-07-13,西南,家居,商品数码-04,3,49,147.0,线上商城
SO100253,2024-02-13,西南,服饰,商品数码-02,4,49,196.0,线上商城
SO100254,2024-10-10,西南,服饰,商品家居-00,1,49,49.0,门店
SO100255,2024-04-21,华北,家居,商品家居-03,3,49,147.0,门店
SO100256,2024-06-16,华南,数码,商品数码-02,3,79,237.0,经销商
SO100257,2024-06-16,华东,数码,商品服饰-02,1,79,79.0,线上商城
SO100258,2024-07-12,华东,食品,商品家居-03,1,99,99.0,线上商城
SO100259,2024-04-02,西南,食品,商品食品-01,1,79,79.0,门店
SO100260,2024/11/19,华北,家居,商品食品-04,4,99,396.0,门店
SO100261,2024-03-11,华北,服饰,商品服饰-02,1,49,49.0,经销商
SO100262,2024-10-20,西南,家居,商品家居-03,4,49,196.0,门店
SO100263,2024-10-14,华北,服饰,商品数码-04,2,99,198.0,门店
SO100264,2024-11-23,华北,数码,商品食品-03,2,99,198.0,线上商城
SO100265,2024-07-23,华南,服饰,商品家居-00,1,49,49.0,经销商
SO100266,2024-01-25,华中,服饰,商品食品-03,3,99,297.0,经销商
SO100267,2024-12-27,华北,家居,商品家居-00,4,79,316.0,线上商城
SO100268,2024-11-12,华东,食品,商品食品-02,2,99,198.0,经销商
SO100269,2024-09-15,西南,食品,商品食品-02,1,49,49.0,线上商城
SO100270,2024-04-03,西南,食品,商品家居-00,4,99,396.0,经销商
SO100271,2024-07-08,华中,服饰,商品数码-00,4,49,196.0,经销商
SO100272,2024-07-18,华中,数码,商品家居-02,4,49,196.0,线上商城
SO100273,2024-11-26,华北,家居,商品服饰-01,4,79,316.0,线上商城
SO100274,2024-10-18,华东,食品,商品食品-00,1,99,99.0,经销商
SO100275,2024-02-27,华东,家居,商品食品-00,1,79,79.0,门店
SO100276,2024-05-22,西南,家居,商品食品-03,4,49,196.0,经销商
SO100277,2024-09-22,华东,家居,商品服饰-03,3,49,147.0,门店
SO100278,2024-04-15,华东,食品,商品数码-00,4,49,196.0,经销商
SO100279,2024-02-12,华南,服饰,商品数码-01,2,99,198.0,线上商城
SO100280,2024/12/03,华北,家居,商品数码-03,1,49,49.0,门店
SO100281,2024-07-17,华中,服饰,商品数码-03,3,99,297.0,门店
SO100282,2024-06-26,华中,数码,商品家居-01,3,49,147.0,门店
SO100283,2024-01-21,华中,服饰,商品食品-02,1,79,79.0,门店
SO100284,2024-08-28,华北,服饰,商品食品-04,3,99,297.0,门店
SO100285,2024-04-26,西南,食品,商品家居-01,2,49,98.0,门店
SO100286,2024-09-24,西南,家居,商品服饰-00,1,49,49.0,经销商
SO100287,2024-06-28,华南,食品,商品食品-02,4,49,196.0,门店
SO100288,2024-06-14,华中,食品,商品服饰-04,3,99,297.0,门店
SO100289,2024-10-17,华北,食品,商品数码-01,4,99,396.0,门店
SO100290,2024-05-27,华北,食品,商品食品-00,2,99,198.0,门店
SO100291,2024-03-17,华中,食品,商品食品-01,1,99,99.0,门店
SO100292,2024-06-22,华北,家居,商品数码-00,2,99,198.0,门店
SO100293,2024-11-18,华中,数码,商品食品-02,3,49,147.0,经销商
SO100294,2024-08-28,华东,食品,商品服饰-01,1,79,79.0,线上商城
SO100295,2024-10-22,华中,家居,商品服饰-00,3,99,297.0,线上商城
SO100296,2024-12-21,华北,数码,商品服饰-03,3,49,147.0,经销商
SO100297,2024-11-07,华南,服饰,商品服饰-03,1,49,49.0,经销商
SO100298,2024-09-14,华中,家居,商品家居-02,4,99,396.0,线上商城
SO100299,2024-09-17,华东,家居,商品家居-01,2,49,98.0,门店
SO100300,2024/10/28,,食品,商品家居-04,1,99,99.0,门店
SO100301,2024-02-20,华中,食品,商品数码-01,1,49,49.0,经销商
SO100302,2024-12-19,西南,数码,商品食品-02,1,99,99.0,经销商
SO100303,2024-07-31,华中,服饰,商品家居-01,1,49,49.0,线上商城
SO100304,2024-01-31,华东,食品,商品食品-00,4,49,196.0,经销商
SO100305,2024-01-16,华南,数码,商品食品-00,4,99,396.0,线上商城
SO100306,2024-08-15,华东,数码,商品食品-01,2,79,158.0,门店
SO100307,2024-09-23,华东,食品,商品服饰-01,1,49,49.0,线上商城
SO100308,2024-06-03,华北,家居,商品服饰-02,3,79,237.0,经销商
SO100309,2024-08-11,华南,数码,商品服饰-04,2,49,98.0,线上商城
SO100310,2024-03-22,华北,食品,商品服饰-01,1,49,49.0,经销商
SO100311,2024-12-11,华中,数码,商品家居-04,4,99,396.0,线上商城
SO100312,2024-02-06,华南,服饰,商品服饰-00,3,99,297.0,线上商城
SO100313,2024-11-23,华东,家居,商品食品-04,4,79,316.0,经销商
SO100314,2024-06-26,华南,数码,商品食品-02,3,79,237.0,门店
SO100315,2024-03-27,华中,家居,商品服饰-02,4,49,196.0,门店
SO100316,2024-03-01,华南,数码,商品数码-02,2,79,158.0,线上商城
SO100317,2024-10-24,西南,食品,商品数码-01,3,49,147.0,经销商
SO100318,2024-12-08,西南,服饰,商品家居-00,3,49,147.0,经销商
SO100319,2024-06-16,西南,服饰,商品服饰-00,1,99,99.0,经销商
SO100320,2024/03/03,华东,数码,商品食品-03,1,49,49.0,经销商
SO100321,2024-04-03,华南,数码,商品服饰-03,3,79,237.0,经销商
SO100322,2024-06-30,华中,家居,商品服饰-03,3,99,297.0,线上商城
SO100323,2024-04-16,华北,数码,商品数码-03,1,79,79.0,门店
SO100324,2024-12-02,华南,食品,商品服饰-02,4,79,316.0,线上商城
SO100325,2024-04-10,华北,服饰,商品服饰-04,2,49,98.0,线上商城
SO100326,2024-12-15,华东,食品,商品家居-00,3,79,237.0,线上商城
SO100327,2024-02-05,华北,家居,商品数码-02,2,99,198.0,经销商
SO100328,2024-09-04,华北,食品,商品数码-01,2,79,158.0,门店
SO100329,2024-06-11,华东,服饰,商品食品-03,2,99,198.0,线上商城
SO100330,2024-09-13,华东,食品,商品家居-02,2,99,198.0,线上商城
SO100331,2024-10-09,华东,食品,商品家居-03,4,49,196.0,线上商城
SO100332,2024-07-16,西南,数码,商品数码-02,3,49,147.0,线上商城
SO100333,2024-01-16,西南,食品,商品家居-03,1,79,79.0,经销商
SO100334,2024-02-28,西南,数码,商品食品-04,4,99,396.0,经销商
SO100335,2024-09-17,华北,数码,商品家居-02,3,49,147.0,经销商
SO100336,2024-01-15,西南,服饰,商品食品-03,2,79,158.0,线上商城
SO100337,2024-03-30,华北,服饰,商品食品-04,4,99,396.0,门店
SO100338,2024-05-01,西南,数码,商品家居-01,4,79,316.0,线上商城
SO100339,2024-03-18,华南,服饰,商品数码-01,4,99,396.0,经销商
SO100340,2024/11/05,西南,家居,商品服饰-04,1,99,99.0,线上商城
SO100341,2024-06-26,华南,家居,商品数码-04,4,99,396.0,线上商城
SO100342,2024-06-29,西南,食品,商品服饰-04,1,99,99.0,经销商
SO100343,2024-08-07,华北,食品,商品食品-03,1,79,79.0,门店
SO100344,2024-01-28,华北,食品,商品服饰-02,3,49,147.0,线上商城
SO100345,2024-08-23,华中,家居,商品数码-01,4,99,396.0,门店
SO100346,2024-06-17,华南,数码,商品服饰-00,1,99,99.0,线上商城
SO100347,2024-04-25,华南,服饰,商品食品-02,3,49,147.0,线上商城
SO100348,2024-03-13,华南,家居,商品数码-01,1,49,49.0,经销商
SO100349,2024-08-14,华南,家居,商品家居-01,2,79,158.0,门店
SO100350,2024-08-18,华北,家居,商品家居-04,1,99,99.0,经销商
SO100351,2024-02-12,西南,服饰,商品食品-00,3,79,237.0,线上商城
SO100352,2024-02-28,西南,服饰,商品服饰-03,1,49,49.0,线上商城
SO100353,2024-06-04,华中,食品,商品家居-03,1,99,99.0,门店
SO100354,2024-10-21,华北,家居,商品食品-02,3,49,147.0,门店
SO100355,2024-02-20,华东,食品,商品食品-02,4,79,316.0,门店
SO100356,2024-02-18,华南,家居,商品家居-01,4,49,196.0,门店
SO100357,2024-02-09,华中,数码,商品食品-00,1,79,79.0,门店
SO100358,2024-01-20,华中,服饰,商品家居-01,1,79,79.0,门店
SO100359,2024-03-12,华南,数码,商品家居-01,4,79,316.0,线上商城
SO100360,2024/08/02,华东,服饰,商品食品-03,1,99,99.0,线上商城
SO100361,2024-10-07,华南,服饰,商品数码-01,4,49,196.0,门店
SO100362,2024-10-15,华东,数码,商品食品-00,4,79,316.0,门店
SO100363,2024-04-11,华南,食品,商品家居-01,4,99,396.0,门店
SO100364,2024-10-08,西南,家居,商品服饰-00,4,99,396.0,门店
SO100365,2024-12-26,华南,数码,商品服饰-00,3,49,147.0,门店
SO100366,2024-12-22,华南,数码,商品服饰-02,2,49,98.0,线上商城
SO100367,2024-11-25,华北,食品,商品数码-04,1,99,99.0,经销商
SO100368,2024-05-20,华南,食品,商品数码-00,1,99,99.0,门店
SO100369,2024-01-01,华东,服饰,商品服饰-00,1,79,79.0,线上商城
SO100370,2024-05-07,华东,食品,商品数码-04,2,99,198.0,线上商城
SO100371,2024-05-15,西南,食品,商品食品-00,3,79,237.0,门店
SO100372,2024-02-23,华东,服饰,商品食品-01,3,79,237.0,线上商城
SO100373,2024-04-03,西南,食品,商品家居-03,2,99,198.0,门店
SO100374,2024-10-02,华南,家居,商品食品-01,1,79,79.0,线上商城
SO100375,2024-08-28,,食品,商品服饰-02,4,49,196.0,经销商
SO100376,2024-11-08,华中,家居,商品数码-04,1,49,49.0,经销商
SO100377,2024-08-08,西南,食品,商品家居-00,2,49,98.0,线上商城
SO100378,2024-09-13,华中,家居,商品服饰-03,4,99,396.0,门店
SO100379,2024-02-11,华东,食品,商品食品-02,3,79,237.0,线上商城
SO100380,2024/07/18,西南,数码,商品食品-03,4,49,196.0,线上商城
SO100381,2024-08-08,华北,服饰,商品家居-00,4,99,396.0,门店
SO100382,2024-06-07,华东,食品,商品家居-04,2,99,198.0,经销商
SO100383,2024-03-11,华中,数码,商品食品-01,3,79,237.0,经销商
SO100384,2024-12-13,华北,食品,商品食品-03,4,79,316.0,线上商城
SO100385,2024-06-06,华南,服饰,商品数码-03,4,49,196.0,经销商
SO100386,2024-08-12,华北,服饰,商品服饰-03,1,49,49.0,经销商
SO100387,2024-05-26,华中,食品,商品食品-00,2,99,198.0,线上商城
SO100388,2024-06-25,华北,食品,商品食品-03,4,99,396.0,门店
SO100389,2024-10-10,华南,食品,商品数码-00,3,49,147.0,经销商
SO100390,2024-04-22,华北,数码,商品数码-00,4,79,316.0,线上商城
SO100391,2024-11-11,华东,数码,商品服饰-02,2,79,158.0,门店
SO100392,2024-12-26,华东,服饰,商品食品-02,4,49,196.0,经销商
SO100393,2024-12-01,西南,食品,商品服饰-03,1,79,79.0,经销商
SO100394,2024-10-27,华东,家居,商品食品-03,1,79,79.0,经销商
SO100395,2024-02-06,华南,数码,商品服饰-01,2,49,98.0,线上商城
SO100396,2024-06-22,西南,数码,商品服饰-02,2,79,158.0,线上商城
SO100397,2024-11-27,西南,数码,商品食品-04,1,49,49.0,线上商城
SO100398,2024-02-07,华中,食品,商品数码-00,1,99,99.0,经销商
SO100399,2024-02-24,西南,家居,商品数码-00,2,49,98.0,门店
SO100400,2024/01/06,华中,家居,商品数码-03,1,99,99.0,门店
SO100401,2024-11-06,西南,食品,商品家居-02,4,79,316.0,经销商
SO100402,2024-08-19,华北,家居,商品服饰-03,4,99,396.0,线上商城
SO100403,2024-08-31,华北,服饰,商品家居-02,2,79,158.0,门店
SO100404,2024-04-21,华南,服饰,商品家居-00,4,99,396.0,经销商
SO100405,2024-09-12,华东,服饰,商品服饰-04,4,99,396.0,线上商城
SO100406,2024-08-03,华北,家居,商品服饰-00,1,49,49.0,经销商
SO100407,2024-09-18,华北,家居,商品服饰-02,1,49,49.0,门店
SO100408,2024-03-08,华北,食品,商品数码-03,2,49,98.0,门店
SO100409,2024-01-24,华东,家居,商品食品-01,3,79,237.0,经销商
SO100410,2024-08-23,西南,数码,商品数码-02,2,79,158.0,经销商
SO100411,2024-01-05,华东,食品,商品数码-04,3,99,297.0,经销商
SO100412,2024-11-13,华东,服饰,商品数码-02,2,49,98.0,经销商
SO100413,2024-01-27,华中,食品,商品家居-02,4,99,396.0,经销商
SO100414,2024-05-21,华东,数码,商品食品-04,2,49,98.0,经销商
SO100415,2024-03-21,华中,食品,商品数码-04,1,49,49.0,门店
SO100416,2024-12-16,华南,食品,商品服饰-04,3,99,297.0,门店
SO100417,2024-10-15,西南,数码,商品数码-02,4,79,316.0,线上商城
SO100418,2024-12-13,华南,服饰,商品数码-00,4,49,196.0,门店
SO100419,2024-12-12,华南,家居,商品食品-00,1,79,79.0,经销商
SO100420,2024/08/23,华中,食品,商品家居-00,2,49,98.0,经销商
SO100421,2024-04-01,华北,数码,商品食品-02,3,99,297.0,门店
SO100422,2024-03-10,华北,家居,商品数码-04,3,79,237.0,线上商城
SO100423,2024-03-12,西南,服饰,商品食品-02,3,99,297.0,门店
SO100424,2024-12-12,西南,服饰,商品食品-02,4,49,196.0,经销商
SO100425,2024-12-15,华东,数码,商品数码-04,3,79,237.0,门店
SO100426,2024-06-12,华南,服饰,商品食品-03,4,99,396.0,线上商城
SO100427,2024-01-17,西南,家居,商品家居-03,4,99,396.0,门店
SO100428,2024-05-24,西南,数码,商品食品-01,4,49,196.0,经销商
SO100429,2024-09-19,华中,服饰,商品家居-02,1,49,49.0,门店
SO100430,2024-02-05,华东,数码,商品食品-01,2,49,98.0,经销商
SO100431,2024-02-03,华东,食品,商品数码-04,4,79,316.0,门店
SO100432,2024-10-09,西南,食品,商品服饰-04,2,99,198.0,门店
SO100433,2024-07-20,华北,家居,商品食品-00,2,49,98.0,门店
SO100434,2024-03-05,西南,家居,商品食品-01,2,79,158.0,经销商
SO100435,2024-09-05,华东,服饰,商品数码-02,4,79,316.0,线上商城
SO100436,2024-04-27,华南,家居,商品食品-02,3,79,237.0,门店
SO100437,2024-11-25,华东,数码,商品数码-02,4,99,396.0,线上商城
SO100438,2024-08-25,华南,数码,商品数码-03,3,49,147.0,线上商城
SO100439,2024-08-13,华中,服饰,商品数码-04,2,79,158.0,线上商城
SO100440,2024/05/05,华南,数码,商品数码-03,4,79,316.0,门店
SO100441,2024-05-12,西南,服饰,商品食品-01,2,99,198.0,经销商
SO100442,2024-02-21,西南,家居,商品食品-01,3,79,237.0,线上商城
SO100443,2024-02-06,华南,家居,商品食品-02,3,99,297.0,线上商城
SO100444,2024-01-09,西南,食品,商品数码-01,2,99,198.0,经销商
SO100445,2024-08-19,华中,食品,商品服饰-02,2,49,98.0,经销商
SO100446,2024-03-22,华北,服饰,商品家居-04,1,99,99.0,门店
SO100447,2024-03-04,西南,数码,商品服饰-02,4,99,396.0,经销商
SO100448,2024-12-27,西南,家居,商品数码-03,2,49,98.0,线上商城
SO100449,2024-10-17,西南,家居,商品服饰-00,3,49,147.0,门店
SO100450,2024-04-12,,数码,商品服饰-04,4,79,316.0,线上商城
SO100451,2024-03-03,华东,家居,商品服饰-04,3,79,237.0,门店
SO100452,2024-08-30,西南,数码,商品家居-00,3,99,297.0,经销商
SO100453,2024-04-20,华南,服饰,商品家居-00,1,79,79.0,线上商城
SO100454,2024-07-02,华东,家居,商品食品-01,1,99,99.0,经销商
SO100455,2024-02-21,华南,食品,商品服饰-01,3,49,147.0,门店
SO100456,2024-09-29,华北,数码,商品数码-02,2,49,98.0,线上商城
SO100457,2024-05-19,华中,家居,商品食品-01,2,79,158.0,经销商
SO100458,2024-05-27,西南,数码,商品数码-00,1,99,99.0,门店
SO100459,2024-10-30,西南,服饰,商品数码-00,3,49,147.0,线上商城
SO100460,2024/09/23,华东,食品,商品家居-03,3,49,147.0,线上商城
SO100461,2024-06-03,华东,服饰,商品食品-04,1,79,79.0,线上商城
SO100462,2024-11-28,华北,数码,商品家居-00,3,79,237.0,线上商城
SO100463,2024-11-26,西南,数码,商品数码-04,1,79,79.0,经销商
SO100464,2024-11-04,华北,家居,商品服饰-01,1,99,99.0,门店
SO100465,2024-04-15,西南,服饰,商品服饰-03,1,49,49.0,门店
SO100466,2024-10-30,华南,家居,商品家居-02,2,79,158.0,经销商
SO100467,2024-02-12,西南,服饰,商品数码-01,1,49,49.0,经销商
SO100468,2024-09-28,西南,服饰,商品数码-04,3,79,237.0,门店
SO100469,2024-07-19,华东,数码,商品家居-02,2,99,198.0,线上商城
SO100470,2024-09-30,华北,食品,商品食品-03,2,79,158.0,门店
SO100471,2024-01-30,华北,家居,商品家居-04,1,99,99.0,线上商城
SO100472,2024-05-24,华南,服饰,商品食品-00,4,79,316.0,门店
SO100473,2024-02-12,华中,数码,商品家居-02,4,99,396.0,门店
SO100474,2024-06-28,华东,食品,商品家居-00,4,49,196.0,经销商
SO100475,2024-05-18,华东,服饰,商品食品-04,2,49,98.0,经销商
SO100476,2024-08-18,西南,服饰,商品食品-00,2,49,98.0,经销商
SO100477,2024-07-31,华南,家居,商品服饰-02,4,79,316.0,线上商城
SO100478,2024-11-06,华中,食品,商品家居-03,3,99,297.0,经销商
SO100479,2024-01-28,西南,服饰,商品服饰-00,4,79,316.0,线上商城
SO100480,2024/03/26,华北,食品,商品家居-02,1,79,79.0,门店
SO100481,2024-10-19,华南,数码,商品服饰-00,2,79,158.0,线上商城
SO100482,2024-08-20,华东,家居,商品家居-02,2,49,98.0,门店
SO100483,2024-06-05,华东,食品,商品家居-03,2,79,158.0,门店
SO100484,2024-06-14,西南,数码,商品服饰-03,3,99,297.0,线上商城
SO100485,2024-07-04,西南,食品,商品食品-02,2,49,98.0,门店
SO100486,2024-12-08,西南,数码,商品服饰-03,1,99,99.0,门店
SO100487,2024-03-24,华北,食品,商品数码-00,4,99,396.0,门店
SO100488,2024-03-03,华南,数码,商品食品-02,4,49,196.0,经销商
SO100489,2024-06-10,华东,数码,商品家居-02,1,49,49.0,线上商城
SO100490,2024-01-02,华东,食品,商品食品-00,3,99,297.0,门店
SO100491,2024-08-27,华北,家居,商品数码-00,2,99,198.0,门店
SO100492,2024-12-10,华东,家居,商品数码-01,4,99,396.0,线上商城
SO100493,2024-05-03,华东,食品,商品数码-00,4,99,396.0,经销商
SO100494,2024-11-24,华中,家居,商品数码-01,2,99,198.0,线上商城
SO100495,2024-09-12,华东,服饰,商品服饰-02,2,79,158.0,经销商
SO100496,2024-12-18,西南,家居,商品数码-03,3,49,147.0,门店
SO100497,2024-11-04,华中,数码,商品食品-04,1,49,49.0,线上商城
SO100498,2024-03-21,华中,食品,商品食品-04,1,99,99.0,线上商城
SO100499,2024-01-27,华中,家居,商品数码-03,1,49,49.0,门店
SO100500,2024/04/08,华南,服饰,商品服饰-04,2,79,158.0,经销商
SO100501,2024-12-16,华北,食品,商品食品-03,1,99,99.0,经销商
SO100502,2024-05-29,华南,数码,商品家居-04,1,49,49.0,经销商
SO100503,2024-05-02,西南,食品,商品家居-00,2,49,98.0,经销商
SO100504,2024-06-24,华中,服饰,商品服饰-03,2,99,198.0,经销商
SO100505,2024-11-27,西南,食品,商品数码-01,2,99,198.0,线上商城
SO100506,2024-02-26,华北,食品,商品食品-04,1,99,99.0,经销商
SO100507,2024-02-09,华东,服饰,商品服饰-03,4,49,196.0,经销商
SO100508,2024-09-12,华中,服饰,商品服饰-00,1,99,99.0,线上商城
SO100509,2024-11-26,华南,服饰,商品食品-03,2,49,98.0,经销商
SO100510,2024-07-08,华中,服饰,商品食品-04,1,49,49.0,经销商
SO100511,2024-09-08,华中,食品,商品服饰-02,3,49,147.0,经销商
SO100512,2024-06-21,华中,家居,商品家居-03,4,99,396.0,门店
SO100513,2024-04-17,华南,家居,商品食品-04,4,99,396.0,经销商
SO100514,2024-02-07,华北,家居,商品服饰-01,3,79,237.0,线上商城
SO100515,2024-12-26,华东,食品,商品服饰-00,2,79,158.0,门店
SO100516,2024-06-11,西南,家居,商品食品-00,2,79,158.0,门店
SO100517,2024-03-03,华东,服饰,商品食品-00,2,79,158.0,门店
SO100518,2024-10-17,华东,食品,商品服饰-00,2,49,98.0,经销商
SO100519,2024-01-08,华北,家居,商品食品-02,1,99,99.0,线上商城
SO100520,2024/09/29,西南,食品,商品食品-03,2,99,198.0,线上商城
SO100521,2024-12-01,华东,食品,商品服饰-02,3,49,147.0,门店
SO100522,2024-12-05,华北,食品,商品食品-02,3,99,297.0,线上商城
SO100523,2024-05-01,华东,数码,商品家居-00,2,49,98.0,经销商
SO100524,2024-06-09,华南,数码,商品服饰-03,3,99,297.0,线上商城
SO100525,2024-07-19,,服饰,商品数码-00,1,99,99.0,经销商
SO100526,2024-05-23,华南,家居,商品数码-03,4,79,316.0,经销商
SO100527,2024-04-30,华南,食品,商品家居-01,2,99,198.0,经销商
SO100528,2024-01-10,华南,服饰,商品服饰-00,4,79,316.0,线上商城
SO100529,2024-04-19,华中,服饰,商品数码-03,3,49,80000.0,线上商城
SO100530,2024-02-25,华中,数码,商品数码-00,2,49,98.0,门店
SO100531,2024-12-05,华南,家居,商品食品-02,1,79,79.0,线上商城
SO100532,2024-04-22,西南,家居,商品食品-01,4,49,196.0,线上商城
SO100533,2024-09-27,华北,服饰,商品食品-04,4,79,316.0,经销商
SO100534,2024-09-14,西南,服饰,商品服饰-02,3,49,147.0,门店
SO100535,2024-03-29,西南,服饰,商品食品-02,1,49,49.0,门店
SO100536,2024-06-24,西南,数码,商品家居-02,1,99,99.0,门店
SO100537,2024-02-02,华北,食品,商品食品-02,4,99,396.0,经销商
SO100538,2024-06-10,华中,食品,商品食品-02,2,79,158.0,线上商城
SO100539,2024-05-23,华南,食品,商品家居-02,4,99,396.0,线上商城
SO100540,2024/06/23,华东,食品,商品服饰-02,1,99,99.0,线上商城
SO100541,2024-12-21,西南,服饰,商品服饰-03,4,99,396.0,经销商
SO100542,2024-12-08,华中,食品,商品服饰-01,4,49,196.0,线上商城
SO100543,2024-03-20,华南,食品,商品家居-01,4,79,316.0,线上商城
SO100544,2024-05-02,西南,数码,商品服饰-02,3,99,297.0,经销商
SO100545,2024-04-03,华南,家居,商品食品-01,4,99,396.0,门店
SO100546,2024-11-25,华北,数码,商品食品-01,3,99,297.0,门店
SO100547,2024-06-21,华中,家居,商品家居-04,4,99,396.0,线上商城
SO100548,2024-07-17,华中,家居,商品家居-04,3,79,237.0,门店
SO100549,2024-07-29,西南,食品,商品食品-02,1,99,99.0,线上商城
SO100550,2024-03-05,华中,食品,商品服饰-04,2,49,98.0,线上商城
SO100551,2024-03-13,西南,数码,商品数码-01,1,49,49.0,经销商
SO100552,2024-04-28,华东,数码,商品服饰-02,3,49,147.0,线上商城
SO100553,2024-03-10,华东,服饰,商品服饰-03,3,79,237.0,经销商
SO100554,2024-09-25,华中,食品,商品数码-03,3,99,297.0,门店
SO100555,2024-07-03,西南,食品,商品数码-00,1,49,49.0,门店
SO100556,2024-08-30,华北,食品,商品家居-02,3,79,237.0,门店
SO100557,2024-03-13,华南,食品,商品食品-04,3,79,237.0,经销商
SO100558,2024-04-03,华南,家居,商品服饰-02,3,99,297.0,线上商城
SO100559,2024-04-15,华北,家居,商品数码-03,1,99,99.0,门店
SO100560,2024/04/28,华北,数码,商品家居-00,1,99,99.0,门店
SO100561,2024-10-07,西南,食品,商品家居-00,4,99,396.0,线上商城
SO100562,2024-05-14,华南,服饰,商品家居-00,3,79,237.0,线上商城
SO100563,2024-11-10,华东,家居,商品食品-01,3,99,297.0,线上商城
SO100564,2024-03-09,华中,家居,商品家居-02,1,99,99.0,经销商
SO100565,2024-03-23,华北,服饰,商品服饰-01,1,79,79.0,门店
SO100566,2024-01-22,西南,食品,商品家居-00,2,99,198.0,线上商城
SO100567,2024-01-19,华东,数码,商品数码-00,1,49,49.0,经销商
SO100568,2024-06-20,华东,数码,商品数码-04,2,79,158.0,经销商
SO100569,2024-03-04,华北,服饰,商品家居-00,3,99,297.0,门店
SO100570,2024-04-18,华东,服饰,商品家居-01,4,49,196.0,线上商城
SO100571,2024-10-05,华东,食品,商品服饰-02,3,79,237.0,经销商
SO100572,2024-01-10,西南,数码,商品数码-00,2,79,158.0,线上商城
SO100573,2024-09-29,西南,家居,商品家居-04,2,99,198.0,门店
SO100574,2024-09-26,华南,食品,商品家居-04,2,79,158.0,线上商城
SO100575,2024-10-07,华北,服饰,商品家居-04,2,99,198.0,门店
SO100576,2024-10-22,华南,食品,商品食品-02,4,99,396.0,线上商城
SO100577,2024-12-18,华东,家居,商品服饰-04,3,49,147.0,经销商
SO100578,2024-05-29,华北,家居,商品数码-03,3,99,297.0,线上商城
SO100579,2024-02-04,华东,服饰,商品家居-01,1,79,79.0,门店
SO100580,2024/10/16,华东,家居,商品食品-03,2,99,198.0,线上商城
SO100581,2024-09-01,华南,家居,商品家居-01,1,99,99.0,线上商城
SO100582,2024-10-11,西南,食品,商品家居-04,4,79,316.0,门店
SO100583,2024-07-06,华东,家居,商品家居-02,4,79,316.0,经销商
SO100584,2024-03-26,西南,食品,商品食品-03,3,99,297.0,经销商
SO100585,2024-09-14,华中,服饰,商品食品-03,1,49,49.0,线上商城
SO100586,2024-03-13,西南,数码,商品服饰-01,2,99,198.0,门店
SO100587,2024-08-11,华中,数码,商品家居-03,1,49,49.0,线上商城
SO100588,2024-07-22,华南,家居,商品家居-04,4,79,316.0,线上商城
SO100589,2024-11-17,华东,家居,商品食品-04,1,99,99.0,经销商
SO100590,2024-03-02,华中,家居,商品数码-04,2,49,98.0,线上商城
SO100591,2024-09-21,华中,服饰,商品服饰-00,1,79,79.0,经销商
SO100592,2024-08-02,华东,数码,商品家居-02,3,99,297.0,线上商城
SO100593,2024-08-09,华东,家居,商品家居-00,1,79,79.0,门店
SO100594,2024-01-05,华中,服饰,商品服饰-02,4,49,196.0,门店
SO100595,2024-12-14,华北,家居,商品食品-01,1,99,99.0,门店
SO100596,2024-10-12,华南,家居,商品家居-01,3,99,297.0,线上商城
SO100597,2024-01-11,华东,数码,商品家居-01,3,99,297.0,线上商城
SO100598,2024-01-16,西南,服饰,商品家居-04,2,99,198.0,门店
SO100599,2024-01-15,华南,家居,商品家居-01,1,49,49.0,门店
SO100600,2024/07/15,,食品,商品食品-04,4,99,396.0,门店
SO100601,2024-09-11,华中,食品,商品服饰-03,4,49,196.0,经销商
SO100602,2024-08-30,华东,家居,商品家居-02,3,99,297.0,线上商城
SO100603,2024-09-21,华中,家居,商品数码-04,1,99,99.0,门店
SO100604,2024-04-03,华南,服饰,商品服饰-02,2,49,98.0,经销商
SO100605,2024-10-08,华北,家居,商品家居-04,3,49,147.0,线上商城
SO100606,2024-12-21,华南,数码,商品食品-02,2,99,198.0,经销商
SO100607,2024-01-28,西南,家居,商品家居-04,1,49,49.0,经销商
SO100608,2024-03-29,华南,食品,商品数码-00,2,49,98.0,经销商
SO100609,2024-04-15,华中,数码,商品数码-00,3,79,237.0,线上商城
SO100610,2024-08-24,华南,食品,商品家居-03,2,99,198.0,门店
SO100611,2024-07-09,华北,数码,商品家居-03,1,99,99.0,门店
SO100612,2024-04-05,华东,食品,商品数码-00,1,49,49.0,经销商
SO100613,2024-10-14,华中,家居,商品服饰-00,4,99,396.0,门店
SO100614,2024-10-24,华中,食品,商品食品-04,1,79,79.0,线上商城
SO100615,2024-09-08,华南,家居,商品食品-00,3,99,297.0,门店
SO100616,2024-03-21,西南,数码,商品家居-03,4,49,196.0,线上商城
SO100617,2024-12-10,华北,服饰,商品服饰-04,4,49,196.0,经销商
SO100618,2024-12-17,西南,家居,商品数码-04,2,49,98.0,线上商城
SO100619,2024-11-08,华北,食品,商品数码-00,1,99,99.0,经销商
SO100620,2024/07/03,西南,食品,商品数码-00,2,99,198.0,线上商城
SO100621,2024-12-06,西南,服饰,商品服饰-02,1,79,79.0,门店
SO100622,2024-11-13,华北,食品,商品服饰-00,1,79,79.0,经销商
SO100623,2024-03-22,华南,家居,商品服饰-04,1,49,49.0,门店
SO100624,2024-04-10,华中,数码,商品家居-01,2,99,198.0,门店
SO100625,2024-06-21,华北,家居,商品服饰-03,3,79,237.0,门店
SO100626,2024-12-25,西南,家居,商品数码-01,1,49,49.0,线上商城
SO100627,2024-03-20,华东,数码,商品数码-03,2,79,158.0,门店
SO100628,2024-02-19,华中,数码,商品家居-01,4,79,316.0,线上商城
SO100629,2024-08-10,西南,家居,商品数码-02,4,79,316.0,门店
SO100630,2024-06-21,华东,家居,商品家居-02,4,99,396.0,门店
SO100631,2024-10-07,华北,食品,商品数码-00,4,79,316.0,线上商城
SO100632,2024-07-11,华北,家居,商品服饰-02,3,99,297.0,经销商
SO100633,2024-03-22,华南,家居,商品家居-02,1,49,49.0,门店
SO100634,2024-11-06,华北,食品,商品食品-01,3,79,237.0,经销商
SO100635,2024-08-03,西南,数码,商品服饰-00,1,79,79.0,门店
SO100636,2024-11-07,西南,食品,商品家居-00,3,99,297.0,门店
SO100637,2024-02-05,华中,服饰,商品数码-00,3,49,147.0,门店
SO100638,2024-03-20,华南,服饰,商品食品-01,1,99,99.0,线上商城
SO100639,2024-02-17,华南,家居,商品服饰-00,3,49,147.0,线上商城
SO100640,2024/04/19,华北,服饰,商品食品-02,1,79,79.0,线上商城
SO100641,2024-03-07,华北,数码,商品食品-03,4,79,316.0,门店
SO100642,2024-10-10,华南,服饰,商品家居-02,1,79,79.0,线上商城
SO100643,2024-06-20,华南,家居,商品服饰-01,3,99,297.0,门店
SO100644,2024-06-22,华北,食品,商品家居-04,2,79,158.0,门店
SO100645,2024-02-15,华中,食品,商品数码-00,1,99,99.0,线上商城
SO100646,2024-03-21,华中,食品,商品家居-02,2,49,98.0,门店
SO100647,2024-09-08,华南,食品,商品家居-04,4,99,396.0,线上商城
SO100648,2024-04-22,华中,服饰,商品服饰-03,3,79,237.0,门店
SO100649,2024-07-17,华东,数码,商品服饰-01,1,79,79.0,经销商
SO100650,2024-12-12,华东,数码,商品数码-02,2,79,158.0,线上商城
SO100651,2024-04-18,华东,数码,商品食品-04,2,99,198.0,经销商
SO100652,2024-05-22,西南,家居,商品服饰-00,1,49,49.0,门店
SO100653,2024-09-29,西南,服饰,商品家居-01,4,79,316.0,门店
SO100654,2024-01-21,华中,食品,商品服饰-03,4,79,316.0,经销商
SO100655,2024-02-07,华中,服饰,商品家居-00,3,79,237.0,经销商
SO100656,2024-04-23,华中,家居,商品食品-04,4,49,196.0,经销商
SO100657,2024-11-20,华中,服饰,商品食品-01,1,79,79.0,线上商城
SO100658,2024-08-22,华北,数码,商品食品-00,1,79,79.0,线上商城
SO100659,2024-05-26,西南,服饰,商品数码-04,4,49,196.0,线上商城
SO100660,2024/03/13,华东,食品,商品服饰-02,4,49,196.0,经销商
SO100661,2024-03-05,西南,食品,商品食品-01,4,99,396.0,线上商城
SO100662,2024-10-13,华北,家居,商品服饰-03,1,99,99.0,门店
SO100663,2024-07-03,华中,食品,商品食品-03,4,49,196.0,经销商
SO100664,2024-12-08,华东,家居,商品食品-03,1,79,79.0,线上商城
SO100665,2024-01-13,华北,数码,商品数码-00,3,49,147.0,线上商城
SO100666,2024-05-18,华南,服饰,商品数码-04,4,99,396.0,线上商城
SO100667,2024-03-13,西南,数码,商品数码-04,1,99,99.0,经销商
SO100668,2024-11-15,华北,家居,商品家居-01,4,49,196.0,门店
SO100669,2024-12-07,华中,食品,商品数码-04,1,79,79.0,经销商
SO100670,2024-10-13,华东,食品,商品家居-00,2,99,198.0,门店
SO100671,2024-05-27,华北,服饰,商品数码-04,4,49,196.0,门店
SO100672,2024-06-30,西南,家居,商品食品-04,3,79,237.0,门店
SO100673,2024-11-12,华北,服饰,商品数码-02,3,79,237.0,经销商
SO100674,2024-09-27,华南,家居,商品家居-04,3,49,147.0,门店
SO100675,2024-09-15,,家居,商品数码-01,1,99,99.0,经销商
SO100676,2024-09-06,华南,家居,商品食品-04,4,99,396.0,经销商
SO100677,2024-08-02,华中,食品,商品服饰-04,3,99,297.0,经销商
SO100678,2024-05-02,华中,家居,商品数码-01,4,79,316.0,经销商
SO100679,2024-04-26,华北,数码,商品服饰-03,2,79,158.0,门店
SO100680,2024/11/16,华北,食品,商品数码-04,4,49,196.0,线上商城
SO100681,2024-11-06,华北,家居,商品数码-00,2,79,158.0,经销商
SO100682,2024-02-27,华北,食品,商品数码-02,1,49,49.0,门店
SO100683,2024-01-06,华东,食品,商品食品-04,3,79,237.0,线上商城
SO100684,2024-06-13,华南,食品,商品服饰-04,2,49,80000.0,经销商
SO100685,2024-04-18,西南,数码,商品数码-01,1,79,79.0,门店
SO100686,2024-04-21,华北,家居,商品服饰-01,4,49,196.0,线上商城
SO100687,2024-09-01,华中,食品,商品服饰-00,2,49,98.0,门店
SO100688,2024-10-17,华北,服饰,商品家居-02,3,79,237.0,门店
SO100689,2024-11-26,华中,数码,商品家居-02,4,79,316.0,门店
SO100690,2024-01-16,华东,家居,商品数码-04,4,99,396.0,线上商城
SO100691,2024-09-21,华南,家居,商品数码-01,1,99,99.0,线上商城
SO100692,2024-12-02,华南,服饰,商品食品-01,3,79,237.0,经销商
SO100693,2024-01-26,华东,食品,商品家居-04,1,79,79.0,经销商
SO100694,2024-08-08,西南,服饰,商品食品-02,4,79,316.0,线上商城
SO100695,2024-08-25,华北,家居,商品服饰-01,4,49,196.0,线上商城
SO100696,2024-09-29,华东,数码,商品食品-03,3,99,297.0,经销商
SO100697,2024-04-07,华南,家居,商品食品-00,4,79,316.0,线上商城
SO100698,2024-03-27,华中,服饰,商品家居-04,2,99,198.0,门店
SO100699,2024-08-13,华中,服饰,商品家居-00,1,49,49.0,门店
SO100700,2024/11/09,华中,服饰,商品食品-00,2,49,98.0,线上商城
SO100701,2024-05-29,华中,服饰,商品食品-00,2,49,98.0,经销商
SO100702,2024-10-01,西南,数码,商品服饰-00,3,49,147.0,经销商
SO100703,2024-07-11,华北,家居,商品服饰-02,2,99,198.0,门店
SO100704,2024-06-06,华南,家居,商品服饰-03,1,79,79.0,门店
SO100705,2024-01-06,华东,服饰,商品食品-03,2,79,158.0,线上商城
SO100706,2024-11-07,华中,家居,商品食品-01,2,99,198.0,经销商
SO100707,2024-09-04,华北,服饰,商品数码-04,4,99,396.0,门店
SO100708,2024-05-09,华中,家居,商品食品-00,2,49,98.0,门店
SO100709,2024-10-07,西南,数码,商品食品-01,1,79,79.0,门店
SO100710,2024-11-30,华北,家居,商品家居-03,1,79,79.0,线上商城
SO100711,2024-10-23,西南,数码,商品数码-03,2,49,98.0,经销商
SO100712,2024-11-25,华北,数码,商品家居-04,2,99,198.0,线上商城
SO100713,2024-05-10,华中,食品,商品数码-00,2,49,98.0,门店
SO100714,2024-07-25,华北,食品,商品服饰-03,2,49,98.0,线上商城
SO100715,2024-10-22,华北,数码,商品家居-02,4,99,396.0,线上商城
SO100716,2024-01-21,华东,食品,商品食品-00,3,79,237.0,经销商
SO100717,2024-11-22,华东,食品,商品食品-03,1,49,49.0,线上商城
SO100718,2024-10-17,华中,服饰,商品数码-02,2,99,198.0,门店
SO100719,2024-05-16,华南,家居,商品数码-04,1,79,79.0,经销商
SO100720,2024/10/04,华北,数码,商品食品-00,4,49,196.0,线上商城
SO100721,2024-08-01,西南,服饰,商品服饰-03,4,99,396.0,门店
SO100722,2024-11-30,华北,服饰,商品服饰-03,1,49,49.0,经销商
SO100723,2024-02-24,华中,食品,商品家居-02,3,79,237.0,经销商
SO100724,2024-11-25,华北,食品,商品食品-02,4,99,396.0,经销商
SO100725,2024-12-07,西南,服饰,商品食品-01,4,49,196.0,线上商城
SO100726,2024-04-10,华中,数码,商品食品-01,3,79,237.0,经销商
SO100727,2024-03-18,西南,食品,商品服饰-02,1,99,99.0,线上商城
SO100728,2024-04-11,华东,食品,商品食品-04,3,79,237.0,经销商
SO100729,2024-01-04,华中,数码,商品数码-00,1,49,49.0,经销商
SO100730,2024-02-01,华中,数码,商品数码-02,1,49,49.0,线上商城
SO100731,2024-11-07,华北,服饰,商品数码-01,1,79,79.0,门店
SO100732,2024-03-25,华中,食品,商品服饰-04,1,79,79.0,门店
SO100733,2024-05-24,华南,家居,商品食品-04,4,79,316.0,线上商城
SO100734,2024-02-11,西南,数码,商品数码-01,4,99,396.0,经销商
SO100735,2024-02-15,西南,家居,商品服饰-02,1,49,49.0,门店
SO100736,2024-05-29,西南,家居,商品服饰-02,3,99,297.0,经销商
SO100737,2024-11-13,华南,家居,商品家居-03,4,49,196.0,经销商
SO100738,2024-04-11,华南,家居,商品服饰-02,1,49,49.0,经销商
SO100739,2024-07-06,华中,食品,商品食品-03,1,99,99.0,线上商城
SO100740,2024/06/22,华北,家居,商品数码-01,3,49,147.0,线上商城
SO100741,2024-08-19,华北,家居,商品服饰-00,3,99,297.0,经销商
SO100742,2024-06-02,华东,家居,商品家居-00,2,49,98.0,线上商城
SO100743,2024-05-24,华东,食品,商品食品-04,1,99,99.0,门店
SO100744,2024-08-04,华北,食品,商品数码-01,1,79,79.0,门店
SO100745,2024-01-06,华北,食品,商品食品-01,1,49,49.0,门店
SO100746,2024-06-21,华南,食品,商品家居-03,3,99,297.0,门店
SO100747,2024-04-22,华南,服饰,商品数码-00,3,79,237.0,线上商城
SO100748,2024-02-04,华北,数码,商品数码-01,2,99,198.0,经销商
SO100749,2024-08-23,华中,家居,商品食品-02,3,79,237.0,门店
SO100750,2024-07-17,,数码,商品食品-00,3,79,237.0,经销商
SO100751,2024-06-26,西南,食品,商品服饰-01,3,79,237.0,门店
SO100752,2024-06-25,华东,服饰,商品服饰-00,2,49,98.0,门店
SO100753,2024-05-15,华南,家居,商品家居-02,4,99,396.0,门店
SO100754,2024-04-10,华中,家居,商品家居-04,4,79,316.0,门店
SO100755,2024-06-13,华东,家居,商品数码-00,1,49,49.0,门店
SO100756,2024-07-28,华北,数码,商品数码-03,4,49,196.0,门店
SO100757,2024-01-11,西南,数码,商品家居-03,2,79,158.0,线上商城
SO100758,2024-06-09,华南,家居,商品服饰-01,4,99,396.0,线上商城
SO100759,2024-07-15,华中,食品,商品服饰-03,4,79,316.0,线上商城
SO100760,2024/06/24,华东,食品,商品食品-03,4,49,196.0,门店
SO100761,2024-12-20,西南,食品,商品家居-01,3,99,297.0,经销商
SO100762,2024-06-30,华北,服饰,商品食品-01,2,49,98.0,经销商
SO100763,2024-02-09,华中,服饰,商品服饰-01,4,49,196.0,线上商城
SO100764,2024-05-26,西南,服饰,商品食品-01,4,99,396.0,经销商
SO100765,2024-09-26,西南,数码,商品食品-01,3,49,147.0,经销商
SO100766,2024-05-21,华北,数码,商品食品-02,1,79,79.0,经销商
SO100767,2024-06-27,华中,食品,商品家居-02,1,79,79.0,门店
SO100768,2024-05-13,华中,食品,商品食品-04,2,99,198.0,经销商
SO100769,2024-06-05,华南,家居,商品服饰-00,2,49,98.0,门店
SO100770,2024-11-07,华东,家居,商品家居-02,3,79,237.0,门店
SO100771,2024-12-25,华中,家居,商品服饰-00,4,49,196.0,门店
SO100772,2024-01-21,华南,家居,商品服饰-01,1,49,49.0,线上商城
SO100773,2024-01-04,西南,服饰,商品数码-04,3,99,297.0,门店
SO100774,2024-09-02,华南,数码,商品服饰-01,1,79,79.0,门店
SO100775,2024-07-11,华中,食品,商品服饰-04,3,79,237.0,线上商城
SO100776,2024-01-04,华北,食品,商品家居-04,4,49,196.0,经销商
SO100777,2024-03-27,西南,家居,商品家居-04,4,49,196.0,门店
SO100778,2024-11-30,华中,数码,商品家居-00,1,49,49.0,门店
SO100779,2024-04-30,华中,数码,商品服饰-04,4,49,196.0,线上商城
SO100780,2024/06/01,华北,家居,商品家居-04,1,99,99.0,线上商城
SO100781,2024-06-22,西南,食品,商品食品-03,1,79,79.0,经销商
SO100782,2024-12-07,华东,家居,商品数码-04,2,99,198.0,门店
SO100783,2024-06-05,华东,食品,商品数码-01,1,99,99.0,线上商城
SO100784,2024-06-09,华中,家居,商品食品-04,3,79,237.0,经销商
SO100785,2024-10-04,华中,食品,商品数码-02,3,79,80000.0,经销商
SO100786,2024-06-28,华中,食品,商品食品-02,1,79,79.0,经销商
SO100787,2024-07-26,西南,食品,商品食品-01,3,79,237.0,线上商城
SO100788,2024-07-17,华北,家居,商品服饰-04,1,99,99.0,门店
SO100789,2024-09-13,华中,食品,商品数码-01,3,79,237.0,经销商
SO100790,2024-08-16,华北,数码,商品家居-02,3,49,147.0,门店
SO100791,2024-07-04,华北,家居,商品服饰-03,2,99,198.0,线上商城
SO100792,2024-02-11,华东,家居,商品数码-03,3,79,237.0,经销商
SO100793,2024-03-13,华南,家居,商品食品-01,4,99,396.0,门店
SO100794,2024-11-01,华南,数码,商品食品-03,4,79,316.0,门店
SO100795,2024-08-21,华南,服饰,商品食品-03,3,99,297.0,经销商
SO100796,2024-07-18,华北,数码,商品服饰-00,1,99,99.0,经销商
SO100797,2024-03-01,华东,家居,商品食品-03,2,99,198.0,经销商
SO100798,2024-02-20,华北,数码,商品食品-04,2,79,158.0,线上商城
SO100799,2024-10-10,华南,家居,商品食品-00,4,79,316.0,线上商城
SO100800,2024/02/06,华东,服饰,商品服饰-04,1,99,99.0,门店
SO100801,2024-02-09,华东,服饰,商品数码-02,2,99,198.0,门店
SO100802,2024-11-16,西南,家居,商品数码-01,3,99,297.0,门店
SO100803,2024-05-26,华东,服饰,商品食品-02,2,99,198.0,门店
SO100804,2024-02-11,华中,家居,商品家居-01,2,99,198.0,门店
SO100805,2024-07-13,华东,家居,商品数码-04,4,79,316.0,线上商城
SO100806,2024-08-03,华东,家居,商品数码-02,4,79,316.0,线上商城
SO100807,2024-04-12,华南,家居,商品服饰-03,2,99,198.0,线上商城
SO100808,2024-10-16,华东,食品,商品服饰-04,3,79,237.0,门店
SO100809,2024-09-23,华南,服饰,商品数码-01,3,79,237.0,线上商城
SO100810,2024-06-19,华南,食品,商品服饰-01,2,49,98.0,线上商城
SO100811,2024-07-06,西南,数码,商品家居-01,2,49,98.0,门店
SO100812,2024-04-15,西南,数码,商品服饰-02,1,99,99.0,门店
SO100813,2024-11-20,西南,数码,商品服饰-03,2,49,98.0,经销商
SO100814,2024-02-22,华东,数码,商品服饰-01,1,99,99.0,门店
SO100815,2024-12-12,华东,服饰,商品家居-01,4,79,316.0,经销商
SO100816,2024-10-13,华东,食品,商品家居-01,1,79,79.0,门店
SO100817,2024-03-18,华中,食品,商品服饰-00,4,79,316.0,线上商城
SO100818,2024-08-10,华东,数码,商品数码-01,1,79,79.0,线上商城
SO100819,2024-01-17,华北,服饰,商品食品-04,3,79,237.0,线上商城
SO100820,2024/11/05,西南,数码,商品食品-01,4,99,396.0,门店
SO100821,2024-12-01,华北,家居,商品服饰-03,4,49,196.0,门店
SO100822,2024-11-11,西南,家居,商品食品-01,2,99,198.0,门店
SO100823,2024-06-09,华东,服饰,商品食品-04,3,79,237.0,门店
SO100824,2024-09-08,西南,家居,商品食品-02,2,99,198.0,门店
SO100825,2024-06-19,,服饰,商品数码-02,3,49,147.0,经销商
SO100826,2024-04-14,西南,家居,商品服饰-02,4,99,396.0,线上商城
SO100827,2024-06-27,华南,服饰,商品数码-04,2,79,158.0,经销商
SO100828,2024-05-08,华东,服饰,商品服饰-00,1,79,79.0,门店
SO100829,2024-05-27,西南,食品,商品服饰-04,1,79,79.0,经销商
SO100830,2024-11-30,华北,数码,商品食品-04,1,49,49.0,经销商
SO100831,2024-11-23,西南,数码,商品服饰-00,2,79,158.0,线上商城
SO100832,2024-12-19,西南,服饰,商品食品-04,1,49,49.0,线上商城
SO100833,2024-07-30,华北,服饰,商品家居-04,2,99,198.0,经销商
SO100834,2024-12-14,华南,食品,商品服饰-04,3,49,147.0,经销商
SO100835,2024-02-17,华南,家居,商品食品-02,2,49,98.0,门店
SO100836,2024-06-03,华东,食品,商品服饰-03,2,49,98.0,门店
SO100837,2024-08-15,西南,服饰,商品服饰-04,3,49,147.0,经销商
SO100838,2024-08-15,西南,服饰,商品数码-02,4,99,396.0,线上商城
SO100839,2024-12-25,华北,数码,商品家居-00,3,49,147.0,线上商城
SO100840,2024/11/27,华东,数码,商品数码-03,1,49,49.0,门店
SO100841,2024-07-10,华北,数码,商品食品-03,4,79,316.0,门店
SO100842,2024-05-12,西南,家居,商品食品-02,1,79,79.0,门店
SO100843,2024-10-19,华北,数码,商品家居-00,1,79,79.0,线上商城
SO100844,2024-08-14,西南,家居,商品数码-04,4,49,196.0,门店
SO100845,2024-02-19,西南,服饰,商品服饰-01,1,79,79.0,门店
SO100846,2024-05-12,华北,数码,商品数码-00,1,79,79.0,经销商
SO100847,2024-02-13,西南,服饰,商品家居-02,1,49,49.0,线上商城
SO100848,2024-09-29,华北,数码,商品食品-03,2,49,98.0,经销商
SO100849,2024-12-20,华东,服饰,商品食品-01,2,79,158.0,经销商
SO100850,2024-08-15,华东,服饰,商品服饰-03,1,99,99.0,线上商城
SO100851,2024-07-21,华中,服饰,商品数码-01,2,79,158.0,线上商城
SO100852,2024-04-18,华中,服饰,商品数码-02,3,79,237.0,线上商城
SO100853,2024-11-07,西南,家居,商品服饰-00,3,99,297.0,线上商城
SO100854,2024-08-26,华东,家居,商品数码-00,4,79,316.0,线上商城
SO100855,2024-03-03,华中,家居,商品数码-02,1,79,79.0,经销商
SO100856,2024-05-27,华东,家居,商品数码-00,2,99,198.0,线上商城
SO100857,2024-12-14,西南,食品,商品家居-03,2,49,98.0,经销商
SO100858,2024-02-24,西南,家居,商品数码-00,3,49,147.0,经销商
SO100859,2024-11-13,华东,数码,商品数码-04,1,49,49.0,线上商城
SO100860,2024/12/16,华东,服饰,商品数码-03,2,49,98.0,门店
SO100861,2024-01-08,华中,服饰,商品食品-00,2,79,158.0,经销商
SO100862,2024-04-02,华东,家居,商品服饰-04,2,99,198.0,门店
SO100863,2024-11-16,华北,数码,商品家居-03,4,49,196.0,门店
SO100864,2024-03-24,华中,食品,商品数码-02,3,99,297.0,经销商
SO100865,2024-09-16,西南,家居,商品家居-00,4,49,196.0,线上商城
SO100866,2024-03-07,华南,食品,商品数码-01,1,79,79.0,线上商城
SO100867,2024-12-04,华中,数码,商品数码-01,3,79,237.0,门店
SO100868,2024-12-01,西南,家居,商品食品-02,4,99,396.0,经销商
SO100869,2024-08-15,华南,数码,商品服饰-02,1,99,99.0,经销商
SO100870,2024-02-24,华南,家居,商品服饰-00,2,99,198.0,门店
SO100871,2024-07-07,西南,服饰,商品食品-04,2,99,198.0,经销商
SO100872,2024-02-24,华南,食品,商品食品-04,4,49,196.0,线上商城
SO100873,2024-11-17,华东,家居,商品服饰-03,1,79,79.0,门店
SO100874,2024-06-20,华北,数码,商品数码-02,2,99,198.0,线上商城
SO100875,2024-03-08,华北,家居,商品食品-04,2,79,158.0,经销商
SO100876,2024-05-24,华北,数码,商品服饰-03,1,49,49.0,经销商
SO100877,2024-11-24,华南,服饰,商品家居-01,4,99,396.0,线上商城
SO100878,2024-07-14,华中,家居,商品家居-03,2,99,198.0,门店
SO100879,2024-07-30,华中,家居,商品家居-00,1,79,79.0,经销商
SO100880,2024/08/23,华南,服饰,商品食品-03,2,79,158.0,线上商城
SO100881,2024-07-03,西南,家居,商品家居-00,2,79,158.0,经销商
SO100882,2024-05-23,西南,食品,商品服饰-01,4,99,396.0,门店
SO100883,2024-04-12,华东,食品,商品食品-03,1,49,49.0,门店
SO100884,2024-03-18,华南,数码,商品服饰-00,4,99,396.0,门店
SO100885,2024-04-24,华东,食品,商品数码-01,1,79,79.0,门店
SO100886,2024-10-20,华北,家居,商品食品-02,4,49,196.0,门店
SO100887,2024-01-04,华东,家居,商品食品-03,3,49,147.0,门店
SO100888,2024-03-15,华中,家居,商品食品-01,2,99,198.0,门店
SO100889,2024-01-26,华中,数码,商品家居-01,3,79,237.0,经销商
SO100890,2024-12-05,西南,家居,商品家居-02,1,99,99.0,门店
SO100891,2024-05-06,华南,食品,商品家居-02,3,79,237.0,线上商城
SO100892,2024-05-23,华南,服饰,商品家居-01,4,49,196.0,门店
SO100893,2024-06-09,华东,家居,商品家居-00,1,99,99.0,经销商
SO100894,2024-03-20,西南,数码,商品服饰-02,3,99,297.0,经销商
SO100895,2024-12-04,华东,数码,商品服饰-02,4,99,396.0,门店
SO100896,2024-09-06,西南,服饰,商品数码-02,1,79,79.0,门店
SO100897,2024-05-15,华中,食品,商品家居-03,3,79,237.0,门店
SO100898,2024-02-18,华北,服饰,商品数码-03,1,49,49.0,门店
SO100899,2024-11-26,华南,数码,商品服饰-00,2,79,158.0,门店
SO100900,2024/12/01,,食品,商品数码-00,1,99,99.0,线上商城
SO100901,2024-01-24,华南,食品,商品服饰-03,1,79,79.0,线上商城
SO100902,2024-02-14,华北,家居,商品数码-02,3,79,237.0,经销商
SO100903,2024-05-23,西南,食品,商品食品-02,4,99,396.0,线上商城
SO100904,2024-09-18,华北,食品,商品服饰-02,1,99,99.0,门店
SO100905,2024-02-11,西南,食品,商品食品-02,4,99,396.0,经销商
SO100906,2024-04-03,华中,服饰,商品食品-04,1,99,99.0,线上商城
SO100907,2024-12-03,华北,食品,商品家居-04,4,49,196.0,线上商城
SO100908,2024-06-19,华东,服饰,商品数码-01,1,49,49.0,门店
SO100909,2024-04-13,华东,数码,商品服饰-00,2,49,98.0,线上商城
SO100910,2024-02-13,华南,服饰,商品数码-01,4,79,316.0,线上商城
SO100911,2024-11-17,华中,数码,商品数码-03,4,49,196.0,经销商
SO100912,2024-01-07,华南,家居,商品食品-04,1,99,99.0,门店
SO100913,2024-11-28,华南,数码,商品食品-04,2,99,198.0,经销商
SO100914,2024-06-03,华中,服饰,商品服饰-04,4,99,396.0,经销商
SO100915,2024-05-07,华中,服饰,商品食品-02,2,49,98.0,线上商城
SO100916,2024-04-23,华东,服饰,商品家居-00,1,49,49.0,线上商城
SO100917,2024-01-21,华南,家居,商品数码-03,4,79,316.0,经销商
SO100918,2024-11-21,华东,食品,商品家居-04,2,49,98.0,经销商
SO100919,2024-07-28,华北,食品,商品数码-03,2,99,198.0,线上商城
SO100920,2024/10/07,华北,服饰,商品家居-02,3,79,237.0,门店
SO100921,2024-01-08,西南,食品,商品家居-00,3,49,147.0,经销商
SO100922,2024-09-18,华南,数码,商品数码-01,4,99,396.0,门店
SO100923,2024-10-20,华中,数码,商品数码-00,2,79,158.0,门店
SO100924,2024-09-29,华南,家居,商品服饰-01,3,79,237.0,经销商
SO100925,2024-05-17,华北,家居,商品数码-04,4,79,316.0,线上商城
SO100926,2024-03-26,华中,服饰,商品数码-02,4,49,196.0,门店
SO100927,2024-08-28,华南,家居,商品食品-03,3,49,147.0,门店
SO100928,2024-09-22,西南,数码,商品家居-02,2,49,98.0,线上商城
SO100929,2024-07-25,华南,食品,商品数码-04,3,49,147.0,线上商城
SO100930,2024-10-03,华北,食品,商品食品-03,3,49,147.0,经销商
SO100931,2024-10-24,华南,服饰,商品食品-00,1,79,79.0,经销商
SO100932,2024-06-25,华北,食品,商品服饰-03,1,99,99.0,经销商
SO100933,2024-04-18,华中,家居,商品数码-03,2,49,98.0,经销商
SO100934,2024-07-16,华南,服饰,商品食品-01,2,99,198.0,经销商
SO100935,2024-11-12,西南,食品,商品食品-02,4,99,396.0,门店
SO100936,2024-12-12,华中,食品,商品服饰-04,3,99,297.0,门店
SO100937,2024-04-11,华东,数码,商品家居-02,4,79,316.0,线上商城
SO100938,2024-10-01,华南,食品,商品服饰-01,2,49,98.0,门店
SO100939,2024-06-12,西南,食品,商品服饰-00,4,49,196.0,经销商
SO100940,2024/11/19,华南,服饰,商品食品-01,1,79,79.0,门店
SO100941,2024-10-25,华北,服饰,商品食品-02,1,79,79.0,线上商城
SO100942,2024-10-19,华中,家居,商品数码-04,4,79,316.0,经销商
SO100943,2024-06-05,华南,服饰,商品家居-01,1,99,99.0,线上商城
SO100944,2024-02-20,华中,食品,商品家居-03,3,49,147.0,门店
SO100945,2024-06-07,华北,数码,商品数码-00,2,49,98.0,门店
SO100946,2024-09-07,华北,食品,商品服饰-00,1,49,49.0,线上商城
SO100947,2024-06-16,西南,服饰,商品服饰-01,3,79,237.0,线上商城
SO100948,2024-05-21,西南,家居,商品食品-03,1,99,99.0,线上商城
SO100949,2024-09-13,华东,数码,商品食品-04,2,99,198.0,门店
SO100950,2024-04-09,华南,家居,商品数码-02,2,79,158.0,经销商
SO100951,2024-10-16,华中,家居,商品家居-04,2,99,198.0,线上商城
SO100952,2024-05-05,华北,服饰,商品家居-03,3,99,297.0,门店
SO100953,2024-05-10,华北,服饰,商品食品-02,3,99,297.0,线上商城
SO100954,2024-12-16,西南,数码,商品数码-01,2,49,98.0,线上商城
SO100955,2024-10-27,华东,家居,商品食品-00,4,99,396.0,门店
SO100956,2024-09-09,西南,数码,商品家居-01,2,79,158.0,门店
SO100957,2024-09-05,华北,数码,商品家居-00,3,49,147.0,线上商城
SO100958,2024-05-08,华北,数码,商品家居-00,1,99,99.0,经销商
SO100959,2024-10-29,华北,数码,商品食品-02,2,49,98.0,门店
SO100960,2024/02/13,华东,食品,商品食品-03,1,99,99.0,门店
SO100961,2024-03-11,华东,数码,商品食品-04,1,79,79.0,线上商城
SO100962,2024-02-17,西南,数码,商品家居-04,2,99,198.0,经销商
SO100963,2024-02-06,华南,家居,商品食品-01,1,79,79.0,经销商
SO100964,2024-07-03,华南,数码,商品数码-01,2,79,158.0,线上商城
SO100965,2024-12-08,西南,服饰,商品数码-02,2,49,98.0,门店
SO100966,2024-08-24,华北,服饰,商品食品-02,4,49,196.0,经销商
SO100967,2024-01-10,华北,食品,商品服饰-03,2,79,158.0,线上商城
SO100968,2024-09-15,西南,服饰,商品数码-01,1,79,79.0,门店
SO100969,2024-06-15,华中,数码,商品数码-01,4,79,316.0,经销商
SO100970,2024-06-02,华北,家居,商品服饰-03,4,49,196.0,经销商
SO100971,2024-03-07,华中,家居,商品家居-01,2,99,198.0,经销商
SO100972,2024-10-16,华东,家居,商品食品-00,2,49,98.0,经销商
SO100973,2024-06-14,华南,服饰,商品数码-03,1,99,99.0,门店
SO100974,2024-06-14,华东,服饰,商品数码-00,3,49,147.0,线上商城
SO100975,2024-06-19,,食品,商品服饰-02,2,79,158.0,经销商
SO100976,2024-08-28,华中,家居,商品食品-03,4,99,396.0,线上商城
SO100977,2024-08-18,西南,家居,商品食品-03,1,49,49.0,门店
SO100978,2024-02-20,华东,食品,商品食品-00,1,99,99.0,门店
SO100979,2024-09-24,西南,食品,商品数码-01,1,99,99.0,门店
SO100980,2024/03/30,华北,服饰,商品食品-04,3,99,297.0,经销商
SO100981,2024-06-02,华北,数码,商品数码-02,2,99,198.0,经销商
SO100982,2024-10-18,华北,数码,商品家居-04,3,99,297.0,门店
SO100983,2024-05-28,华中,服饰,商品数码-01,3,99,297.0,门店
SO100984,2024-02-04,华中,食品,商品数码-04,4,99,396.0,线上商城
SO100985,2024-08-25,华北,服饰,商品数码-00,2,99,198.0,门店
SO100986,2024-11-19,华东,数码,商品数码-01,4,99,396.0,经销商
SO100987,2024-11-23,华中,食品,商品服饰-03,2,79,158.0,线上商城
SO100988,2024-11-16,西南,服饰,商品数码-00,1,49,49.0,线上商城
SO100989,2024-07-28,华东,数码,商品服饰-00,1,99,99.0,经销商
SO100990,2024-09-17,华中,服饰,商品服饰-02,2,79,158.0,线上商城
SO100991,2024-09-11,华中,服饰,商品服饰-01,2,99,198.0,经销商
SO100992,2024-05-19,华东,食品,商品数码-04,1,49,49.0,线上商城
SO100993,2024-05-16,西南,家居,商品数码-04,3,99,297.0,门店
SO100994,2024-09-12,西南,数码,商品数码-04,1,49,49.0,经销商
SO100995,2024-09-11,华中,食品,商品数码-02,1,49,49.0,经销商
SO100996,2024-11-18,西南,食品,商品家居-03,3,79,237.0,经销商
SO100997,2024-10-02,华北,服饰,商品食品-04,4,79,316.0,门店
SO100998,2024-10-04,西南,服饰,商品服饰-03,1,79,79.0,门店
SO100999,2024-08-11,华中,服饰,商品数码-04,3,99,297.0,线上商城
SO101000,2024/03/08,华东,家居,商品家居-04,2,99,198.0,线上商城
SO101001,2024-06-13,华南,服饰,商品数码-02,1,99,99.0,门店
SO101002,2024-10-15,华南,家居,商品食品-03,2,49,98.0,门店
SO101003,2024-02-11,华中,服饰,商品家居-04,1,99,99.0,线上商城
SO101004,2024-12-08,华中,数码,商品家居-01,1,79,79.0,经销商
SO101005,2024-10-06,华南,家居,商品服饰-02,2,99,198.0,线上商城
SO101006,2024-10-14,华东,食品,商品家居-02,3,49,147.0,线上商城
SO101007,2024-06-11,华北,家居,商品数码-00,2,49,98.0,经销商
SO101008,2024-08-14,华东,家居,商品服饰-03,1,49,49.0,线上商城
SO101009,2024-05-15,华中,服饰,商品家居-03,4,79,316.0,经销商
SO101010,2024-07-22,华中,家居,商品服饰-02,1,79,79.0,经销商
SO101011,2024-04-21,华中,服饰,商品数码-01,2,99,198.0,门店
SO101012,2024-08-05,华中,食品,商品服饰-03,4,79,316.0,经销商
SO101013,2024-08-28,华东,数码,商品食品-01,3,79,237.0,线上商城
SO101014,2024-01-15,华北,数码,商品家居-00,4,49,196.0,线上商城
SO101015,2024-05-27,华东,数码,商品食品-00,2,99,198.0,门店
SO101016,2024-12-11,西南,服饰,商品食品-00,4,79,316.0,经销商
SO101017,2024-04-29,华南,家居,商品家居-03,2,99,198.0,门店
SO101018,2024-10-22,华东,食品,商品服饰-04,2,99,198.0,线上商城
SO101019,2024-08-22,华东,数码,商品数码-02,3,99,297.0,经销商
SO101020,2024/01/03,华南,数码,商品食品-01,3,49,147.0,线上商城
SO101021,2024-11-06,华中,食品,商品服饰-02,3,99,297.0,线上商城
SO101022,2024-05-11,华南,食品,商品数码-02,2,49,98.0,经销商
SO101023,2024-09-29,华北,服饰,商品食品-04,3,49,147.0,门店
SO101024,2024-04-29,华中,数码,商品食品-01,3,49,147.0,门店
SO101025,2024-10-18,华南,服饰,商品食品-03,2,79,158.0,经销商
SO101026,2024-01-23,西南,食品,商品服饰-03,1,79,79.0,门店
SO101027,2024-05-19,华中,食品,商品数码-00,3,79,237.0,线上商城
SO101028,2024-01-17,华东,服饰,商品家居-04,3,49,147.0,线上商城
SO101029,2024-04-15,华东,食品,商品服饰-03,4,99,396.0,门店
SO101030,2024-03-02,华南,数码,商品数码-03,3,79,237.0,门店
SO101031,2024-02-24,西南,数码,商品数码-04,4,99,396.0,线上商城
SO101032,2024-10-16,华南,家居,商品家居-02,3,99,297.0,经销商
SO101033,2024-07-01,西南,服饰,商品食品-00,2,99,198.0,线上商城
SO101034,2024-06-22,西南,家居,商品数码-01,3,79,237.0,门店
SO101035,2024-03-17,华北,家居,商品家居-02,1,49,49.0,门店
SO101036,2024-09-18,华中,服饰,商品服饰-02,1,99,99.0,经销商
SO101037,2024-02-27,华中,家居,商品家居-02,2,49,98.0,线上商城
SO101038,2024-03-25,华中,食品,商品服饰-04,3,49,147.0,经销商
SO101039,2024-06-22,华东,数码,商品服饰-01,2,79,158.0,经销商
SO101040,2024/07/25,华中,服饰,商品数码-01,1,49,49.0,经销商
SO101041,2024-12-14,西南,数码,商品数码-03,4,99,396.0,门店
SO101042,2024-04-24,华北,数码,商品服饰-02,1,99,99.0,门店
SO101043,2024-11-13,华南,数码,商品数码-00,3,99,297.0,门店
SO101044,2024-10-20,华中,服饰,商品家居-00,3,79,237.0,线上商城
SO101045,2024-09-01,华北,食品,商品数码-01,4,49,196.0,经销商
SO101046,2024-02-17,华东,数码,商品数码-00,4,99,396.0,经销商
SO101047,2024-07-25,西南,服饰,商品食品-02,4,49,196.0,门店
SO101048,2024-03-15,华东,食品,商品家居-00,4,49,196.0,线上商城
SO101049,2024-08-03,华北,食品,商品食品-01,2,49,98.0,线上商城
SO101050,2024-03-23,,数码,商品家居-01,4,79,316.0,经销商
SO101051,2024-02-15,华中,家居,商品食品-00,2,79,158.0,线上商城
SO101052,2024-04-30,华中,食品,商品服饰-03,3,49,147.0,线上商城
SO101053,2024-03-06,华中,服饰,商品服饰-00,3,79,237.0,经销商
SO101054,2024-03-11,西南,家居,商品服饰-03,2,99,198.0,线上商城
SO101055,2024-03-16,华东,数码,商品服饰-02,3,79,237.0,门店
SO101056,2024-07-20,华南,食品,商品家居-03,4,79,316.0,经销商
SO101057,2024-11-14,华中,数码,商品服饰-02,1,49,49.0,经销商
SO101058,2024-04-11,华北,数码,商品食品-03,1,99,99.0,经销商
SO101059,2024-02-15,华南,数码,商品数码-04,3,79,237.0,门店
SO101060,2024/07/04,华北,家居,商品数码-01,1,49,49.0,经销商
SO101061,2024-10-28,西南,服饰,商品服饰-03,4,49,196.0,经销商
SO101062,2024-11-15,华中,食品,商品食品-04,2,79,158.0,经销商
SO101063,2024-06-02,华东,数码,商品家居-02,4,99,396.0,门店
SO101064,2024-05-22,华中,家居,商品食品-02,4,99,396.0,线上商城
SO101065,2024-04-27,西南,服饰,商品数码-02,4,79,316.0,门店
SO101066,2024-08-16,华中,服饰,商品服饰-01,3,49,147.0,门店
SO101067,2024-10-06,华东,服饰,商品家居-00,1,79,79.0,线上商城
SO101068,2024-10-24,华北,家居,商品数码-03,1,99,99.0,门店
SO101069,2024-12-01,华北,数码,商品食品-03,3,99,297.0,经销商
SO101070,2024-03-10,华中,数码,商品家居-02,3,99,297.0,线上商城
SO101071,2024-02-19,西南,食品,商品服饰-04,3,99,297.0,经销商
SO101072,2024-02-21,华东,食品,商品服饰-04,4,99,396.0,线上商城
SO101073,2024-10-03,西南,服饰,商品数码-02,4,79,316.0,经销商
SO101074,2024-03-29,西南,服饰,商品服饰-04,4,49,196.0,经销商
SO101075,2024-03-29,西南,数码,商品数码-01,3,99,297.0,经销商
SO101076,2024-05-15,华中,数码,商品数码-01,3,49,147.0,线上商城
SO101077,2024-10-11,华北,服饰,商品数码-03,1,99,99.0,线上商城
SO101078,2024-02-16,华南,服饰,商品家居-04,4,99,396.0,线上商城
SO101079,2024-09-05,华南,数码,商品家居-00,3,99,297.0,门店
SO101080,2024/01/07,西南,数码,商品数码-02,1,49,49.0,经销商
SO101081,2024-12-18,西南,服饰,商品服饰-02,4,79,316.0,经销商
SO101082,2024-02-26,华北,服饰,商品数码-04,1,79,79.0,门店
SO101083,2024-02-21,华南,数码,商品家居-04,2,99,198.0,线上商城
SO101084,2024-08-22,华东,服饰,商品食品-03,2,49,98.0,线上商城
SO101085,2024-01-31,华东,食品,商品家居-03,2,49,98.0,经销商
SO101086,2024-09-16,西南,家居,商品食品-00,2,49,98.0,门店
SO101087,2024-12-02,西南,家居,商品家居-00,3,49,147.0,线上商城
SO101088,2024-02-08,华中,家居,商品数码-02,1,49,49.0,经销商
SO101089,2024-12-08,华北,食品,商品食品-04,4,79,316.0,经销商
SO101090,2024-05-19,华中,家居,商品家居-00,3,99,297.0,门店
SO101091,2024-04-25,华南,数码,商品数码-03,4,99,396.0,线上商城
SO101092,2024-11-17,华东,家居,商品服饰-00,3,49,147.0,经销商
SO101093,2024-12-12,华南,食品,商品服饰-01,3,99,297.0,经销商
SO101094,2024-04-03,西南,食品,商品服饰-03,3,99,297.0,经销商
SO101095,2024-03-11,华北,食品,商品家居-04,2,99,198.0,线上商城
SO101096,2024-11-21,华东,服饰,商品食品-00,4,49,196.0,门店
SO101097,2024-10-31,华南,数码,商品服饰-02,1,49,49.0,线上商城
SO101098,2024-06-17,华南,家居,商品家居-03,4,49,196.0,门店
SO101099,2024-05-16,西南,食品,商品数码-02,1,79,79.0,经销商
SO101100,2024/02/09,华中,服饰,商品家居-04,1,99,99.0,门店
SO101101,2024-05-18,华北,数码,商品食品-00,3,49,147.0,线上商城
SO101102,2024-03-06,华南,食品,商品数码-03,3,49,147.0,门店
SO101103,2024-07-17,西南,数码,商品数码-00,3,49,147.0,线上商城
SO101104,2024-06-08,西南,家居,商品食品-03,3,99,297.0,经销商
SO101105,2024-02-06,华中,家居,商品数码-01,3,79,237.0,门店
SO101106,2024-02-17,华南,数码,商品服饰-03,2,99,198.0,线上商城
SO101107,2024-12-11,华南,食品,商品服饰-02,4,49,196.0,门店
SO101108,2024-08-11,华南,服饰,商品食品-00,3,99,297.0,经销商
SO101109,2024-04-25,华中,服饰,商品服饰-01,3,79,237.0,经销商
SO101110,2024-12-05,华北,食品,商品食品-00,4,79,316.0,线上商城
SO101111,2024-09-14,华南,服饰,商品食品-03,1,79,79.0,经销商
SO101112,2024-05-06,西南,服饰,商品食品-03,4,49,196.0,经销商
SO101113,2024-05-16,华北,服饰,商品数码-02,2,79,158.0,线上商城
SO101114,2024-06-17,华东,家居,商品食品-03,1,79,79.0,门店
SO101115,2024-07-25,华南,食品,商品食品-01,2,79,158.0,经销商
SO101116,2024-06-11,华北,服饰,商品食品-03,4,99,396.0,门店
SO101117,2024-01-22,华中,数码,商品数码-04,4,49,196.0,线上商城
SO101118,2024-02-25,华南,服饰,商品家居-02,2,99,198.0,线上商城
SO101119,2024-06-15,华东,服饰,商品服饰-04,1,99,99.0,线上商城
SO101120,2024/02/11,西南,家居,商品家居-01,1,79,79.0,门店
SO101121,2024-11-23,华东,数码,商品服饰-03,3,79,237.0,线上商城
SO101122,2024-04-19,华中,服饰,商品食品-00,2,99,198.0,经销商
SO101123,2024-09-30,西南,数码,商品家居-00,2,99,198.0,门店
SO101124,2024-01-04,华南,食品,商品数码-00,1,99,99.0,经销商
SO101125,2024-03-28,,家居,商品服饰-02,1,49,49.0,线上商城
SO101126,2024-10-09,西南,食品,商品数码-02,1,49,49.0,门店
SO101127,2024-01-31,华北,食品,商品服饰-03,3,79,237.0,线上商城
SO101128,2024-10-20,华北,服饰,商品家居-00,1,79,79.0,线上商城
SO101129,2024-01-03,华中,服饰,商品家居-00,1,99,99.0,经销商
SO101130,2024-11-04,西南,数码,商品家居-02,3,99,297.0,线上商城
SO101131,2024-04-08,华东,食品,商品家居-04,2,79,158.0,线上商城
SO101132,2024-11-16,华东,服饰,商品服饰-04,1,49,49.0,线上商城
SO101133,2024-01-10,华南,食品,商品数码-01,3,49,147.0,经销商
SO101134,2024-02-20,西南,服饰,商品食品-02,1,49,49.0,门店
SO101135,2024-09-19,华南,家居,商品食品-00,4,79,316.0,门店
SO101136,2024-02-18,西南,家居,商品食品-04,1,79,79.0,门店
SO101137,2024-07-08,西南,家居,商品家居-01,2,99,198.0,线上商城
SO101138,2024-03-27,华北,数码,商品数码-04,4,49,196.0,门店
SO101139,2024-11-08,华南,家居,商品数码-02,4,99,396.0,经销商
SO101140,2024/08/09,西南,数码,商品食品-03,3,99,297.0,线上商城
SO101141,2024-04-19,西南,家居,商品食品-03,3,99,297.0,线上商城
SO101142,2024-06-25,西南,家居,商品数码-04,2,49,98.0,门店
SO101143,2024-01-29,华北,数码,商品食品-03,2,49,98.0,经销商
SO101144,2024-10-15,华北,服饰,商品食品-04,4,79,316.0,线上商城
SO101145,2024-11-26,西南,数码,商品家居-00,2,79,158.0,线上商城
SO101146,2024-02-11,华北,食品,商品服饰-02,2,49,98.0,经销商
SO101147,2024-01-31,西南,数码,商品数码-03,1,49,49.0,经销商
SO101148,2024-05-15,华中,数码,商品食品-04,1,79,79.0,门店
SO101149,2024-10-22,华东,服饰,商品服饰-02,4,79,316.0,经销商
SO101150,2024-04-06,华东,食品,商品食品-04,3,49,147.0,经销商
SO101151,2024-10-22,华东,食品,商品数码-00,1,79,79.0,门店
SO101152,2024-10-29,华东,数码,商品服饰-04,3,79,237.0,线上商城
SO101153,2024-12-14,华东,数码,商品服饰-03,2,99,198.0,门店
SO101154,2024-06-25,西南,食品,商品家居-02,2,49,98.0,经销商
SO101155,2024-10-12,华北,服饰,商品服饰-01,4,99,396.0,经销商
SO101156,2024-12-25,华南,食品,商品食品-00,1,99,99.0,线上商城
SO101157,2024-06-10,华中,食品,商品数码-04,2,49,98.0,门店
SO101158,2024-12-03,华中,数码,商品食品-00,2,79,158.0,经销商
SO101159,2024-11-29,华南,数码,商品数码-02,4,99,396.0,经销商
SO101160,2024/10/10,华中,食品,商品服饰-02,3,49,147.0,经销商
SO101161,2024-04-05,华中,家居,商品家居-03,2,49,98.0,经销商
SO101162,2024-10-25,华中,数码,商品食品-04,1,99,99.0,经销商
SO101163,2024-02-27,华南,数码,商品食品-04,2,49,98.0,线上商城
SO101164,2024-11-16,华东,服饰,商品家居-00,1,99,99.0,线上商城
SO101165,2024-05-23,西南,家居,商品服饰-04,2,99,198.0,线上商城
SO101166,2024-07-17,华北,数码,商品数码-04,4,99,396.0,经销商
SO101167,2024-05-31,华中,家居,商品食品-04,1,99,99.0,线上商城
SO101168,2024-12-20,华北,食品,商品数码-01,3,49,147.0,线上商城
SO101169,2024-09-29,华北,数码,商品食品-03,1,99,99.0,经销商
SO101170,2024-05-10,华中,数码,商品食品-03,4,99,396.0,门店
SO101171,2024-06-18,华中,食品,商品食品-02,3,79,237.0,经销商
SO101172,2024-10-27,华北,数码,商品家居-03,4,49,196.0,经销商
SO101173,2024-04-01,华东,服饰,商品服饰-03,4,79,316.0,门店
SO101174,2024-03-27,西南,数码,商品家居-00,3,79,237.0,线上商城
SO101175,2024-03-28,华南,数码,商品数码-00,3,99,297.0,线上商城
SO101176,2024-03-15,华中,食品,商品食品-03,1,49,49.0,线上商城
SO101177,2024-08-08,华南,服饰,商品服饰-03,4,49,196.0,门店
SO101178,2024-09-11,西南,数码,商品食品-02,4,99,396.0,线上商城
SO101179,2024-11-06,华东,食品,商品服饰-02,1,49,49.0,线上商城
SO101180,2024/07/28,华北,服饰,商品服饰-03,3,79,237.0,经销商
SO101181,2024-08-08,华中,服饰,商品数码-01,2,99,198.0,线上商城
SO101182,2024-02-17,华北,家居,商品家居-01,1,79,79.0,经销商
SO101183,2024-10-14,华北,家居,商品家居-00,1,49,49.0,门店
SO101184,2024-08-12,华中,服饰,商品食品-02,4,49,196.0,线上商城
SO101185,2024-05-17,华中,数码,商品家居-03,3,49,147.0,线上商城
SO101186,2024-03-26,华南,服饰,商品家居-04,1,79,79.0,经销商
SO101187,2024-12-13,西南,数码,商品数码-00,3,49,147.0,门店
SO101188,2024-03-25,华中,家居,商品食品-01,3,99,297.0,经销商
SO101189,2024-04-19,西南,食品,商品家居-02,1,49,49.0,门店
SO101190,2024-07-05,华北,数码,商品数码-02,1,49,49.0,线上商城
SO101191,2024-09-20,华南,家居,商品食品-00,2,99,198.0,门店
SO101192,2024-05-31,华北,家居,商品食品-00,2,49,98.0,线上商城
SO101193,2024-10-03,西南,服饰,商品服饰-03,4,49,196.0,线上商城
SO101194,2024-05-16,华南,家居,商品家居-04,3,49,147.0,线上商城
SO101195,2024-12-11,华中,数码,商品食品-01,1,49,49.0,线上商城
SO101196,2024-06-15,华中,服饰,商品家居-02,1,79,79.0,门店
SO101197,2024-10-05,华中,服饰,商品家居-04,1,49,49.0,线上商城
SO101198,2024-02-05,华中,服饰,商品食品-01,4,49,196.0,经销商
SO101199,2024-02-24,华南,家居,商品食品-04,2,99,198.0,经销商
SO101200,2024/03/12,,服饰,商品服饰-02,4,79,316.0,线上商城
SO101201,2024-06-04,华南,食品,商品食品-01,1,49,49.0,门店
SO101202,2024-10-16,华东,家居,商品服饰-02,2,79,158.0,线上商城
SO101203,2024-07-27,华东,服饰,商品家居-03,3,99,297.0,线上商城
SO101204,2024-06-03,华东,服饰,商品服饰-02,4,99,396.0,线上商城
SO101205,2024-09-04,华中,数码,商品家居-02,3,49,147.0,经销商
SO101206,2024-02-10,华北,家居,商品数码-01,3,79,237.0,线上商城
SO101207,2024-03-18,华北,食品,商品家居-01,1,79,79.0,线上商城
SO101208,2024-03-29,华中,数码,商品家居-04,4,49,196.0,经销商
SO101209,2024-01-16,华南,数码,商品食品-00,2,99,198.0,线上商城
SO101210,2024-04-12,华北,食品,商品服饰-02,2,49,98.0,门店
SO101211,2024-03-06,华南,数码,商品食品-04,3,49,147.0,线上商城
SO101212,2024-12-14,华中,食品,商品食品-03,4,99,396.0,线上商城
SO101213,2024-09-10,华北,服饰,商品数码-00,4,99,396.0,线上商城
SO101214,2024-01-14,西南,家居,商品食品-01,4,99,396.0,线上商城
SO101215,2024-12-16,华南,服饰,商品服饰-01,3,79,237.0,门店
SO101216,2024-12-03,华南,数码,商品数码-02,3,79,237.0,线上商城
SO101217,2024-12-03,华中,数码,商品食品-01,2,79,158.0,门店
SO101218,2024-11-13,华南,数码,商品家居-00,4,99,396.0,经销商
SO101219,2024-04-08,华中,家居,商品食品-01,3,49,147.0,门店
SO101220,2024/08/09,西南,食品,商品数码-01,2,99,198.0,经销商
SO101221,2024-04-09,华南,数码,商品食品-01,1,99,99.0,门店
SO101222,2024-09-17,华北,数码,商品食品-04,4,99,396.0,门店
SO101223,2024-05-17,华南,家居,商品食品-03,3,99,297.0,经销商
SO101224,2024-08-01,华北,数码,商品家居-00,4,99,396.0,门店
SO101225,2024-01-06,华东,数码,商品食品-00,2,79,158.0,线上商城
SO101226,2024-03-25,华中,服饰,商品数码-01,3,49,147.0,线上商城
SO101227,2024-02-19,西南,食品,商品食品-01,2,79,158.0,线上商城
SO101228,2024-06-12,华中,服饰,商品家居-02,3,49,147.0,门店
SO101229,2024-08-06,华东,服饰,商品服饰-00,4,99,396.0,线上商城
SO101230,2024-04-24,华北,服饰,商品服饰-02,3,99,297.0,线上商城
SO101231,2024-01-20,华南,家居,商品家居-03,1,79,79.0,经销商
SO101232,2024-10-23,华中,食品,商品家居-02,2,99,198.0,门店
SO101233,2024-08-14,华南,服饰,商品食品-01,1,99,99.0,线上商城
SO101234,2024-05-12,华北,食品,商品数码-04,3,49,147.0,线上商城
SO101235,2024-07-08,华东,食品,商品服饰-01,1,49,49.0,经销商
SO101236,2024-02-13,华北,数码,商品数码-02,2,79,158.0,门店
SO101237,2024-11-24,华中,家居,商品服饰-01,2,79,158.0,门店
SO101238,2024-04-02,华南,家居,商品家居-03,4,49,196.0,经销商
SO101239,2024-01-10,西南,服饰,商品服饰-01,2,99,198.0,经销商
SO101240,2024/06/11,华东,服饰,商品食品-03,4,99,396.0,经销商
SO101241,2024-03-29,华中,服饰,商品数码-04,4,49,196.0,经销商
SO101242,2024-07-25,西南,服饰,商品食品-02,1,99,99.0,门店
SO101243,2024-01-03,西南,服饰,商品服饰-00,4,79,316.0,门店
SO101244,2024-02-13,华南,食品,商品数码-02,1,99,99.0,门店
SO101245,2024-11-04,华北,数码,商品食品-00,2,99,198.0,经销商
SO101246,2024-07-09,华中,食品,商品家居-02,4,79,316.0,线上商城
SO101247,2024-03-14,西南,服饰,商品服饰-00,2,99,198.0,门店
SO101248,2024-01-27,西南,服饰,商品家居-00,2,79,158.0,线上商城
SO101249,2024-04-28,华北,食品,商品食品-04,3,79,237.0,经销商
SO101250,2024-09-12,华东,食品,商品家居-00,2,99,198.0,线上商城
SO101251,2024-05-17,华南,食品,商品食品-04,3,99,297.0,线上商城
SO101252,2024-06-08,华中,食品,商品家居-03,3,49,147.0,线上商城
SO101253,2024-04-05,西南,家居,商品服饰-03,1,49,49.0,门店
SO101254,2024-02-09,华东,数码,商品食品-00,2,49,98.0,经销商
SO101255,2024-03-21,华北,数码,商品食品-03,4,99,396.0,线上商城
SO101256,2024-12-05,华东,数码,商品食品-02,3,99,297.0,经销商
SO101257,2024-11-05,华南,家居,商品家居-02,4,49,196.0,线上商城
SO101258,2024-07-09,华南,服饰,商品数码-03,1,99,99.0,门店
SO101259,2024-11-29,华南,服饰,商品家居-00,1,49,49.0,门店
SO101260,2024/06/01,西南,数码,商品服饰-02,3,49,147.0,门店
SO101261,2024-10-29,华东,服饰,商品家居-02,2,79,158.0,线上商城
SO101262,2024-07-05,西南,服饰,商品家居-00,3,49,147.0,门店
SO101263,2024-01-11,华南,数码,商品家居-03,1,49,49.0,门店
SO101264,2024-01-07,华东,服饰,商品食品-00,2,99,198.0,线上商城
SO101265,2024-08-09,西南,家居,商品数码-03,2,79,158.0,经销商
SO101266,2024-02-21,华东,数码,商品数码-04,1,49,49.0,经销商
SO101267,2024-11-12,华东,食品,商品食品-03,4,99,396.0,经销商
SO101268,2024-10-19,华北,家居,商品食品-01,4,79,316.0,经销商
SO101269,2024-06-25,华东,服饰,商品服饰-03,4,49,196.0,门店
SO101270,2024-05-02,华北,食品,商品数码-02,2,49,98.0,线上商城
SO101271,2024-08-10,华北,家居,商品食品-04,2,49,98.0,门店
SO101272,2024-05-01,华南,食品,商品服饰-02,2,79,158.0,门店
SO101273,2024-03-20,西南,家居,商品家居-00,4,49,196.0,经销商
SO101274,2024-07-23,华东,食品,商品服饰-01,3,79,237.0,线上商城
SO101275,2024-07-10,,食品,商品数码-01,3,49,147.0,经销商
SO101276,2024-09-26,华南,食品,商品服饰-04,4,79,316.0,门店
SO101277,2024-11-03,华南,食品,商品家居-03,2,49,98.0,经销商
SO101278,2024-06-17,华中,家居,商品食品-02,3,79,237.0,门店
SO101279,2024-11-12,华东,食品,商品家居-00,3,99,297.0,线上商城
SO101280,2024/02/11,华东,数码,商品服饰-04,3,99,297.0,门店
SO101281,2024-04-02,华中,食品,商品服饰-04,3,99,297.0,门店
SO101282,2024-05-01,华北,食品,商品数码-02,2,99,198.0,线上商城
SO101283,2024-09-14,西南,家居,商品数码-00,2,79,158.0,门店
SO101284,2024-05-14,华北,数码,商品食品-03,1,79,79.0,经销商
SO101285,2024-09-30,华北,家居,商品食品-00,3,99,297.0,经销商
SO101286,2024-10-02,华南,服饰,商品数码-01,2,79,158.0,经销商
SO101287,2024-01-01,西南,数码,商品数码-00,1,79,79.0,经销商
SO101288,2024-03-04,华北,家居,商品家居-01,4,99,396.0,门店
SO101289,2024-05-25,华东,服饰,商品服饰-00,4,79,316.0,线上商城
SO101290,2024-01-17,华北,服饰,商品食品-04,1,49,49.0,门店
SO101291,2024-06-17,华北,食品,商品服饰-02,1,99,99.0,线上商城
SO101292,2024-02-08,华中,家居,商品服饰-04,1,49,49.0,门店
SO101293,2024-07-10,华南,数码,商品服饰-01,3,49,147.0,经销商
SO101294,2024-04-23,华东,服饰,商品家居-01,4,49,196.0,线上商城
SO101295,2024-07-03,华东,家居,商品家居-04,2,79,158.0,线上商城
SO101296,2024-04-08,华中,食品,商品数码-04,1,99,99.0,线上商城
SO101297,2024-08-30,华中,家居,商品服饰-03,3,49,147.0,线上商城
SO101298,2024-11-28,华南,服饰,商品数码-02,2,99,198.0,门店
SO101299,2024-02-17,西南,食品,商品数码-00,4,79,316.0,门店
SO101300,2024/10/11,西南,数码,商品食品-04,3,79,237.0,经销商
SO101301,2024-05-22,华南,数码,商品家居-01,4,99,396.0,线上商城
SO101302,2024-06-11,西南,家居,商品家居-00,4,79,316.0,经销商
SO101303,2024-04-18,西南,数码,商品家居-02,4,99,396.0,经销商
SO101304,2024-01-24,华北,数码,商品食品-01,3,49,147.0,门店
SO101305,2024-06-11,华中,食品,商品家居-03,4,79,316.0,经销商
SO101306,2024-12-09,华东,食品,商品服饰-04,3,99,297.0,经销商
SO101307,2024-03-01,华北,家居,商品食品-01,4,79,316.0,门店
SO101308,2024-10-18,西南,家居,商品食品-01,1,79,79.0,经销商
SO101309,2024-10-19,华北,食品,商品家居-03,2,99,198.0,经销商
SO101310,2024-03-22,华东,食品,商品服饰-03,4,49,196.0,门店
SO101311,2024-03-11,华中,服饰,商品数码-00,2,79,158.0,经销商
SO101312,2024-03-22,华中,数码,商品家居-02,2,99,198.0,经销商
SO101313,2024-10-23,华中,食品,商品服饰-02,3,99,297.0,门店
SO101314,2024-11-10,华东,数码,商品食品-00,4,79,316.0,门店
SO101315,2024-01-14,西南,食品,商品服饰-04,4,99,396.0,经销商
SO101316,2024-08-16,华北,数码,商品服饰-03,1,49,49.0,门店
SO101317,2024-01-15,华东,服饰,商品家居-01,4,49,196.0,线上商城
SO101318,2024-05-06,华东,家居,商品服饰-01,1,99,99.0,线上商城
SO101319,2024-04-30,华北,服饰,商品家居-01,1,79,80000.0,经销商
SO101320,2024/11/01,华中,食品,商品食品-03,4,49,196.0,线上商城
SO101321,2024-02-20,华中,食品,商品家居-02,3,79,237.0,经销商
SO101322,2024-02-07,华北,数码,商品服饰-00,4,99,396.0,线上商城
SO101323,2024-10-13,华南,食品,商品服饰-03,2,49,98.0,经销商
SO101324,2024-10-14,华东,数码,商品家居-02,4,99,396.0,经销商
SO101325,2024-12-09,华南,数码,商品家居-01,2,79,158.0,经销商
SO101326,2024-12-24,华中,家居,商品服饰-01,1,79,79.0,线上商城
SO101327,2024-04-25,华东,家居,商品服饰-03,3,49,147.0,线上商城
SO101328,2024-07-26,西南,食品,商品食品-04,1,99,99.0,门店
SO101329,2024-01-20,华东,食品,商品食品-01,1,79,79.0,线上商城
SO101330,2024-02-24,华东,服饰,商品数码-00,4,49,196.0,经销商
SO101331,2024-12-01,西南,数码,商品食品-00,4,79,316.0,经销商
SO101332,2024-04-08,西南,家居,商品服饰-02,1,49,49.0,线上商城
SO101333,2024-01-31,华中,食品,商品数码-01,2,49,98.0,门店
SO101334,2024-07-09,华北,食品,商品家居-03,4,99,396.0,线上商城
SO101335,2024-11-18,华东,服饰,商品食品-01,3,99,297.0,门店
SO101336,2024-02-09,华北,数码,商品服饰-01,1,49,49.0,线上商城
SO101337,2024-12-16,华中,数码,商品家居-04,2,79,158.0,经销商
SO101338,2024-02-21,华中,数码,商品数码-01,3,99,297.0,门店
SO101339,2024-08-24,华东,数码,商品家居-02,3,49,147.0,经销商
SO101340,2024/01/29,华中,数码,商品食品-01,4,49,196.0,经销商
SO101341,2024-02-18,华东,食品,商品食品-00,2,99,198.0,门店
SO101342,2024-01-05,华东,食品,商品食品-00,3,49,147.0,经销商
SO101343,2024-05-16,华北,数码,商品数码-01,1,79,79.0,经销商
SO101344,2024-02-06,华北,服饰,商品食品-02,3,49,147.0,经销商
SO101345,2024-07-01,西南,家居,商品服饰-03,3,99,297.0,线上商城
SO101346,2024-02-03,华北,食品,商品数码-04,3,79,237.0,经销商
SO101347,2024-07-30,华中,食品,商品服饰-03,1,49,49.0,门店
SO101348,2024-07-06,华北,食品,商品数码-01,4,79,316.0,门店
SO101349,2024-06-09,华南,服饰,商品家居-04,3,49,147.0,门店
SO101350,2024-07-06,,食品,商品食品-04,3,49,147.0,线上商城
SO101351,2024-01-17,西南,家居,商品服饰-04,2,79,158.0,门店
SO101352,2024-01-14,华东,家居,商品家居-00,3,79,237.0,线上商城
SO101353,2024-11-05,华南,家居,商品家居-03,4,99,396.0,线上商城
SO101354,2024-03-25,华中,食品,商品服饰-03,3,49,147.0,线上商城
SO101355,2024-09-21,西南,服饰,商品服饰-02,4,49,196.0,线上商城
SO101356,2024-11-23,华东,家居,商品数码-02,2,99,198.0,门店
SO101357,2024-07-12,华北,服饰,商品服饰-02,1,49,49.0,门店
SO101358,2024-09-13,华北,数码,商品食品-02,4,79,316.0,经销商
SO101359,2024-09-12,西南,食品,商品数码-01,4,79,316.0,门店
SO101360,2024/06/02,华东,食品,商品食品-04,1,99,99.0,线上商城
SO101361,2024-08-08,西南,服饰,商品家居-01,1,99,99.0,门店
SO101362,2024-10-21,华东,食品,商品家居-00,1,79,79.0,门店
SO101363,2024-12-15,华东,食品,商品数码-04,2,79,158.0,线上商城
SO101364,2024-03-19,华北,数码,商品服饰-00,2,49,98.0,门店
SO101365,2024-11-14,华东,数码,商品食品-03,2,99,198.0,门店
SO101366,2024-02-27,华中,食品,商品家居-00,4,79,316.0,线上商城
SO101367,2024-11-09,西南,食品,商品服饰-03,1,99,99.0,门店
SO101368,2024-05-14,华南,服饰,商品服饰-04,2,79,158.0,门店
SO101369,2024-06-13,华东,家居,商品食品-03,4,79,316.0,经销商
SO101370,2024-08-26,华中,数码,商品食品-04,4,99,396.0,经销商
SO101371,2024-04-28,西南,家居,商品家居-00,1,49,49.0,经销商
SO101372,2024-09-02,华东,家居,商品食品-02,4,99,396.0,经销商
SO101373,2024-12-17,华北,服饰,商品家居-00,2,99,198.0,门店
SO101374,2024-07-18,西南,家居,商品服饰-02,3,79,237.0,线上商城
SO101375,2024-05-11,华南,家居,商品家居-00,1,49,49.0,门店
SO101376,2024-01-11,华东,服饰,商品数码-00,4,79,316.0,经销商
SO101377,2024-06-23,华北,食品,商品数码-04,2,99,198.0,门店
SO101378,2024-05-30,西南,食品,商品服饰-04,2,79,158.0,门店
SO101379,2024-09-22,华中,家居,商品数码-01,4,49,196.0,线上商城
SO101380,2024/05/15,华北,数码,商品数码-02,2,49,98.0,经销商
SO101381,2024-03-13,西南,数码,商品服饰-04,2,49,98.0,经销商
SO101382,2024-10-04,华南,数码,商品家居-02,2,49,98.0,门店
SO101383,2024-05-09,华南,家居,商品数码-00,4,49,196.0,线上商城
SO101384,2024-11-06,华中,服饰,商品数码-03,3,99,297.0,线上商城
SO101385,2024-06-19,华南,服饰,商品家居-03,3,99,297.0,经销商
SO101386,2024-05-12,华南,服饰,商品数码-02,2,49,98.0,经销商
SO101387,2024-04-08,华东,食品,商品食品-04,2,99,198.0,门店
SO101388,2024-02-11,华东,数码,商品服饰-01,4,49,196.0,经销商
SO101389,2024-01-30,华中,数码,商品食品-02,3,99,297.0,线上商城
SO101390,2024-08-24,华南,食品,商品服饰-01,2,49,98.0,经销商
SO101391,2024-04-02,西南,家居,商品食品-02,1,49,49.0,线上商城
SO101392,2024-09-17,西南,数码,商品家居-00,2,79,158.0,线上商城
SO101393,2024-12-17,华东,家居,商品数码-04,3,99,297.0,门店
SO101394,2024-01-30,华南,食品,商品服饰-03,1,49,49.0,经销商
SO101395,2024-02-09,华北,家居,商品食品-01,3,79,237.0,线上商城
SO101396,2024-12-05,华北,数码,商品服饰-00,4,99,396.0,经销商
SO101397,2024-06-24,华中,数码,商品服饰-02,2,99,198.0,线上商城
SO101398,2024-12-01,华南,食品,商品数码-04,3,49,147.0,线上商城
SO101399,2024-02-29,华中,食品,商品服饰-01,2,99,198.0,线上商城
SO101400,2024/06/12,华东,服饰,商品家居-04,3,79,237.0,经销商
SO101401,2024-08-13,华东,食品,商品数码-01,2,99,198.0,门店
SO101402,2024-02-09,华东,家居,商品服饰-03,4,99,396.0,线上商城
SO101403,2024-03-21,华中,食品,商品数码-01,2,99,198.0,门店
SO101404,2024-09-20,华东,家居,商品家居-00,2,49,98.0,门店
SO101405,2024-05-15,华东,家居,商品家居-01,2,79,158.0,门店
SO101406,2024-09-06,华中,服饰,商品家居-00,3,79,237.0,线上商城
SO101407,2024-02-27,西南,服饰,商品数码-04,1,79,79.0,线上商城
SO101408,2024-07-04,华南,数码,商品家居-00,3,99,297.0,线上商城
SO101409,2024-02-23,华中,服饰,商品家居-00,2,49,98.0,经销商
SO101410,2024-05-23,华北,食品,商品食品-04,1,99,99.0,门店
SO101411,2024-01-28,华中,食品,商品家居-01,1,79,79.0,经销商
SO101412,2024-04-11,华东,服饰,商品数码-04,4,99,396.0,经销商
SO101413,2024-09-17,华北,家居,商品数码-04,4,79,316.0,线上商城
SO101414,2024-07-28,华东,服饰,商品服饰-00,1,79,79.0,门店
SO101415,2024-11-08,华中,服饰,商品家居-02,1,99,99.0,线上商城
SO101416,2024-06-22,华中,家居,商品服饰-00,4,99,396.0,线上商城
SO101417,2024-03-27,华北,数码,商品家居-00,2,49,98.0,门店
SO101418,2024-04-07,西南,家居,商品数码-00,1,49,49.0,门店
SO101419,2024-08-25,西南,数码,商品食品-04,3,49,147.0,线上商城
SO101420,2024/02/29,华中,数码,商品家居-00,2,99,198.0,经销商
SO101421,2024-12-05,华北,食品,商品数码-02,1,49,49.0,线上商城
SO101422,2024-08-25,华南,食品,商品服饰-02,1,99,99.0,线上商城
SO101423,2024-06-20,华中,家居,商品服饰-04,3,49,147.0,门店
SO101424,2024-11-24,西南,食品,商品服饰-00,4,79,316.0,经销商
SO101425,2024-08-13,,服饰,商品服饰-04,3,79,237.0,门店
SO101426,2024-10-13,华东,数码,商品数码-04,4,79,316.0,门店
SO101427,2024-07-09,西南,食品,商品食品-03,3,79,237.0,门店
SO101428,2024-09-13,华中,食品,商品服饰-02,4,79,316.0,线上商城
SO101429,2024-06-27,华南,食品,商品家居-01,1,79,79.0,经销商
SO101430,2024-03-13,华中,数码,商品服饰-01,3,79,237.0,门店
SO101431,2024-07-16,华中,服饰,商品食品-03,1,49,49.0,门店
SO101432,2024-04-05,华中,食品,商品食品-00,2,99,198.0,经销商
SO101433,2024-11-23,华东,家居,商品食品-03,4,79,316.0,经销商
SO101434,2024-08-21,华南,食品,商品数码-01,2,99,198.0,线上商城
SO101435,2024-04-14,华东,服饰,商品家居-04,4,79,316.0,经销商
SO101436,2024-01-11,西南,数码,商品食品-00,1,79,79.0,经销商
SO101437,2024-08-05,华北,数码,商品食品-03,2,49,98.0,线上商城
SO101438,2024-12-12,华北,服饰,商品家居-04,1,49,49.0,线上商城
SO101439,2024-08-06,西南,食品,商品服饰-01,1,79,79.0,线上商城
SO101440,2024/07/08,华南,食品,商品数码-01,4,79,316.0,经销商
SO101441,2024-01-29,华中,数码,商品食品-01,2,79,158.0,门店
SO101442,2024-08-29,华南,数码,商品家居-01,2,99,198.0,经销商
SO101443,2024-06-07,华中,食品,商品食品-02,2,99,198.0,线上商城
SO101444,2024-04-18,西南,服饰,商品食品-04,3,79,237.0,门店
SO101445,2024-06-04,华南,数码,商品数码-02,2,79,158.0,线上商城
SO101446,2024-05-01,华北,服饰,商品数码-03,4,79,316.0,线上商城
SO101447,2024-09-17,华南,食品,商品家居-03,1,99,99.0,线上商城
SO101448,2024-01-02,西南,服饰,商品服饰-04,3,49,147.0,线上商城
SO101449,2024-01-04,华南,服饰,商品服饰-02,3,99,297.0,线上商城
SO101450,2024-06-09,华东,家居,商品数码-01,3,99,297.0,经销商
SO101451,2024-08-07,华北,家居,商品家居-03,2,79,158.0,经销商
SO101452,2024-08-01,华北,家居,商品数码-01,4,49,196.0,线上商城
SO101453,2024-12-17,华东,数码,商品服饰-00,3,79,237.0,门店
SO101454,2024-12-14,华南,食品,商品食品-02,1,49,49.0,经销商
SO101455,2024-06-06,华东,数码,商品数码-04,4,99,396.0,线上商城
SO101456,2024-12-25,西南,家居,商品服饰-01,4,79,316.0,门店
SO101457,2024-02-11,华南,数码,商品数码-00,2,99,198.0,线上商城
SO101458,2024-05-01,华中,服饰,商品食品-03,4,49,196.0,经销商
SO101459,2024-08-09,华南,食品,商品食品-04,4,49,196.0,门店
SO101460,2024/09/01,西南,数码,商品食品-02,2,99,198.0,经销商
SO101461,2024-08-18,华中,食品,商品服饰-04,2,49,98.0,线上商城
SO101462,2024-12-02,华中,服饰,商品服饰-01,1,49,49.0,线上商城
SO101463,2024-02-11,华南,家居,商品数码-02,2,99,198.0,门店
SO101464,2024-04-06,西南,家居,商品食品-03,4,49,196.0,线上商城
SO101465,2024-03-15,华东,食品,商品家居-00,3,79,237.0,经销商
SO101466,2024-03-19,西南,食品,商品数码-00,2,79,158.0,门店
SO101467,2024-04-20,华南,数码,商品服饰-03,3,79,237.0,线上商城
SO101468,2024-05-30,华南,数码,商品食品-02,4,49,196.0,线上商城
SO101469,2024-10-27,西南,服饰,商品数码-02,1,99,99.0,门店
SO101470,2024-03-31,西南,服饰,商品服饰-03,4,49,196.0,经销商
SO101471,2024-05-20,华中,家居,商品服饰-04,1,79,79.0,经销商
SO101472,2024-04-18,华北,数码,商品数码-04,2,49,98.0,经销商
SO101473,2024-06-01,华北,数码,商品家居-02,4,79,316.0,门店
SO101474,2024-12-15,华北,食品,商品食品-01,3,49,147.0,经销商
SO101475,2024-02-24,华北,数码,商品食品-01,4,79,316.0,门店
SO101476,2024-05-17,华东,服饰,商品服饰-04,1,79,79.0,门店
SO101477,2024-02-23,华中,服饰,商品数码-00,4,99,396.0,线上商城
SO101478,2024-01-04,华南,家居,商品家居-03,1,79,79.0,门店
SO101479,2024-07-08,华中,食品,商品家居-00,1,49,49.0,线上商城
SO101480,2024/12/12,华东,食品,商品数码-02,1,99,99.0,经销商
SO101481,2024-05-24,西南,食品,商品服饰-00,4,99,396.0,经销商
SO101482,2024-10-11,华北,服饰,商品服饰-02,4,79,316.0,线上商城
SO101483,2024-09-25,华东,家居,商品家居-03,3,99,297.0,线上商城
SO101484,2024-08-24,华东,服饰,商品数码-04,2,49,98.0,线上商城
SO101485,2024-12-23,西南,数码,商品服饰-00,4,99,396.0,线上商城
SO101486,2024-10-04,华东,服饰,商品数码-03,4,79,316.0,门店
SO101487,2024-01-09,西南,数码,商品家居-04,4,79,316.0,经销商
SO101488,2024-11-13,华中,家居,商品食品-04,4,49,196.0,经销商
SO101489,2024-09-15,西南,数码,商品家居-01,1,49,49.0,经销商
SO101490,2024-08-18,华南,家居,商品服饰-00,2,99,198.0,线上商城
SO101491,2024-09-22,华北,服饰,商品数码-04,4,99,396.0,经销商
SO101492,2024-10-18,华南,服饰,商品食品-04,1,99,99.0,门店
SO101493,2024-11-28,华南,数码,商品家居-04,1,49,49.0,门店
SO101494,2024-05-05,西南,数码,商品家居-00,1,99,99.0,经销商
SO101495,2024-05-10,华南,服饰,商品服饰-03,1,79,79.0,门店
SO101496,2024-05-25,西南,家居,商品数码-00,1,99,99.0,线上商城
SO101497,2024-12-25,华中,服饰,商品服饰-02,3,99,297.0,线上商城
SO101498,2024-05-17,华中,家居,商品家居-03,1,99,99.0,经销商
SO101499,2024-04-02,西南,服饰,商品服饰-00,1,79,79.0,线上商城
SO101500,2024/09/10,,服饰,商品数码-02,2,49,98.0,线上商城
SO101501,2024-07-05,华中,数码,商品食品-04,3,49,147.0,门店
SO101502,2024-08-05,西南,数码,商品食品-02,4,49,196.0,线上商城
SO101503,2024-01-04,华北,数码,商品服饰-01,2,49,98.0,经销商
SO101504,2024-10-08,华南,家居,商品家居-00,2,99,198.0,线上商城
SO101505,2024-06-22,西南,家居,商品家居-04,3,99,297.0,门店
SO101506,2024-11-01,华北,服饰,商品数码-03,3,79,237.0,经销商
SO101507,2024-09-25,华中,家居,商品食品-00,4,79,316.0,线上商城
SO101508,2024-03-16,华东,数码,商品食品-04,4,99,396.0,经销商
SO101509,2024-07-11,华东,数码,商品服饰-03,1,49,49.0,门店
SO101510,2024-06-24,华北,数码,商品服饰-01,2,79,158.0,经销商
SO101511,2024-05-28,华北,食品,商品服饰-00,1,49,49.0,线上商城
SO101512,2024-02-15,华中,数码,商品数码-04,1,99,99.0,经销商
SO101513,2024-01-22,华南,家居,商品数码-02,3,99,297.0,线上商城
SO101514,2024-10-05,华东,家居,商品家居-03,2,99,198.0,线上商城
SO101515,2024-12-21,华东,数码,商品家居-04,1,99,99.0,门店
SO101516,2024-05-25,华南,数码,商品食品-01,1,79,79.0,门店
SO101517,2024-10-11,西南,数码,商品食品-02,3,49,147.0,门店
SO101518,2024-11-08,华东,数码,商品数码-01,1,49,49.0,门店
SO101519,2024-08-09,西南,数码,商品食品-04,3,49,147.0,经销商
SO101520,2024/09/25,西南,数码,商品数码-01,3,79,237.0,门店
SO101521,2024-06-04,西南,服饰,商品数码-01,2,49,98.0,经销商
SO101522,2024-09-09,华中,数码,商品服饰-01,2,79,158.0,经销商
SO101523,2024-11-14,华南,家居,商品家居-01,2,99,198.0,门店
SO101524,2024-05-08,华中,食品,商品数码-02,1,99,99.0,线上商城
SO101525,2024-10-19,华中,食品,商品数码-01,1,99,99.0,线上商城
SO101526,2024-03-21,西南,食品,商品服饰-02,1,99,99.0,门店
SO101527,2024-10-17,华中,服饰,商品服饰-01,3,49,147.0,门店
SO101528,2024-08-18,华南,家居,商品服饰-03,2,49,98.0,经销商
SO101529,2024-08-24,华东,家居,商品数码-02,2,99,198.0,经销商
SO101530,2024-07-24,华北,家居,商品食品-03,3,49,147.0,线上商城
SO101531,2024-12-16,华中,服饰,商品数码-02,1,99,99.0,门店
SO101532,2024-12-24,华北,数码,商品服饰-03,4,49,196.0,线上商城
SO101533,2024-09-16,华东,数码,商品食品-01,3,79,237.0,经销商
SO101534,2024-09-26,华中,食品,商品家居-01,1,49,49.0,经销商
SO101535,2024-03-14,西南,食品,商品食品-04,1,49,49.0,线上商城
SO101536,2024-09-09,华南,服饰,商品数码-02,4,79,316.0,线上商城
SO101537,2024-05-23,华东,数码,商品食品-02,1,99,99.0,经销商
SO101538,2024-06-14,华南,服饰,商品数码-01,2,99,198.0,经销商
SO101539,2024-08-10,华中,服饰,商品服饰-01,1,49,49.0,线上商城
SO101540,2024/05/19,西南,数码,商品家居-03,4,49,196.0,线上商城
SO101541,2024-01-21,华东,家居,商品数码-00,3,79,237.0,门店
SO101542,2024-04-17,华南,食品,商品数码-02,1,49,49.0,线上商城
SO101543,2024-03-17,华北,数码,商品家居-00,1,49,49.0,经销商
SO101544,2024-08-05,西南,食品,商品数码-02,3,99,297.0,经销商
SO101545,2024-06-17,华中,食品,商品家居-01,1,99,99.0,经销商
SO101546,2024-05-08,西南,服饰,商品服饰-03,2,79,158.0,线上商城
SO101547,2024-07-30,华南,服饰,商品服饰-00,2,79,158.0,门店
SO101548,2024-11-26,华北,食品,商品家居-01,4,49,196.0,经销商
SO101549,2024-07-07,华中,食品,商品家居-01,4,99,396.0,线上商城
SO101550,2024-10-30,华中,食品,商品食品-00,1,99,99.0,经销商
SO101551,2024-10-11,华东,数码,商品数码-04,1,49,49.0,经销商
SO101552,2024-07-11,西南,服饰,商品数码-00,3,49,147.0,经销商
SO101553,2024-09-06,华中,食品,商品服饰-02,3,49,147.0,线上商城
SO101554,2024-01-01,华北,服饰,商品家居-00,2,49,98.0,经销商
SO101555,2024-03-10,华东,数码,商品服饰-04,4,49,196.0,线上商城
SO101556,2024-03-04,华北,食品,商品服饰-03,4,99,396.0,经销商
SO101557,2024-05-08,华中,家居,商品食品-02,1,79,79.0,线上商城
SO101558,2024-10-06,华东,数码,商品服饰-00,1,99,99.0,门店
SO101559,2024-07-01,华南,服饰,商品数码-00,3,99,297.0,线上商城
SO101560,2024/01/10,华东,服饰,商品数码-01,2,99,198.0,线上商城
SO101561,2024-03-18,华南,服饰,商品数码-00,4,79,316.0,经销商
SO101562,2024-06-11,华中,服饰,商品数码-00,1,99,99.0,线上商城
SO101563,2024-07-15,华南,服饰,商品服饰-02,2,99,198.0,门店
SO101564,2024-07-25,华东,家居,商品服饰-03,4,99,396.0,门店
SO101565,2024-04-26,华南,数码,商品家居-04,4,49,196.0,线上商城
SO101566,2024-12-13,华中,食品,商品数码-03,3,49,147.0,经销商
SO101567,2024-04-30,华中,家居,商品服饰-00,2,49,98.0,经销商
SO101568,2024-03-24,华南,食品,商品服饰-01,2,99,198.0,线上商城
SO101569,2024-12-15,华东,服饰,商品家居-01,1,49,49.0,门店
SO101570,2024-12-26,华南,数码,商品食品-01,1,99,99.0,经销商
SO101571,2024-10-02,华东,服饰,商品食品-02,4,49,196.0,线上商城
SO101572,2024-12-16,华南,服饰,商品食品-01,3,49,147.0,线上商城
SO101573,2024-04-14,华东,家居,商品家居-00,3,79,237.0,经销商
SO101574,2024-08-04,西南,数码,商品数码-03,2,49,98.0,线上商城
SO101575,2024-03-27,,食品,商品家居-00,4,99,396.0,门店
SO101576,2024-09-20,华中,家居,商品服饰-01,3,49,147.0,门店
SO101577,2024-08-04,华南,家居,商品食品-04,2,79,158.0,门店
SO101578,2024-01-15,西南,食品,商品服饰-01,3,79,237.0,经销商
SO101579,2024-05-05,华东,服饰,商品数码-03,1,79,79.0,经销商
SO101580,2024/11/08,华中,家居,商品服饰-02,2,79,158.0,门店
SO101581,2024-09-06,华南,家居,商品服饰-04,3,79,237.0,经销商
SO101582,2024-10-02,华北,家居,商品数码-04,1,49,49.0,线上商城
SO101583,2024-05-15,西南,数码,商品家居-02,3,79,237.0,经销商
SO101584,2024-03-10,华北,数码,商品食品-01,4,99,396.0,经销商
SO101585,2024-09-29,华南,数码,商品数码-03,4,49,196.0,经销商
SO101586,2024-07-07,西南,服饰,商品家居-00,3,49,147.0,线上商城
SO101587,2024-05-24,华中,家居,商品数码-04,3,49,147.0,经销商
SO101588,2024-02-25,西南,服饰,商品食品-04,4,99,396.0,门店
SO101589,2024-11-28,华东,家居,商品数码-00,3,49,147.0,经销商
SO101590,2024-08-16,华东,家居,商品食品-01,4,49,196.0,门店
SO101591,2024-06-06,西南,服饰,商品服饰-02,3,99,297.0,线上商城
SO101592,2024-02-17,西南,家居,商品食品-00,1,79,79.0,门店
SO101593,2024-08-30,华南,家居,商品家居-00,2,99,198.0,线上商城
SO101594,2024-04-17,西南,服饰,商品服饰-01,2,99,198.0,门店
SO101595,2024-12-17,西南,数码,商品家居-02,3,49,147.0,线上商城
SO101596,2024-11-06,华北,数码,商品食品-00,4,79,316.0,线上商城
SO101597,2024-11-18,华北,数码,商品服饰-03,3,99,297.0,门店
SO101598,2024-07-18,华中,家居,商品服饰-01,3,49,147.0,线上商城
SO101599,2024-03-26,华北,数码,商品家居-04,3,79,237.0,线上商城
SO101600,2024/09/29,华北,数码,商品服饰-01,1,79,79.0,门店
SO101601,2024-09-21,华东,数码,商品数码-04,3,79,237.0,经销商
SO101602,2024-09-17,西南,家居,商品家居-04,3,79,237.0,门店
SO101603,2024-08-31,西南,家居,商品服饰-04,4,49,196.0,门店
SO101604,2024-04-11,西南,数码,商品食品-03,1,49,49.0,门店
SO101605,2024-02-18,华南,食品,商品食品-03,1,79,79.0,门店
SO101606,2024-11-22,西南,服饰,商品服饰-01,1,79,79.0,门店
SO101607,2024-08-06,华南,食品,商品数码-02,1,99,99.0,线上商城
SO101608,2024-05-28,华南,食品,商品食品-03,3,49,147.0,门店
SO101609,2024-04-08,华北,食品,商品家居-04,1,49,49.0,线上商城
SO101610,2024-04-12,西南,食品,商品服饰-02,2,99,198.0,门店
SO101611,2024-12-18,华南,服饰,商品数码-00,2,79,158.0,线上商城
SO101612,2024-11-10,西南,数码,商品服饰-00,3,49,147.0,线上商城
SO101613,2024-11-28,华北,服饰,商品服饰-02,4,99,396.0,门店
SO101614,2024-12-18,华北,家居,商品服饰-03,1,49,49.0,线上商城
SO101615,2024-12-15,华南,服饰,商品数码-02,1,49,49.0,门店
SO101616,2024-04-07,华东,服饰,商品数码-03,4,99,396.0,经销商
SO101617,2024-09-01,西南,服饰,商品家居-03,4,79,316.0,经销商
SO101618,2024-01-04,华东,服饰,商品服饰-01,1,99,99.0,线上商城
SO101619,2024-08-19,华北,食品,商品服饰-04,2,99,198.0,经销商
SO101620,2024/08/06,华南,家居,商品服饰-02,3,99,297.0,门店
SO101621,2024-08-23,华南,服饰,商品家居-03,2,79,158.0,经销商
SO101622,2024-08-27,华南,数码,商品家居-02,2,79,158.0,门店
SO101623,2024-06-30,华东,家居,商品家居-02,4,99,396.0,经销商
SO101624,2024-07-02,华南,食品,商品食品-01,4,99,396.0,经销商
SO101625,2024-03-30,华北,家居,商品服饰-01,2,99,198.0,线上商城
SO101626,2024-04-29,西南,数码,商品家居-02,4,49,196.0,经销商
SO101627,2024-12-22,西南,食品,商品服饰-03,3,99,297.0,经销商
SO101628,2024-02-25,华中,服饰,商品服饰-03,2,79,158.0,经销商
SO101629,2024-01-11,华南,服饰,商品数码-02,1,99,80000.0,经销商
SO101630,2024-11-28,西南,食品,商品数码-03,2,79,158.0,线上商城
SO101631,2024-11-21,华南,数码,商品数码-01,4,49,196.0,线上商城
SO101632,2024-02-15,华东,食品,商品数码-01,2,79,158.0,经销商
SO101633,2024-05-27,华南,家居,商品食品-00,2,79,158.0,经销商
SO101634,2024-10-25,华南,食品,商品食品-02,3,49,147.0,经销商
SO101635,2024-04-02,华南,家居,商品数码-03,4,79,316.0,经销商
SO101636,2024-08-03,西南,数码,商品数码-00,3,49,147.0,线上商城
SO101637,2024-05-18,华南,食品,商品食品-00,4,49,196.0,线上商城
SO101638,2024-10-12,华东,服饰,商品数码-01,2,99,198.0,门店
SO101639,2024-03-24,华南,家居,商品家居-04,1,49,49.0,门店
SO101640,2024/10/21,华南,食品,商品服饰-01,4,99,396.0,线上商城
SO101641,2024-10-16,西南,食品,商品服饰-04,1,99,99.0,线上商城
SO101642,2024-01-19,华中,服饰,商品数码-00,1,79,79.0,门店
SO101643,2024-11-25,西南,食品,商品数码-00,4,79,316.0,线上商城
SO101644,2024-12-21,华东,服饰,商品食品-03,1,79,79.0,经销商
SO101645,2024-11-14,华南,食品,商品数码-00,1,79,79.0,线上商城
SO101646,2024-05-18,西南,食品,商品数码-03,1,79,79.0,线上商城
SO101647,2024-08-23,西南,数码,商品家居-01,2,99,198.0,经销商
SO101648,2024-04-23,华东,家居,商品家居-03,2,99,198.0,经销商
SO101649,2024-11-27,华南,数码,商品家居-01,4,49,196.0,线上商城
SO101650,2024-10-14,,数码,商品家居-04,3,99,297.0,经销商
SO101651,2024-06-04,西南,食品,商品食品-02,4,49,196.0,线上商城
SO101652,2024-11-09,华北,数码,商品家居-03,3,99,297.0,经销商
SO101653,2024-01-05,华东,服饰,商品食品-02,4,99,396.0,线上商城
SO101654,2024-07-17,西南,食品,商品服饰-04,4,79,316.0,线上商城
SO101655,2024-03-22,华中,数码,商品数码-00,3,49,147.0,线上商城
SO101656,2024-03-28,华东,数码,商品食品-02,4,49,196.0,门店
SO101657,2024-03-27,华中,家居,商品数码-02,3,99,297.0,经销商
SO101658,2024-01-09,华南,服饰,商品服饰-00,3,79,237.0,门店
SO101659,2024-04-15,华北,食品,商品服饰-03,3,99,297.0,门店
SO101660,2024/01/24,华南,服饰,商品家居-04,1,79,79.0,门店
SO101661,2024-10-27,西南,家居,商品服饰-03,4,99,396.0,线上商城
SO101662,2024-02-01,华南,数码,商品服饰-02,4,79,316.0,门店
SO101663,2024-09-13,华南,数码,商品服饰-01,1,49,49.0,线上商城
SO101664,2024-06-27,华东,家居,商品家居-00,1,79,79.0,门店
SO101665,2024-02-04,华东,服饰,商品食品-01,3,99,297.0,线上商城
SO101666,2024-05-30,西南,家居,商品食品-02,1,49,49.0,线上商城
SO101667,2024-11-21,西南,数码,商品服饰-03,4,99,396.0,门店
SO101668,2024-06-12,华东,食品,商品服饰-04,3,99,297.0,门店
SO101669,2024-11-01,华南,食品,商品家居-02,2,79,158.0,门店
SO101670,2024-02-27,华南,食品,商品食品-02,2,99,198.0,经销商
SO101671,2024-01-18,华南,食品,商品数码-01,4,49,196.0,经销商
SO101672,2024-10-25,华南,家居,商品服饰-00,1,49,49.0,门店
SO101673,2024-06-19,华中,服饰,商品数码-00,4,79,316.0,线上商城
SO101674,2024-10-21,华东,服饰,商品食品-00,3,49,147.0,经销商
SO101675,2024-08-26,华北,数码,商品家居-04,4,99,396.0,线上商城
SO101676,2024-12-08,华中,数码,商品家居-01,3,79,237.0,线上商城
SO101677,2024-03-31,华南,数码,商品数码-03,2,79,158.0,门店
SO101678,2024-09-12,华中,家居,商品服饰-03,1,79,79.0,经销商
SO101679,2024-08-24,华南,数码,商品服饰-01,3,99,297.0,经销商
SO101680,2024/04/30,华东,服饰,商品食品-01,3,99,297.0,经销商
SO101681,2024-08-04,华南,家居,商品家居-01,4,49,196.0,线上商城
SO101682,2024-08-23,华东,数码,商品家居-00,1,79,79.0,线上商城
SO101683,2024-01-02,华中,食品,商品家居-01,2,99,198.0,经销商
SO101684,2024-05-31,华东,食品,商品服饰-00,1,49,49.0,线上商城
SO101685,2024-04-13,华中,服饰,商品家居-04,2,99,198.0,门店
SO101686,2024-11-05,华北,数码,商品食品-03,1,49,49.0,经销商
SO101687,2024-03-20,华北,食品,商品食品-01,1,79,79.0,经销商
SO101688,2024-06-13,西南,数码,商品服饰-02,2,49,98.0,经销商
SO101689,2024-05-10,西南,家居,商品服饰-04,3,99,297.0,经销商
SO101690,2024-05-27,西南,数码,商品家居-02,2,99,198.0,门店
SO101691,2024-07-10,西南,服饰,商品家居-04,1,79,79.0,门店
SO101692,2024-02-05,华东,食品,商品食品-02,1,99,99.0,门店
SO101693,2024-12-27,西南,服饰,商品服饰-03,1,99,99.0,门店
SO101694,2024-02-02,华中,家居,商品服饰-03,1,49,49.0,经销商
SO101695,2024-03-31,华中,家居,商品服饰-00,1,49,49.0,线上商城
SO101696,2024-02-02,西南,家居,商品数码-03,2,79,158.0,经销商
SO101697,2024-11-09,华中,家居,商品数码-02,4,49,196.0,经销商
SO101698,2024-07-29,华南,食品,商品家居-04,4,49,196.0,线上商城
SO101699,2024-01-27,西南,食品,商品家居-02,3,79,237.0,经销商
SO101700,2024/12/23,西南,服饰,商品数码-01,3,79,237.0,门店
SO101701,2024-07-16,华中,数码,商品数码-00,2,49,98.0,门店
SO101702,2024-08-09,华东,服饰,商品数码-01,2,49,98.0,经销商
SO101703,2024-03-01,华东,数码,商品食品-03,4,49,196.0,门店
SO101704,2024-07-11,华北,数码,商品数码-01,1,49,49.0,门店
SO101705,2024-06-28,西南,数码,商品服饰-01,2,79,158.0,线上商城
SO101706,2024-08-17,华中,服饰,商品食品-02,3,99,297.0,经销商
SO101707,2024-03-06,华北,家居,商品数码-03,3,79,237.0,门店
SO101708,2024-03-25,华北,家居,商品家居-00,2,79,158.0,门店
SO101709,2024-10-12,华南,服饰,商品服饰-04,3,79,237.0,线上商城
SO101710,2024-11-19,华中,家居,商品食品-00,3,99,297.0,门店
SO101711,2024-10-23,华中,数码,商品家居-04,3,99,297.0,经销商
SO101712,2024-08-30,华北,食品,商品数码-04,2,79,158.0,线上商城
SO101713,2024-10-21,华东,食品,商品家居-03,3,99,297.0,线上商城
SO101714,2024-11-30,华北,数码,商品数码-03,2,79,158.0,经销商
SO101715,2024-03-29,西南,家居,商品数码-03,3,49,147.0,门店
SO101716,2024-09-16,西南,家居,商品数码-03,4,99,396.0,门店
SO101717,2024-06-29,华东,数码,商品服饰-01,2,99,198.0,门店
SO101718,2024-11-17,华中,家居,商品数码-04,4,79,316.0,门店
SO101719,2024-04-02,华中,服饰,商品家居-00,1,49,49.0,线上商城
SO101720,2024/08/06,西南,食品,商品数码-00,1,79,79.0,线上商城
SO101721,2024-06-16,华东,食品,商品家居-03,4,79,316.0,门店
SO101722,2024-10-13,华北,服饰,商品数码-04,2,79,158.0,门店
SO101723,2024-11-05,华中,服饰,商品家居-00,4,99,396.0,经销商
SO101724,2024-11-28,华北,服饰,商品数码-03,4,49,196.0,线上商城
SO101725,2024-05-08,,家居,商品家居-03,1,99,99.0,门店
SO101726,2024-03-03,华东,食品,商品数码-04,2,79,158.0,门店
SO101727,2024-01-27,华北,服饰,商品服饰-04,3,49,147.0,门店
SO101728,2024-01-09,华北,服饰,商品数码-03,4,49,196.0,线上商城
SO101729,2024-09-28,华东,家居,商品数码-04,3,99,297.0,门店
SO101730,2024-06-11,华中,服饰,商品家居-04,4,49,196.0,线上商城
SO101731,2024-01-20,西南,数码,商品食品-03,1,99,99.0,线上商城
SO101732,2024-07-08,华东,食品,商品食品-04,3,49,147.0,线上商城
SO101733,2024-01-04,华南,数码,商品数码-00,2,49,98.0,线上商城
SO101734,2024-08-31,西南,服饰,商品家居-04,1,49,49.0,线上商城
SO101735,2024-07-09,华南,食品,商品数码-04,2,49,98.0,线上商城
SO101736,2024-11-27,华北,数码,商品家居-00,4,79,316.0,门店
SO101737,2024-02-15,华中,服饰,商品数码-00,2,49,98.0,线上商城
SO101738,2024-03-08,华东,家居,商品数码-04,2,79,158.0,门店
SO101739,2024-05-13,西南,食品,商品数码-03,4,79,316.0,门店
SO101740,2024/03/13,华北,数码,商品食品-01,1,49,49.0,线上商城
SO101741,2024-11-09,华北,食品,商品数码-01,4,49,196.0,门店
SO101742,2024-08-26,华中,食品,商品服饰-01,2,49,98.0,门店
SO101743,2024-10-18,华南,食品,商品服饰-02,1,79,79.0,门店
SO101744,2024-06-28,华东,数码,商品数码-04,2,79,158.0,线上商城
SO101745,2024-08-10,华南,服饰,商品数码-01,1,79,79.0,经销商
SO101746,2024-08-10,华东,家居,商品食品-00,2,49,98.0,线上商城
SO101747,2024-02-06,华中,数码,商品数码-04,4,49,196.0,线上商城
SO101748,2024-05-14,华东,食品,商品服饰-04,3,99,297.0,经销商
SO101749,2024-03-16,华东,家居,商品服饰-04,1,49,49.0,经销商
SO101750,2024-07-30,华北,食品,商品食品-00,3,49,147.0,线上商城
SO101751,2024-01-06,西南,家居,商品家居-01,3,79,237.0,经销商
SO101752,2024-03-30,华中,服饰,商品食品-00,2,99,198.0,线上商城
SO101753,2024-10-02,华中,数码,商品数码-03,3,49,147.0,线上商城
SO101754,2024-11-09,华南,数码,商品数码-03,2,49,98.0,门店
SO101755,2024-12-20,华中,数码,商品服饰-02,4,79,316.0,门店
SO101756,2024-03-07,华南,家居,商品食品-04,3,49,147.0,门店
SO101757,2024-01-17,华北,数码,商品家居-01,1,79,79.0,门店
SO101758,2024-07-31,西南,数码,商品数码-02,3,49,147.0,线上商城
SO101759,2024-10-04,华南,数码,商品数码-00,4,99,396.0,门店
SO101760,2024/01/04,华东,食品,商品家居-04,1,79,79.0,经销商
SO101761,2024-10-13,华中,食品,商品食品-01,3,49,147.0,经销商
SO101762,2024-08-30,西南,服饰,商品家居-03,2,49,98.0,门店
SO101763,2024-12-17,华中,数码,商品食品-01,2,49,98.0,门店
SO101764,2024-01-06,华东,家居,商品食品-01,1,99,99.0,线上商城
SO101765,2024-03-12,华北,数码,商品食品-03,2,79,158.0,经销商
SO101766,2024-01-17,华东,服饰,商品服饰-01,1,49,49.0,线上商城
SO101767,2024-02-29,西南,食品,商品食品-02,1,79,79.0,线上商城
SO101768,2024-05-08,华南,食品,商品家居-03,4,49,196.0,门店
SO101769,2024-06-02,华北,数码,商品数码-02,4,49,196.0,经销商
SO101770,2024-02-02,华南,数码,商品食品-01,2,99,198.0,门店
SO101771,2024-04-28,西南,食品,商品数码-03,1,49,49.0,经销商
SO101772,2024-12-25,西南,家居,商品数码-03,3,79,237.0,经销商
SO101773,2024-05-18,西南,数码,商品食品-02,4,49,196.0,经销商
SO101774,2024-07-06,华东,家居,商品家居-00,2,49,98.0,经销商
SO101775,2024-07-17,华南,家居,商品食品-01,2,79,158.0,经销商
SO101776,2024-09-23,华北,食品,商品服饰-00,4,49,196.0,经销商
SO101777,2024-01-10,西南,服饰,商品食品-01,3,79,237.0,线上商城
SO101778,2024-04-17,华中,服饰,商品服饰-01,3,99,297.0,经销商
SO101779,2024-08-14,华中,服饰,商品数码-02,2,99,198.0,门店
SO101780,2024/10/22,华中,家居,商品服饰-03,3,49,147.0,经销商
SO101781,2024-10-26,华中,服饰,商品家居-00,1,79,79.0,经销商
SO101782,2024-06-17,华北,食品,商品数码-03,4,79,316.0,门店
SO101783,2024-11-25,华东,服饰,商品数码-01,3,79,237.0,门店
SO101784,2024-07-25,华中,食品,商品数码-01,3,49,147.0,经销商
SO101785,2024-11-08,西南,家居,商品数码-03,2,79,158.0,门店
SO101786,2024-01-05,华中,服饰,商品服饰-04,3,49,147.0,线上商城
SO101787,2024-10-04,华中,数码,商品服饰-03,1,99,99.0,线上商城
SO101788,2024-07-17,华中,数码,商品数码-04,2,49,98.0,门店
SO101789,2024-02-03,西南,数码,商品服饰-04,2,99,198.0,线上商城
SO101790,2024-02-16,西南,服饰,商品数码-00,1,79,79.0,门店
SO101791,2024-05-11,华中,家居,商品服饰-02,2,49,98.0,门店
SO101792,2024-02-05,华中,服饰,商品食品-03,3,99,297.0,门店
SO101793,2024-02-23,西南,服饰,商品数码-01,1,99,99.0,门店
SO101794,2024-04-28,华北,数码,商品食品-03,4,79,316.0,门店
SO101795,2024-04-21,华中,数码,商品家居-02,4,79,316.0,门店
SO101796,2024-02-06,华中,食品,商品服饰-01,3,99,297.0,门店
SO101797,2024-01-16,华南,家居,商品数码-01,3,49,147.0,线上商城
SO101798,2024-10-01,西南,食品,商品服饰-01,2,99,198.0,经销商
SO101799,2024-09-13,华中,数码,商品服饰-04,1,49,49.0,门店
SO101800,2024/05/03,,数码,商品家居-02,1,79,79.0,门店
SO101801,2024-07-21,华南,食品,商品服饰-03,1,49,49.0,门店
SO101802,2024-09-20,华南,食品,商品数码-01,1,79,79.0,线上商城
SO101803,2024-10-21,西南,食品,商品家居-01,1,99,99.0,线上商城
SO101804,2024-01-28,华北,数码,商品食品-03,3,99,297.0,门店
SO101805,2024-09-06,华南,数码,商品数码-00,2,99,198.0,经销商
SO101806,2024-09-14,华中,数码,商品食品-02,2,99,198.0,经销商
SO101807,2024-09-09,华中,数码,商品服饰-02,1,49,49.0,经销商
SO101808,2024-08-13,华中,服饰,商品家居-03,3,79,237.0,经销商
SO101809,2024-02-14,华北,数码,商品数码-02,1,79,79.0,经销商
SO101810,2024-09-09,华中,食品,商品食品-02,2,99,198.0,线上商城
SO101811,2024-02-02,华中,食品,商品食品-03,1,79,79.0,线上商城
SO101812,2024-07-31,华南,食品,商品家居-00,3,49,147.0,经销商
SO101813,2024-03-15,华东,家居,商品食品-03,4,49,196.0,经销商
SO101814,2024-03-31,华北,家居,商品食品-01,2,79,158.0,门店
SO101815,2024-11-08,华北,服饰,商品数码-02,3,79,237.0,经销商
SO101816,2024-04-05,华东,服饰,商品服饰-00,4,49,196.0,经销商
SO101817,2024-07-16,华北,家居,商品数码-03,1,49,49.0,门店
SO101818,2024-12-03,华南,家居,商品家居-01,3,99,297.0,线上商城
SO101819,2024-04-11,华北,家居,商品食品-03,3,79,237.0,线上商城
SO101820,2024/06/05,华中,数码,商品食品-01,1,49,49.0,门店
SO101821,2024-03-08,华中,食品,商品数码-04,2,49,98.0,经销商
SO101822,2024-01-06,华中,家居,商品服饰-01,2,49,98.0,经销商
SO101823,2024-03-31,华中,家居,商品食品-03,2,49,98.0,线上商城
SO101824,2024-08-15,华南,家居,商品家居-04,3,49,147.0,线上商城
SO101825,2024-03-20,华北,食品,商品服饰-02,4,79,316.0,线上商城
SO101826,2024-03-13,西南,服饰,商品家居-03,1,99,99.0,门店
SO101827,2024-11-05,华东,数码,商品服饰-01,4,99,396.0,经销商
SO101828,2024-05-31,华中,服饰,商品家居-04,3,99,297.0,线上商城
SO101829,2024-11-16,华南,家居,商品家居-02,4,49,196.0,门店
SO101830,2024-04-22,华北,数码,商品家居-03,4,99,396.0,经销商
SO101831,2024-01-25,华中,食品,商品食品-00,4,49,196.0,线上商城
SO101832,2024-04-08,华南,数码,商品食品-01,2,49,98.0,门店
SO101833,2024-03-07,西南,数码,商品家居-01,1,79,79.0,门店
SO101834,2024-10-09,华中,数码,商品家居-01,2,49,98.0,经销商
SO101835,2024-11-12,西南,食品,商品服饰-01,2,99,198.0,线上商城
SO101836,2024-10-24,华南,食品,商品服饰-01,1,49,49.0,线上商城
SO101837,2024-07-01,华南,数码,商品食品-02,2,99,198.0,线上商城
SO101838,2024-07-07,华中,数码,商品服饰-02,4,49,196.0,门店
SO101839,2024-03-05,华南,家居,商品服饰-02,2,79,158.0,线上商城
SO101840,2024/12/23,华中,服饰,商品数码-03,4,49,196.0,线上商城
SO101841,2024-07-10,华中,服饰,商品数码-04,4,49,196.0,门店
SO101842,2024-12-09,华东,服饰,商品服饰-03,2,79,158.0,线上商城
SO101843,2024-08-20,西南,服饰,商品服饰-02,1,99,99.0,线上商城
SO101844,2024-07-21,华南,服饰,商品服饰-00,2,79,158.0,线上商城
SO101845,2024-03-18,西南,服饰,商品家居-01,4,49,196.0,门店
SO101846,2024-04-19,华南,食品,商品食品-00,4,49,196.0,门店
SO101847,2024-04-27,华中,食品,商品数码-02,1,99,99.0,门店
SO101848,2024-11-18,华南,服饰,商品服饰-03,1,79,79.0,经销商
SO101849,2024-07-27,西南,家居,商品家居-00,1,99,99.0,经销商
SO101850,2024-02-04,华东,家居,商品家居-03,4,79,316.0,门店
SO101851,2024-06-15,西南,服饰,商品家居-02,2,79,158.0,线上商城
SO101852,2024-07-14,华东,家居,商品服饰-01,4,49,196.0,线上商城
SO101853,2024-04-10,华东,数码,商品家居-03,3,99,297.0,经销商
SO101854,2024-03-15,西南,家居,商品服饰-03,3,49,147.0,门店
SO101855,2024-01-27,华南,服饰,商品服饰-01,1,79,79.0,门店
SO101856,2024-11-10,华北,数码,商品家居-00,1,49,49.0,门店
SO101857,2024-01-15,西南,服饰,商品食品-03,1,99,99.0,经销商
SO101858,2024-12-23,华中,家居,商品服饰-01,3,49,147.0,经销商
SO101859,2024-12-11,华东,家居,商品数码-01,4,79,316.0,门店
SO101860,2024/09/18,华北,数码,商品食品-02,1,49,49.0,门店
SO101861,2024-10-22,华中,服饰,商品食品-04,3,99,297.0,门店
SO101862,2024-08-25,西南,食品,商品服饰-00,2,79,158.0,经销商
SO101863,2024-03-09,华北,服饰,商品家居-03,1,79,79.0,经销商
SO101864,2024-07-15,华东,食品,商品数码-00,1,49,49.0,门店
SO101865,2024-11-15,华东,家居,商品食品-01,1,79,79.0,线上商城
SO101866,2024-11-06,西南,食品,商品食品-02,4,79,316.0,线上商城
SO101867,2024-09-10,华北,食品,商品家居-02,2,79,158.0,门店
SO101868,2024-10-31,华北,服饰,商品食品-04,1,99,99.0,门店
SO101869,2024-04-04,西南,服饰,商品家居-01,2,79,158.0,门店
SO101870,2024-10-24,华东,家居,商品家居-02,3,79,237.0,线上商城
SO101871,2024-11-11,华东,食品,商品食品-01,3,79,237.0,线上商城
SO101872,2024-03-26,华中,食品,商品服饰-00,1,99,99.0,门店
SO101873,2024-10-27,华南,食品,商品家居-04,2,79,158.0,门店
SO101874,2024-08-10,华中,家居,商品服饰-04,3,99,297.0,经销商
SO101875,2024-09-20,,数码,商品食品-03,1,79,79.0,经销商
SO101876,2024-03-21,华中,服饰,商品服饰-04,3,49,147.0,经销商
SO101877,2024-05-01,西南,数码,商品数码-04,4,49,196.0,线上商城
SO101878,2024-03-08,华东,数码,商品食品-03,1,99,99.0,门店
SO101879,2024-11-09,华中,家居,商品食品-02,4,99,396.0,门店
SO101880,2024/03/12,华东,数码,商品家居-01,3,79,237.0,线上商城
SO101881,2024-01-29,华东,家居,商品数码-01,2,49,98.0,门店
SO101882,2024-03-13,华中,家居,商品服饰-04,3,49,147.0,门店
SO101883,2024-11-15,华中,家居,商品食品-00,4,79,316.0,线上商城
SO101884,2024-04-19,西南,家居,商品食品-03,3,79,237.0,经销商
SO101885,2024-04-18,西南,家居,商品服饰-04,4,79,316.0,门店
SO101886,2024-11-10,华北,服饰,商品服饰-00,1,99,99.0,线上商城
SO101887,2024-02-25,华南,家居,商品服饰-02,3,49,147.0,线上商城
SO101888,2024-05-28,西南,数码,商品服饰-02,4,79,316.0,经销商
SO101889,2024-09-25,华北,数码,商品食品-04,4,79,316.0,线上商城
SO101890,2024-06-03,华东,服饰,商品食品-01,3,79,237.0,线上商城
SO101891,2024-10-16,西南,数码,商品服饰-00,1,99,99.0,经销商
SO101892,2024-01-03,华南,数码,商品服饰-04,2,49,98.0,经销商
SO101893,2024-06-29,华东,数码,商品服饰-01,3,49,147.0,门店
SO101894,2024-11-24,华东,食品,商品食品-02,4,49,196.0,经销商
SO101895,2024-02-07,华南,家居,商品数码-03,3,49,147.0,门店
SO101896,2024-04-05,华东,数码,商品数码-03,1,49,49.0,经销商
SO101897,2024-04-09,西南,家居,商品服饰-03,2,79,158.0,线上商城
SO101898,2024-12-07,华南,食品,商品服饰-02,4,99,396.0,经销商
SO101899,2024-06-11,华中,家居,商品家居-03,1,99,99.0,门店
SO101900,2024/06/29,华北,数码,商品服饰-02,1,49,49.0,线上商城
SO101901,2024-06-23,华南,食品,商品数码-02,2,79,158.0,门店
SO101902,2024-05-24,华东,食品,商品食品-02,2,79,158.0,经销商
SO101903,2024-12-28,华北,数码,商品服饰-03,1,99,99.0,经销商
SO101904,2024-09-23,华南,家居,商品家居-04,2,99,198.0,经销商
SO101905,2024-02-01,华东,数码,商品服饰-01,3,49,147.0,线上商城
SO101906,2024-07-26,华北,服饰,商品食品-03,2,49,98.0,门店
SO101907,2024-06-10,华北,数码,商品食品-03,1,79,79.0,经销商
SO101908,2024-10-19,西南,服饰,商品服饰-01,1,49,49.0,经销商
SO101909,2024-10-15,华北,食品,商品服饰-02,3,49,147.0,经销商
SO101910,2024-11-16,华南,数码,商品食品-02,3,99,297.0,门店
SO101911,2024-09-22,华南,食品,商品食品-01,2,49,98.0,门店
SO101912,2024-11-01,西南,服饰,商品家居-03,2,99,198.0,经销商
SO101913,2024-11-18,华北,服饰,商品家居-04,4,79,316.0,经销商
SO101914,2024-12-05,西南,食品,商品数码-04,1,49,49.0,线上商城
SO101915,2024-05-03,华东,家居,商品家居-01,4,49,196.0,线上商城
SO101916,2024-11-08,华中,食品,商品家居-01,3,79,237.0,门店
SO101917,2024-05-18,华东,食品,商品数码-01,4,49,196.0,门店
SO101918,2024-05-11,西南,食品,商品服饰-03,4,79,316.0,门店
SO101919,2024-01-14,华中,食品,商品家居-03,1,99,99.0,经销商
SO101920,2024/09/09,华北,食品,商品食品-02,1,79,79.0,经销商
SO101921,2024-02-02,华北,家居,商品数码-04,3,49,147.0,经销商
SO101922,2024-07-03,华南,数码,商品数码-03,4,79,316.0,门店
SO101923,2024-05-18,西南,数码,商品家居-03,2,49,98.0,门店
SO101924,2024-01-16,西南,数码,商品数码-02,4,99,396.0,门店
SO101925,2024-06-11,华中,数码,商品服饰-04,3,79,237.0,经销商
SO101926,2024-02-26,华北,服饰,商品服饰-01,1,49,49.0,经销商
SO101927,2024-03-02,西南,数码,商品家居-03,4,79,316.0,经销商
SO101928,2024-08-29,华北,服饰,商品家居-04,3,49,147.0,经销商
SO101929,2024-10-24,华南,数码,商品服饰-02,1,79,79.0,经销商
SO101930,2024-09-26,华中,数码,商品服饰-00,4,79,316.0,经销商
SO101931,2024-10-10,西南,食品,商品数码-03,4,79,316.0,线上商城
SO101932,2024-10-10,华北,家居,商品家居-02,1,99,99.0,经销商
SO101933,2024-06-17,华北,食品,商品服饰-03,2,99,198.0,经销商
SO101934,2024-03-04,华北,食品,商品家居-00,2,49,98.0,线上商城
SO101935,2024-01-09,华北,数码,商品家居-03,3,49,147.0,经销商
SO101936,2024-04-17,华北,家居,商品食品-04,4,79,316.0,门店
SO101937,2024-05-25,华南,食品,商品服饰-02,3,49,147.0,门店
SO101938,2024-09-11,华北,服饰,商品食品-02,4,99,396.0,经销商
SO101939,2024-03-06,华南,服饰,商品数码-00,2,79,158.0,门店
SO101940,2024/04/18,华北,服饰,商品服饰-04,3,99,297.0,门店
SO101941,2024-07-12,华北,家居,商品服饰-04,2,79,158.0,经销商
SO101942,2024-12-02,华北,食品,商品数码-02,3,49,147.0,经销商
SO101943,2024-09-14,华北,食品,商品服饰-01,1,99,99.0,线上商城
SO101944,2024-07-16,华东,数码,商品数码-04,2,79,158.0,线上商城
SO101945,2024-04-28,华南,食品,商品服饰-00,1,49,49.0,门店
SO101946,2024-01-21,华中,食品,商品数码-04,2,79,158.0,线上商城
SO101947,2024-10-02,华中,数码,商品食品-00,1,99,99.0,门店
SO101948,2024-02-28,华南,数码,商品食品-03,1,99,99.0,经销商
SO101949,2024-05-02,西南,服饰,商品家居-03,1,49,49.0,线上商城
SO101950,2024-12-15,,服饰,商品家居-03,3,49,147.0,门店
SO101951,2024-06-07,华东,数码,商品数码-03,4,79,316.0,门店
SO101952,2024-11-23,西南,家居,商品家居-03,2,79,158.0,门店
SO101953,2024-04-17,西南,家居,商品家居-00,3,79,237.0,经销商
SO101954,2024-10-05,华北,数码,商品数码-04,1,99,99.0,经销商
SO101955,2024-12-10,华东,数码,商品食品-00,1,99,99.0,经销商
SO101956,2024-11-27,西南,家居,商品服饰-03,1,79,79.0,经销商
SO101957,2024-11-03,华北,数码,商品数码-04,3,99,297.0,线上商城
SO101958,2024-12-06,华中,服饰,商品家居-03,3,79,237.0,经销商
SO101959,2024-12-01,华中,家居,商品家居-02,1,49,49.0,门店
SO101960,2024/11/22,西南,服饰,商品食品-03,4,99,396.0,经销商
SO101961,2024-07-11,华南,服饰,商品数码-02,4,79,316.0,线上商城
SO101962,2024-09-23,西南,家居,商品数码-04,2,99,198.0,线上商城
SO101963,2024-04-23,西南,服饰,商品食品-00,3,49,147.0,门店
SO101964,2024-08-24,西南,数码,商品服饰-04,3,79,237.0,经销商
SO101965,2024-11-23,华中,数码,商品家居-01,4,99,396.0,经销商
SO101966,2024-12-05,华东,食品,商品数码-03,1,99,99.0,门店
SO101967,2024-09-14,华北,食品,商品数码-00,2,99,198.0,线上商城
SO101968,2024-03-08,华南,服饰,商品数码-00,1,79,79.0,经销商
SO101969,2024-06-09,西南,食品,商品食品-04,3,79,237.0,线上商城
SO101970,2024-12-06,华中,食品,商品家居-00,2,79,158.0,经销商
SO101971,2024-01-25,华中,食品,商品食品-02,2,49,98.0,门店
SO101972,2024-07-08,华中,服饰,商品食品-01,1,49,49.0,门店
SO101973,2024-04-22,华南,数码,商品食品-01,2,49,98.0,经销商
SO101974,2024-06-08,华中,食品,商品食品-01,1,49,49.0,门店
SO101975,2024-07-05,华东,数码,商品食品-04,2,99,198.0,经销商
SO101976,2024-09-17,华东,家居,商品家居-00,4,79,316.0,经销商
SO101977,2024-07-18,华东,数码,商品食品-03,3,79,237.0,线上商城
SO101978,2024-04-30,西南,数码,商品服饰-03,2,49,98.0,门店
SO101979,2024-06-17,华北,家居,商品食品-02,1,49,49.0,门店
SO101980,2024/08/17,华中,服饰,商品食品-02,1,79,79.0,经销商
SO101981,2024-04-26,华北,数码,商品数码-04,1,79,79.0,经销商
SO101982,2024-01-26,西南,服饰,商品服饰-00,2,49,98.0,经销商
SO101983,2024-06-22,西南,数码,商品家居-02,2,99,198.0,线上商城
SO101984,2024-07-17,华北,食品,商品家居-03,3,49,147.0,经销商
SO101985,2024-10-17,华南,数码,商品数码-04,2,99,198.0,门店
SO101986,2024-03-17,华北,家居,商品服饰-03,4,79,316.0,线上商城
SO101987,2024-10-06,华中,数码,商品家居-00,2,49,98.0,经销商
SO101988,2024-01-29,华东,家居,商品服饰-02,2,99,198.0,经销商
SO101989,2024-10-02,华北,数码,商品家居-00,1,49,49.0,线上商城
SO101990,2024-06-24,华南,数码,商品家居-02,4,49,196.0,线上商城
SO101991,2024-03-11,华东,食品,商品数码-00,1,79,79.0,门店
SO101992,2024-12-18,华中,食品,商品数码-01,2,49,98.0,线上商城
SO101993,2024-07-27,华中,食品,商品食品-04,3,79,237.0,门店
SO101994,2024-06-17,华中,家居,商品食品-01,4,49,196.0,经销商
SO101995,2024-08-04,华中,数码,商品数码-02,3,79,237.0,门店
SO101996,2024-09-16,西南,食品,商品数码-01,4,49,196.0,经销商
SO101997,2024-12-17,华南,家居,商品家居-00,4,49,196.0,门店
SO101998,2024-06-23,华东,服饰,商品服饰-04,3,99,297.0,线上商城
SO101999,2024-04-19,华东,数码,商品服饰-03,3,79,237.0,线上商城
SO102000,2024/12/12,华北,食品,商品家居-02,3,99,297.0,经销商
SO102001,2024-07-18,华北,数码,商品家居-03,3,79,237.0,线上商城
SO102002,2024-06-22,华北,服饰,商品家居-04,4,79,316.0,门店
SO102003,2024-06-16,华北,数码,商品食品-03,2,49,98.0,门店
SO102004,2024-11-20,华南,服饰,商品家居-02,4,99,396.0,经销商
SO102005,2024-04-28,华南,食品,商品家居-01,2,49,98.0,经销商
SO102006,2024-09-14,西南,数码,商品数码-00,4,99,396.0,线上商城
SO102007,2024-10-10,华北,数码,商品家居-00,2,49,98.0,经销商
SO102008,2024-11-17,华北,服饰,商品家居-01,4,49,196.0,门店
SO102009,2024-11-20,华北,家居,商品家居-03,4,79,316.0,线上商城
SO102010,2024-04-11,西南,数码,商品家居-00,4,49,196.0,线上商城
SO102011,2024-06-16,华东,数码,商品服饰-01,1,99,99.0,经销商
SO102012,2024-08-09,华中,家居,商品食品-03,4,99,396.0,线上商城
SO102013,2024-12-11,西南,数码,商品服饰-00,2,99,198.0,线上商城
SO102014,2024-08-27,华东,服饰,商品服饰-01,4,49,196.0,线上商城
SO102015,2024-08-12,华北,数码,商品服饰-00,2,49,98.0,经销商
SO102016,2024-05-08,华北,服饰,商品数码-03,4,49,196.0,线上商城
SO102017,2024-09-17,华东,服饰,商品服饰-04,4,49,196.0,门店
SO102018,2024-12-21,华东,数码,商品服饰-02,4,99,396.0,经销商
SO102019,2024-01-24,华东,服饰,商品数码-01,4,79,316.0,经销商
SO102020,2024/02/29,华北,家居,商品食品-02,2,99,198.0,门店
SO102021,2024-03-12,华南,数码,商品数码-02,4,99,396.0,经销商
SO102022,2024-11-19,华南,数码,商品食品-04,4,49,196.0,线上商城
SO102023,2024-12-25,西南,数码,商品食品-00,1,99,99.0,门店
SO102024,2024-04-20,西南,家居,商品家居-01,4,79,316.0,门店
SO102025,2024-07-31,,服饰,商品服饰-04,1,49,49.0,线上商城
SO102026,2024-01-16,华南,食品,商品家居-00,4,49,196.0,门店
SO102027,2024-08-11,华中,数码,商品数码-00,3,79,237.0,门店
SO102028,2024-06-16,华南,服饰,商品数码-01,1,99,99.0,线上商城
SO102029,2024-07-19,华东,服饰,商品食品-01,3,79,237.0,门店
SO102030,2024-05-31,华东,食品,商品数码-04,2,99,198.0,门店
SO102031,2024-11-13,华中,食品,商品家居-03,3,79,237.0,线上商城
SO102032,2024-09-01,华南,家居,商品家居-00,2,49,98.0,线上商城
SO102033,2024-09-21,华中,食品,商品食品-00,1,79,79.0,门店
SO102034,2024-11-25,华北,食品,商品家居-03,3,79,237.0,线上商城
SO102035,2024-06-07,华南,家居,商品数码-00,4,99,396.0,线上商城
SO102036,2024-09-18,西南,家居,商品服饰-04,2,79,158.0,线上商城
SO102037,2024-11-15,西南,数码,商品数码-01,2,79,158.0,线上商城
SO102038,2024-04-08,华东,数码,商品食品-02,2,79,158.0,门店
SO102039,2024-03-21,华东,家居,商品服饰-01,4,49,196.0,门店
SO102040,2024/05/13,华东,食品,商品数码-01,4,49,196.0,经销商
SO102041,2024-04-08,华北,食品,商品服饰-03,4,99,396.0,经销商
SO102042,2024-01-25,华南,家居,商品数码-02,1,49,49.0,门店
SO102043,2024-03-06,华东,家居,商品数码-04,4,79,316.0,线上商城
SO102044,2024-10-20,华东,服饰,商品食品-03,3,79,237.0,线上商城
SO102045,2024-08-01,华东,食品,商品数码-03,2,99,198.0,门店
SO102046,2024-03-13,华中,服饰,商品食品-01,4,49,196.0,线上商城
SO102047,2024-09-02,西南,数码,商品数码-00,2,49,98.0,门店
SO102048,2024-04-15,华北,数码,商品食品-03,1,49,49.0,经销商
SO102049,2024-03-09,华北,数码,商品家居-04,3,49,147.0,经销商
SO102050,2024-01-24,华东,食品,商品数码-03,3,79,237.0,经销商
SO102051,2024-04-21,西南,家居,商品服饰-00,3,79,237.0,线上商城
SO102052,2024-11-08,华中,数码,商品食品-01,1,99,99.0,线上商城
SO102053,2024-09-10,华北,数码,商品数码-02,2,49,98.0,线上商城
SO102054,2024-10-15,华中,食品,商品服饰-04,2,49,98.0,门店
SO102055,2024-11-01,华中,家居,商品家居-02,4,99,396.0,线上商城
SO102056,2024-09-26,华北,数码,商品服饰-00,1,49,49.0,经销商
SO102057,2024-05-22,华南,数码,商品服饰-04,4,79,316.0,经销商
SO102058,2024-02-02,华南,数码,商品食品-04,2,49,98.0,门店
SO102059,2024-08-18,华中,食品,商品数码-00,2,99,198.0,门店
SO102060,2024/02/10,华南,食品,商品家居-01,2,99,198.0,经销商
SO102061,2024-12-21,西南,食品,商品数码-00,4,79,316.0,门店
SO102062,2024-11-05,华中,服饰,商品食品-00,4,79,316.0,经销商
SO102063,2024-07-03,华南,数码,商品食品-04,3,49,147.0,经销商
SO102064,2024-05-14,华东,家居,商品数码-02,4,99,396.0,经销商
SO102065,2024-01-26,华南,数码,商品数码-04,3,99,297.0,经销商
SO102066,2024-06-14,华北,服饰,商品数码-04,2,49,98.0,经销商
SO102067,2024-01-20,西南,家居,商品服饰-02,3,99,297.0,门店
SO102068,2024-10-23,华东,服饰,商品家居-01,3,99,297.0,线上商城
SO102069,2024-02-29,华中,家居,商品服饰-04,3,49,147.0,经销商
SO102070,2024-03-07,华北,数码,商品数码-02,1,99,99.0,经销商
SO102071,2024-10-28,华中,食品,商品家居-04,2,99,198.0,线上商城
SO102072,2024-05-14,华东,数码,商品家居-00,4,99,396.0,门店
SO102073,2024-12-18,华东,数码,商品家居-04,4,49,196.0,经销商
SO102074,2024-11-14,西南,食品,商品服饰-00,3,79,237.0,门店
SO102075,2024-04-09,华北,食品,商品食品-01,3,49,147.0,门店
SO102076,2024-02-11,华东,家居,商品服饰-02,2,49,98.0,经销商
SO102077,2024-11-16,华中,服饰,商品服饰-03,1,79,79.0,门店
SO102078,2024-04-19,华中,食品,商品服饰-02,4,99,396.0,门店
SO102079,2024-11-29,华北,家居,商品食品-02,2,99,198.0,门店
SO102080,2024/11/04,华东,食品,商品家居-00,4,79,316.0,线上商城
SO102081,2024-12-18,华北,服饰,商品家居-04,4,99,396.0,线上商城
SO102082,2024-03-08,西南,服饰,商品食品-02,1,79,79.0,线上商城
SO102083,2024-05-16,华中,家居,商品食品-04,2,49,98.0,线上商城
SO102084,2024-04-18,西南,食品,商品服饰-02,2,99,80000.0,线上商城
SO102085,2024-06-25,华中,食品,商品数码-01,3,49,147.0,线上商城
SO102086,2024-12-19,华南,食品,商品数码-01,2,79,158.0,门店
SO102087,2024-11-19,华中,家居,商品家居-01,2,49,98.0,经销商
SO102088,2024-05-09,华南,食品,商品食品-00,3,49,147.0,线上商城
SO102089,2024-04-29,华北,家居,商品数码-01,3,79,237.0,门店
SO102090,2024-07-27,华北,家居,商品服饰-04,4,79,316.0,门店
SO102091,2024-10-27,西南,数码,商品服饰-01,2,99,198.0,经销商
SO102092,2024-11-19,华北,食品,商品家居-01,3,99,297.0,经销商
SO102093,2024-07-28,西南,家居,商品家居-02,3,79,237.0,门店
SO102094,2024-01-26,华北,服饰,商品食品-03,4,79,316.0,线上商城
SO102095,2024-12-24,西南,服饰,商品家居-01,4,99,396.0,经销商
SO102096,2024-03-22,华中,食品,商品数码-01,3,49,147.0,经销商
SO102097,2024-06-10,西南,服饰,商品服饰-04,3,49,147.0,经销商
SO102098,2024-06-27,华南,服饰,商品食品-01,3,79,237.0,门店
SO102099,2024-02-04,华北,数码,商品数码-04,1,49,49.0,门店
SO102100,2024/09/12,,数码,商品数码-03,4,49,196.0,经销商
SO102101,2024-07-06,西南,服饰,商品服饰-02,3,49,147.0,线上商城
SO102102,2024-07-06,华中,数码,商品家居-02,2,99,198.0,经销商
SO102103,2024-01-27,华南,服饰,商品数码-01,2,99,198.0,线上商城
SO102104,2024-09-17,华中,服饰,商品食品-00,4,99,396.0,经销商
SO102105,2024-06-04,华北,食品,商品食品-04,3,99,297.0,经销商
SO102106,2024-05-25,华南,家居,商品食品-04,4,49,196.0,线上商城
SO102107,2024-08-29,华中,食品,商品服饰-03,2,99,198.0,经销商
SO102108,2024-08-22,华东,服饰,商品家居-00,4,49,196.0,经销商
SO102109,2024-05-28,华中,数码,商品服饰-01,1,49,49.0,线上商城
SO102110,2024-09-04,华北,家居,商品食品-00,3,99,297.0,门店
SO102111,2024-02-01,华东,家居,商品服饰-01,2,99,198.0,线上商城
SO102112,2024-04-18,华中,食品,商品数码-01,1,49,49.0,门店
SO102113,2024-09-07,西南,服饰,商品服饰-04,3,49,147.0,线上商城
SO102114,2024-04-21,华东,服饰,商品家居-01,1,79,79.0,线上商城
SO102115,2024-07-09,西南,食品,商品数码-03,1,49,49.0,经销商
SO102116,2024-11-16,华中,服饰,商品食品-00,1,49,49.0,经销商
SO102117,2024-01-15,华北,家居,商品家居-02,4,79,316.0,经销商
SO102118,2024-11-08,华南,家居,商品食品-01,2,49,98.0,经销商
SO102119,2024-09-24,华东,家居,商品食品-03,1,99,99.0,门店
SO102120,2024/09/23,华南,服饰,商品食品-04,4,79,316.0,门店
SO102121,2024-08-13,西南,数码,商品家居-04,4,79,316.0,经销商
SO102122,2024-05-24,华南,服饰,商品服饰-04,2,99,198.0,线上商城
SO102123,2024-09-29,华北,服饰,商品数码-04,2,49,98.0,门店
SO102124,2024-01-15,西南,服饰,商品数码-00,4,99,396.0,线上商城
SO102125,2024-10-26,华中,食品,商品服饰-03,1,49,49.0,门店
SO102126,2024-10-14,华东,家居,商品食品-00,3,79,237.0,经销商
SO102127,2024-07-08,华北,服饰,商品数码-04,3,79,237.0,门店
SO102128,2024-02-11,华东,食品,商品家居-03,2,79,158.0,线上商城
SO102129,2024-04-27,华东,服饰,商品家居-02,2,49,98.0,经销商
SO102130,2024-04-24,华北,服饰,商品家居-02,2,49,98.0,经销商
SO102131,2024-05-23,西南,家居,商品服饰-02,4,79,316.0,线上商城
SO102132,2024-11-17,华东,食品,商品服饰-02,4,79,316.0,线上商城
SO102133,2024-02-24,华北,食品,商品食品-03,4,99,396.0,门店
SO102134,2024-01-22,西南,家居,商品食品-01,4,99,396.0,门店
SO102135,2024-08-02,华中,数码,商品家居-01,1,99,99.0,线上商城
SO102136,2024-04-02,华南,服饰,商品家居-02,3,49,147.0,门店
SO102137,2024-02-19,华北,数码,商品食品-03,2,79,158.0,门店
SO102138,2024-09-27,华南,食品,商品数码-01,2,79,158.0,经销商
SO102139,2024-12-07,西南,食品,商品家居-04,3,99,297.0,门店
SO102140,2024/09/14,华东,服饰,商品家居-01,1,79,79.0,线上商城
SO102141,2024-06-20,华南,食品,商品数码-03,1,79,79.0,线上商城
SO102142,2024-12-03,华北,数码,商品数码-02,3,49,147.0,线上商城
SO102143,2024-11-06,华中,数码,商品数码-04,1,49,49.0,经销商
SO102144,2024-11-09,华东,食品,商品食品-04,4,99,396.0,线上商城
SO102145,2024-05-17,华中,服饰,商品服饰-04,4,49,196.0,门店
SO102146,2024-01-30,西南,食品,商品服饰-01,3,99,297.0,门店
SO102147,2024-07-22,华东,数码,商品食品-01,2,79,158.0,线上商城
SO102148,2024-10-21,华南,数码,商品服饰-01,4,79,316.0,线上商城
SO102149,2024-11-26,华南,家居,商品食品-02,3,99,297.0,经销商
SO102150,2024-12-25,西南,数码,商品服饰-03,4,99,396.0,门店
SO102151,2024-06-22,华北,食品,商品家居-04,2,79,158.0,经销商
SO102152,2024-02-14,华中,服饰,商品服饰-03,3,79,237.0,线上商城
SO102153,2024-05-28,华东,服饰,商品食品-00,4,99,396.0,线上商城
SO102154,2024-05-28,华东,服饰,商品服饰-00,2,99,198.0,门店
SO102155,2024-04-23,华中,家居,商品食品-03,2,99,198.0,线上商城
SO102156,2024-02-14,西南,数码,商品家居-04,4,79,316.0,线上商城
SO102157,2024-08-02,华中,数码,商品家居-04,2,99,198.0,线上商城
SO102158,2024-05-14,西南,食品,商品食品-03,2,49,98.0,经销商
SO102159,2024-06-14,西南,服饰,商品服饰-04,1,79,79.0,线上商城
SO102160,2024/11/14,华北,数码,商品食品-04,2,79,158.0,线上商城
SO102161,2024-08-09,西南,服饰,商品数码-01,1,99,99.0,线上商城
SO102162,2024-07-09,华北,家居,商品服饰-04,4,49,196.0,经销商
SO102163,2024-09-14,华东,食品,商品数码-03,4,79,316.0,经销商
SO102164,2024-01-31,华北,服饰,商品家居-03,3,79,237.0,线上商城
SO102165,2024-03-08,华南,数码,商品数码-02,3,49,147.0,经销商
SO102166,2024-03-19,西南,服饰,商品食品-02,2,49,98.0,门店
SO102167,2024-03-28,华南,数码,商品家居-03,1,99,99.0,门店
SO102168,2024-11-10,华南,家居,商品食品-01,3,99,297.0,经销商
SO102169,2024-05-12,华南,家居,商品食品-01,2,49,98.0,线上商城
SO102170,2024-01-17,华东,食品,商品食品-04,2,99,198.0,经销商
SO102171,2024-10-23,华中,食品,商品食品-03,4,79,316.0,门店
SO102172,2024-09-25,华中,家居,商品服饰-02,1,99,99.0,门店
SO102173,2024-12-26,华北,家居,商品家居-02,3,99,297.0,门店
SO102174,2024-07-26,华东,食品,商品食品-02,2,99,198.0,门店
SO102175,2024-04-17,,家居,商品家居-04,4,99,396.0,线上商城
SO102176,2024-12-07,华南,数码,商品服饰-01,2,79,158.0,门店
SO102177,2024-04-13,华东,服饰,商品食品-02,4,49,196.0,门店
SO102178,2024-05-15,西南,家居,商品服饰-03,1,49,49.0,门店
SO102179,2024-03-04,华南,数码,商品食品-04,4,49,196.0,经销商
SO102180,2024/07/09,华东,服饰,商品服饰-00,2,49,98.0,门店
SO102181,2024-08-08,华南,食品,商品家居-02,4,99,396.0,线上商城
SO102182,2024-11-04,华中,食品,商品食品-02,1,79,79.0,线上商城
SO102183,2024-01-05,西南,服饰,商品服饰-04,1,49,49.0,经销商
SO102184,2024-12-09,华东,服饰,商品服饰-00,2,99,198.0,门店
SO102185,2024-01-06,华中,食品,商品食品-03,4,99,396.0,经销商
SO102186,2024-11-25,华东,家居,商品数码-04,2,99,198.0,经销商
SO102187,2024-04-11,华南,食品,商品数码-03,4,99,396.0,门店
SO102188,2024-08-12,西南,家居,商品食品-01,4,49,196.0,线上商城
SO102189,2024-02-24,西南,数码,商品数码-02,2,49,98.0,门店
SO102190,2024-09-12,华南,家居,商品家居-01,4,49,196.0,线上商城
SO102191,2024-07-29,华东,服饰,商品数码-00,3,99,297.0,线上商城
SO102192,2024-07-24,西南,数码,商品家居-04,1,49,49.0,线上商城
SO102193,2024-08-20,西南,家居,商品家居-01,1,99,99.0,线上商城
SO102194,2024-09-17,华中,数码,商品服饰-04,1,49,49.0,线上商城
SO102195,2024-09-01,西南,食品,商品家居-00,1,49,49.0,经销商
SO102196,2024-07-25,华中,服饰,商品服饰-03,1,49,49.0,线上商城
SO102197,2024-07-28,华东,数码,商品数码-02,3,99,297.0,经销商
SO102198,2024-10-02,华南,家居,商品数码-00,4,49,196.0,线上商城
SO102199,2024-10-30,华北,食品,商品食品-03,1,99,99.0,门店
SO102200,2024/03/18,华东,食品,商品数码-00,2,79,158.0,线上商城
SO102201,2024-06-26,华北,服饰,商品家居-02,4,49,196.0,门店
SO102202,2024-12-20,华中,数码,商品家居-01,3,49,147.0,门店
SO102203,2024-03-18,西南,服饰,商品服饰-02,3,99,297.0,线上商城
SO102204,2024-08-17,华东,家居,商品食品-00,1,49,49.0,经销商
SO102205,2024-08-22,华中,数码,商品食品-01,3,49,147.0,门店
SO102206,2024-04-12,华南,数码,商品数码-00,2,79,158.0,经销商
SO102207,2024-03-27,华北,服饰,商品食品-02,4,49,196.0,门店
SO102208,2024-11-04,华北,家居,商品家居-00,2,49,98.0,经销商
SO102209,2024-09-11,华中,数码,商品家居-04,1,99,99.0,经销商
SO102210,2024-08-10,西南,家居,商品食品-03,2,99,198.0,线上商城
SO102211,2024-11-28,华东,家居,商品服饰-03,2,79,158.0,线上商城
SO102212,2024-06-17,华东,数码,商品食品-00,4,99,396.0,经销商
SO102213,2024-02-08,华北,食品,商品食品-02,2,49,98.0,经销商
SO102214,2024-02-16,华北,家居,商品家居-03,2,99,198.0,经销商
SO102215,2024-09-21,华北,家居,商品家居-04,1,99,99.0,经销商
SO102216,2024-12-10,西南,食品,商品服饰-00,2,99,198.0,门店
SO102217,2024-05-29,华北,食品,商品家居-03,3,99,297.0,门店
SO102218,2024-02-22,华北,数码,商品服饰-02,1,49,49.0,经销商
SO102219,2024-03-25,华中,服饰,商品数码-04,1,49,49.0,线上商城
SO102220,2024/05/15,华中,家居,商品数码-00,4,99,396.0,线上商城
SO102221,2024-04-04,华南,家居,商品数码-00,2,79,158.0,门店
SO102222,2024-03-10,华南,数码,商品服饰-03,3,79,237.0,门店
SO102223,2024-10-06,华南,家居,商品食品-02,2,49,98.0,经销商
SO102224,2024-04-24,华东,服饰,商品服饰-00,3,99,297.0,经销商
SO102225,2024-10-06,华北,服饰,商品家居-02,2,49,98.0,门店
SO102226,2024-06-23,西南,食品,商品家居-02,2,49,98.0,门店
SO102227,2024-07-18,西南,食品,商品服饰-03,2,79,158.0,线上商城
SO102228,2024-07-30,华东,数码,商品家居-00,1,49,49.0,线上商城
SO102229,2024-02-28,华中,食品,商品家居-00,3,99,297.0,经销商
SO102230,2024-07-22,华南,家居,商品数码-03,2,49,98.0,门店
SO102231,2024-11-28,华北,食品,商品数码-02,4,99,396.0,线上商城
SO102232,2024-08-21,华南,食品,商品食品-02,2,49,98.0,经销商
SO102233,2024-09-06,华北,服饰,商品家居-00,3,49,147.0,门店
SO102234,2024-02-16,西南,家居,商品家居-00,3,79,237.0,线上商城
SO102235,2024-11-12,华东,服饰,商品家居-01,4,49,196.0,门店
SO102236,2024-08-31,华中,家居,商品家居-02,3,99,297.0,线上商城
SO102237,2024-11-11,华中,服饰,商品服饰-02,3,79,237.0,线上商城
SO102238,2024-07-14,华北,服饰,商品数码-02,2,99,198.0,经销商
SO102239,2024-03-14,西南,服饰,商品家居-00,3,99,297.0,门店
SO102240,2024/08/16,华南,家居,商品家居-04,2,99,198.0,经销商
SO102241,2024-02-25,华中,数码,商品食品-04,2,99,198.0,经销商
SO102242,2024-05-29,华南,食品,商品家居-02,1,79,79.0,经销商
SO102243,2024-06-14,西南,食品,商品家居-00,2,99,198.0,经销商
SO102244,2024-11-17,华北,数码,商品食品-04,2,49,98.0,经销商
SO102245,2024-10-24,华东,数码,商品服饰-00,3,49,80000.0,线上商城
SO102246,2024-08-02,华东,服饰,商品数码-03,1,49,49.0,经销商
SO102247,2024-11-06,华北,家居,商品服饰-03,1,79,79.0,线上商城
SO102248,2024-07-03,华南,服饰,商品食品-04,1,79,79.0,门店
SO102249,2024-08-11,华东,服饰,商品服饰-02,3,99,297.0,经销商
SO102250,2024-11-07,,家居,商品数码-03,4,79,316.0,线上商城
SO102251,2024-01-26,华北,服饰,商品服饰-01,2,99,198.0,线上商城
SO102252,2024-07-07,华北,服饰,商品食品-04,2,99,198.0,经销商
SO102253,2024-04-25,华中,家居,商品数码-03,1,79,79.0,经销商
SO102254,2024-07-23,华北,家居,商品食品-04,1,49,49.0,线上商城
SO102255,2024-12-15,西南,家居,商品食品-03,1,99,99.0,门店
SO102256,2024-12-14,华北,数码,商品服饰-01,2,99,198.0,线上商城
SO102257,2024-10-19,西南,食品,商品家居-04,2,99,198.0,经销商
SO102258,2024-07-14,华东,家居,商品服饰-01,2,99,198.0,线上商城
SO102259,2024-10-14,西南,服饰,商品食品-03,1,99,99.0,经销商
SO102260,2024/04/05,华中,服饰,商品家居-00,2,79,158.0,门店
SO102261,2024-05-23,华中,家居,商品数码-01,2,99,198.0,门店
SO102262,2024-09-21,西南,服饰,商品食品-02,4,99,396.0,经销商
SO102263,2024-12-22,西南,服饰,商品服饰-00,1,99,99.0,线上商城
SO102264,2024-07-25,华中,食品,商品服饰-01,1,79,79.0,门店
SO102265,2024-08-22,华南,数码,商品家居-03,2,79,158.0,线上商城
SO102266,2024-11-23,华东,数码,商品食品-02,4,99,396.0,门店
SO102267,2024-04-19,华南,家居,商品家居-02,4,49,196.0,经销商
SO102268,2024-01-01,华北,家居,商品数码-04,4,49,196.0,经销商
SO102269,2024-10-22,华中,服饰,商品食品-02,4,79,316.0,线上商城
SO102270,2024-05-25,华南,数码,商品食品-00,2,49,98.0,线上商城
SO102271,2024-10-21,华东,食品,商品食品-00,1,49,49.0,门店
SO102272,2024-03-17,华南,数码,商品服饰-03,1,79,79.0,门店
SO102273,2024-01-22,华北,食品,商品食品-00,1,49,49.0,门店
SO102274,2024-12-17,华中,服饰,商品数码-03,4,79,316.0,线上商城
SO102275,2024-12-06,华南,家居,商品数码-04,2,49,98.0,线上商城
SO102276,2024-07-27,华中,服饰,商品家居-02,1,49,49.0,线上商城
SO102277,2024-10-05,华中,数码,商品食品-04,2,99,198.0,线上商城
SO102278,2024-02-27,华南,服饰,商品家居-01,2,49,98.0,线上商城
SO102279,2024-12-05,华南,服饰,商品数码-02,3,49,147.0,线上商城
SO102280,2024/11/16,华东,食品,商品数码-02,4,79,316.0,门店
SO102281,2024-11-29,西南,家居,商品数码-01,4,99,396.0,线上商城
SO102282,2024-08-21,西南,数码,商品数码-00,1,49,49.0,经销商
SO102283,2024-04-16,华东,家居,商品服饰-04,4,49,196.0,门店
SO102284,2024-03-21,华中,食品,商品食品-03,3,79,237.0,门店
SO102285,2024-08-04,西南,服饰,商品数码-03,4,79,316.0,线上商城
SO102286,2024-12-28,西南,食品,商品服饰-04,4,49,196.0,线上商城
SO102287,2024-08-01,西南,食品,商品食品-03,1,49,49.0,门店
SO102288,2024-04-21,华南,食品,商品食品-03,3,49,147.0,门店
SO102289,2024-01-20,华南,服饰,商品数码-03,4,49,196.0,线上商城
SO102290,2024-08-28,华中,服饰,商品数码-03,3,49,147.0,经销商
SO102291,2024-04-14,华北,家居,商品食品-01,4,99,396.0,经销商
SO102292,2024-12-01,华东,食品,商品家居-03,4,49,196.0,门店
SO102293,2024-01-02,华中,家居,商品食品-04,3,99,297.0,经销商
SO102294,2024-10-05,西南,数码,商品食品-00,3,79,237.0,经销商
SO102295,2024-09-08,华南,服饰,商品家居-02,4,99,396.0,门店
SO102296,2024-11-04,华东,服饰,商品家居-02,1,99,99.0,门店
SO102297,2024-12-10,华北,服饰,商品数码-01,2,49,98.0,经销商
SO102298,2024-11-20,华北,家居,商品食品-03,3,49,147.0,线上商城
SO102299,2024-04-13,华中,服饰,商品食品-00,4,49,196.0,门店
SO102300,2024/04/15,华东,服饰,商品服饰-02,4,49,196.0,门店
SO102301,2024-05-19,西南,数码,商品服饰-01,2,99,198.0,门店
SO102302,2024-12-06,华北,服饰,商品服饰-01,3,49,147.0,线上商城
SO102303,2024-03-01,西南,服饰,商品家居-03,4,99,396.0,线上商城
SO102304,2024-09-22,华东,家居,商品食品-00,1,49,49.0,门店
SO102305,2024-10-29,华南,食品,商品家居-04,1,99,99.0,门店
SO102306,2024-11-07,华北,食品,商品数码-03,4,49,196.0,经销商
SO102307,2024-12-09,西南,食品,商品服饰-03,1,99,99.0,经销商
SO102308,2024-10-22,华北,家居,商品数码-04,2,49,98.0,门店
SO102309,2024-09-15,西南,家居,商品食品-03,3,99,297.0,经销商
SO102310,2024-04-23,西南,数码,商品家居-04,3,49,147.0,经销商
SO102311,2024-05-22,华北,服饰,商品服饰-04,1,79,79.0,经销商
SO102312,2024-07-18,西南,数码,商品家居-03,2,49,98.0,经销商
SO102313,2024-02-12,华中,食品,商品数码-03,3,79,237.0,线上商城
SO102314,2024-08-21,西南,服饰,商品家居-01,2,79,158.0,门店
SO102315,2024-09-30,华南,食品,商品食品-04,2,99,198.0,经销商
SO102316,2024-11-05,华东,家居,商品数码-03,4,99,396.0,线上商城
SO102317,2024-06-19,华中,数码,商品服饰-04,1,49,49.0,线上商城
SO102318,2024-03-07,华中,数码,商品服饰-01,1,79,79.0,经销商
SO102319,2024-10-20,华南,数码,商品数码-03,3,49,147.0,线上商城
SO102320,2024/11/23,西南,数码,商品数码-02,2,79,158.0,经销商
SO102321,2024-03-13,华北,服饰,商品服饰-04,4,79,316.0,经销商
SO102322,2024-01-07,西南,家居,商品家居-03,4,99,396.0,经销商
SO102323,2024-11-06,华东,食品,商品服饰-01,3,49,147.0,经销商
SO102324,2024-02-12,华南,服饰,商品服饰-03,2,49,98.0,经销商
SO102325,2024-04-11,,食品,商品食品-02,1,79,79.0,线上商城
SO102326,2024-09-10,华东,服饰,商品服饰-03,1,99,99.0,门店
SO102327,2024-02-27,华南,服饰,商品数码-02,4,49,196.0,门店
SO102328,2024-02-05,华南,食品,商品家居-02,4,99,396.0,门店
SO102329,2024-01-06,华北,服饰,商品服饰-01,1,49,49.0,经销商
SO102330,2024-08-15,西南,数码,商品数码-03,4,99,396.0,门店
SO102331,2024-11-29,华南,食品,商品食品-04,2,79,158.0,门店
SO102332,2024-03-12,华北,服饰,商品家居-03,3,79,237.0,门店
SO102333,2024-03-04,华南,数码,商品家居-03,2,99,198.0,门店
SO102334,2024-05-17,华中,家居,商品服饰-03,2,99,198.0,门店
SO102335,2024-11-15,华中,服饰,商品食品-03,2,49,98.0,线上商城
SO102336,2024-03-16,西南,服饰,商品家居-03,3,99,297.0,线上商城
SO102337,2024-11-08,华南,食品,商品家居-02,2,79,158.0,经销商
SO102338,2024-09-12,西南,数码,商品食品-02,2,49,98.0,经销商
SO102339,2024-09-10,西南,数码,商品食品-01,2,49,98.0,线上商城
SO102340,2024/06/16,华南,家居,商品食品-01,4,49,196.0,线上商城
SO102341,2024-09-16,西南,家居,商品数码-04,1,49,49.0,门店
SO102342,2024-10-30,华北,服饰,商品数码-02,2,99,198.0,线上商城
SO102343,2024-01-17,华东,服饰,商品家居-03,1,99,99.0,线上商城
SO102344,2024-05-31,华中,家居,商品数码-02,3,99,297.0,经销商
SO102345,2024-01-20,华中,食品,商品服饰-00,1,79,79.0,门店
SO102346,2024-05-02,西南,食品,商品家居-00,3,79,237.0,线上商城
SO102347,2024-10-04,西南,数码,商品家居-02,3,49,147.0,门店
SO102348,2024-11-04,华南,服饰,商品食品-01,4,79,316.0,线上商城
SO102349,2024-03-14,华北,数码,商品食品-03,4,79,316.0,门店
SO102350,2024-03-19,西南,食品,商品食品-02,1,99,99.0,经销商
SO102351,2024-04-22,华东,食品,商品数码-02,4,99,396.0,线上商城
SO102352,2024-02-18,华东,服饰,商品数码-03,1,79,79.0,经销商
SO102353,2024-10-22,华北,食品,商品服饰-02,2,99,198.0,线上商城
SO102354,2024-12-19,华南,家居,商品家居-04,3,99,297.0,线上商城
SO102355,2024-01-10,华北,数码,商品食品-00,2,99,198.0,经销商
SO102356,2024-05-16,华中,服饰,商品服饰-03,3,79,237.0,线上商城
SO102357,2024-08-02,华北,家居,商品食品-02,3,49,147.0,线上商城
SO102358,2024-06-15,华东,食品,商品食品-03,4,79,316.0,线上商城
SO102359,2024-07-03,华南,家居,商品食品-03,4,79,316.0,经销商
SO102360,2024/12/14,西南,食品,商品家居-01,3,99,297.0,门店
SO102361,2024-03-04,华中,数码,商品食品-04,1,79,79.0,经销商
SO102362,2024-02-08,华北,数码,商品数码-00,2,99,198.0,线上商城
SO102363,2024-07-01,华中,数码,商品家居-02,4,49,196.0,门店
SO102364,2024-03-23,西南,食品,商品服饰-00,3,99,297.0,门店
SO102365,2024-02-19,西南,食品,商品服饰-03,2,79,158.0,线上商城
SO102366,2024-09-07,华中,家居,商品服饰-01,3,79,237.0,经销商
SO102367,2024-11-24,华北,服饰,商品数码-01,2,79,158.0,经销商
SO102368,2024-05-15,西南,服饰,商品数码-02,3,79,237.0,线上商城
SO102369,2024-03-26,华中,服饰,商品服饰-00,1,79,79.0,经销商
SO102370,2024-10-12,西南,数码,商品服饰-04,3,49,147.0,门店
SO102371,2024-03-01,华东,服饰,商品数码-00,3,49,147.0,门店
SO102372,2024-07-16,华北,数码,商品数码-03,3,49,147.0,经销商
SO102373,2024-01-06,华南,家居,商品服饰-04,1,79,79.0,经销商
SO102374,2024-06-20,华南,家居,商品家居-01,1,49,49.0,经销商
SO102375,2024-07-23,华中,数码,商品数码-02,3,79,237.0,线上商城
SO102376,2024-12-09,华北,家居,商品食品-03,4,99,396.0,经销商
SO102377,2024-08-23,华中,数码,商品服饰-03,4,79,316.0,线上商城
SO102378,2024-08-19,华东,服饰,商品家居-02,1,49,49.0,经销商
SO102379,2024-02-19,华北,家居,商品家居-04,2,79,158.0,门店
SO102380,2024/10/02,华北,数码,商品家居-04,1,99,99.0,门店
SO102381,2024-12-23,西南,服饰,商品食品-03,2,49,98.0,经销商
SO102382,2024-01-22,西南,食品,商品家居-02,3,49,147.0,经销商
SO102383,2024-05-27,华中,家居,商品家居-01,2,79,158.0,经销商
SO102384,2024-04-09,华中,家居,商品服饰-01,4,99,396.0,门店
SO102385,2024-05-07,华南,数码,商品服饰-00,2,99,198.0,经销商
SO102386,2024-06-13,华南,数码,商品食品-01,2,99,198.0,经销商
SO102387,2024-01-29,华东,家居,商品服饰-03,3,99,297.0,门店
SO102388,2024-11-13,华东,服饰,商品服饰-03,2,49,98.0,线上商城
SO102389,2024-12-09,华南,食品,商品食品-01,3,49,147.0,线上商城
SO102390,2024-09-07,华北,数码,商品数码-00,4,99,396.0,线上商城
SO102391,2024-10-14,华中,服饰,商品服饰-04,4,79,316.0,经销商
SO102392,2024-03-22,西南,食品,商品家居-04,2,99,198.0,门店
SO102393,2024-08-28,西南,食品,商品食品-03,3,99,297.0,门店
SO102394,2024-12-25,西南,食品,商品家居-00,2,49,98.0,经销商
SO102395,2024-09-16,华南,家居,商品家居-04,1,49,49.0,经销商
SO102396,2024-11-24,华南,食品,商品家居-03,3,79,237.0,经销商
SO102397,2024-06-03,华南,服饰,商品服饰-00,3,99,297.0,线上商城
SO102398,2024-06-06,华东,家居,商品服饰-03,2,99,198.0,线上商城
SO102399,2024-12-14,华中,食品,商品家居-00,4,99,396.0,门店
SO102400,2024/07/22,,家居,商品数码-04,1,79,79.0,经销商
SO102401,2024-10-17,华中,家居,商品家居-04,1,99,99.0,门店
SO102402,2024-10-25,华中,数码,商品数码-03,1,79,79.0,经销商
SO102403,2024-11-03,西南,食品,商品数码-00,4,79,316.0,线上商城
SO102404,2024-09-10,华东,食品,商品服饰-00,2,79,158.0,经销商
SO102405,2024-08-27,西南,数码,商品家居-02,4,99,396.0,线上商城
SO102406,2024-11-02,西南,数码,商品服饰-04,1,49,49.0,经销商
SO102407,2024-03-08,华中,家居,商品服饰-03,4,79,316.0,经销商
SO102408,2024-07-27,华北,服饰,商品家居-02,2,79,158.0,经销商
SO102409,2024-09-19,西南,数码,商品服饰-01,2,79,158.0,线上商城
SO102410,2024-10-11,华东,食品,商品家居-02,4,49,196.0,门店
SO102411,2024-03-01,华南,家居,商品服饰-00,4,99,396.0,线上商城
SO102412,2024-12-12,西南,家居,商品服饰-00,4,99,396.0,经销商
SO102413,2024-07-04,华南,食品,商品食品-01,2,49,98.0,经销商
SO102414,2024-06-15,华中,服饰,商品家居-02,3,79,237.0,经销商
SO102415,2024-03-04,西南,服饰,商品服饰-04,3,79,237.0,经销商
SO102416,2024-05-18,西南,数码,商品食品-02,3,79,237.0,门店
SO102417,2024-05-25,华南,家居,商品数码-02,4,99,396.0,经销商
SO102418,2024-02-19,华中,家居,商品食品-04,1,79,79.0,线上商城
SO102419,2024-11-17,华中,食品,商品家居-01,2,49,98.0,线上商城
SO102420,2024/10/18,华东,服饰,商品家居-04,3,49,147.0,门店
SO102421,2024-03-04,华东,家居,商品家居-00,4,99,396.0,线上商城
SO102422,2024-01-12,华北,家居,商品食品-02,1,99,99.0,线上商城
SO102423,2024-10-24,华中,食品,商品家居-03,3,79,237.0,门店
SO102424,2024-08-26,华南,食品,商品家居-02,4,79,316.0,线上商城
SO102425,2024-10-22,西南,数码,商品数码-03,2,49,98.0,线上商城
SO102426,2024-12-16,华南,数码,商品数码-00,1,79,79.0,线上商城
SO102427,2024-08-06,华北,服饰,商品服饰-01,3,49,147.0,线上商城
SO102428,2024-06-06,华中,服饰,商品家居-03,2,99,198.0,门店
SO102429,2024-06-10,华北,数码,商品服饰-01,2,99,198.0,线上商城
SO102430,2024-02-13,华东,数码,商品服饰-04,4,49,196.0,经销商
SO102431,2024-07-14,华北,数码,商品服饰-03,4,99,396.0,线上商城
SO102432,2024-04-04,西南,家居,商品服饰-00,3,49,147.0,经销商
SO102433,2024-05-18,华中,服饰,商品数码-03,2,79,158.0,线上商城
SO102434,2024-09-28,西南,服饰,商品家居-01,2,99,198.0,线上商城
SO102435,2024-02-11,西南,数码,商品服饰-01,3,99,297.0,门店
SO102436,2024-06-21,华中,服饰,商品食品-03,3,49,147.0,线上商城
SO102437,2024-07-16,华中,食品,商品食品-02,1,79,79.0,线上商城
SO102438,2024-11-27,西南,服饰,商品家居-00,2,49,98.0,线上商城
SO102439,2024-10-11,华北,服饰,商品食品-04,1,79,79.0,线上商城
SO102440,2024/02/11,华中,食品,商品食品-00,2,99,198.0,经销商
SO102441,2024-09-25,华东,服饰,商品数码-01,4,79,316.0,门店
SO102442,2024-06-29,华北,服饰,商品服饰-00,2,79,158.0,经销商
SO102443,2024-04-24,华东,服饰,商品家居-00,2,49,98.0,经销商
SO102444,2024-12-20,华东,服饰,商品数码-02,3,49,147.0,门店
SO102445,2024-02-16,华南,食品,商品服饰-02,4,99,396.0,线上商城
SO102446,2024-12-07,西南,食品,商品家居-04,3,49,147.0,门店
SO102447,2024-01-31,华东,数码,商品服饰-03,1,99,99.0,经销商
SO102448,2024-01-09,华中,家居,商品家居-02,3,99,297.0,经销商
SO102449,2024-01-02,西南,服饰,商品数码-03,3,99,297.0,门店
SO102450,2024-05-06,华南,家居,商品食品-00,4,49,196.0,门店
SO102451,2024-05-28,西南,服饰,商品家居-04,4,99,396.0,经销商
SO102452,2024-06-24,华东,服饰,商品数码-03,2,79,158.0,经销商
SO102453,2024-10-19,西南,家居,商品数码-04,2,49,98.0,门店
SO102454,2024-02-29,华南,服饰,商品数码-02,3,79,237.0,线上商城
SO102455,2024-10-18,华北,服饰,商品家居-00,3,49,147.0,经销商
SO102456,2024-08-08,西南,服饰,商品家居-03,1,49,49.0,线上商城
SO102457,2024-05-01,华南,服饰,商品数码-04,4,49,196.0,线上商城
SO102458,2024-12-11,华中,食品,商品家居-02,1,49,49.0,门店
SO102459,2024-10-24,华北,数码,商品数码-02,1,99,99.0,经销商
SO102460,2024/12/07,华南,家居,商品数码-02,1,99,99.0,经销商
SO102461,2024-02-24,华东,数码,商品食品-04,3,99,297.0,线上商城
SO102462,2024-11-21,华南,家居,商品服饰-01,1,49,49.0,门店
SO102463,2024-04-23,西南,数码,商品服饰-04,4,99,396.0,经销商
SO102464,2024-07-06,西南,服饰,商品服饰-03,3,99,297.0,经销商
SO102465,2024-09-02,华东,家居,商品数码-01,4,79,316.0,线上商城
SO102466,2024-09-30,华中,服饰,商品服饰-03,1,49,49.0,门店
SO102467,2024-01-01,华南,食品,商品服饰-02,4,79,316.0,门店
SO102468,2024-02-20,华南,食品,商品家居-03,1,99,99.0,门店
SO102469,2024-09-16,华东,服饰,商品食品-04,3,49,147.0,门店
SO102470,2024-08-17,华南,食品,商品食品-00,3,79,237.0,门店
SO102471,2024-07-06,华南,数码,商品数码-00,1,99,99.0,经销商
SO102472,2024-08-17,华中,数码,商品服饰-02,3,79,237.0,经销商
SO102473,2024-05-09,华南,家居,商品服饰-04,4,79,316.0,经销商
SO102474,2024-01-13,华中,食品,商品数码-00,4,99,396.0,经销商
SO102475,2024-06-20,,食品,商品食品-04,1,99,99.0,线上商城
SO102476,2024-02-10,华南,服饰,商品服饰-03,3,99,297.0,经销商
SO102477,2024-05-19,华东,数码,商品服饰-04,2,49,98.0,经销商
SO102478,2024-08-31,华中,数码,商品服饰-01,4,49,196.0,经销商
SO102479,2024-12-18,华南,服饰,商品家居-04,1,49,49.0,门店
SO102480,2024/02/11,西南,服饰,商品食品-04,2,99,198.0,线上商城
SO102481,2024-10-17,华南,家居,商品数码-02,4,99,396.0,线上商城
SO102482,2024-06-17,华中,服饰,商品服饰-04,2,49,98.0,经销商
SO102483,2024-11-06,华南,数码,商品服饰-04,1,49,49.0,线上商城
SO102484,2024-10-06,华南,服饰,商品食品-04,2,79,158.0,经销商
SO102485,2024-05-13,华南,数码,商品家居-02,2,49,98.0,门店
SO102486,2024-02-14,华北,食品,商品数码-01,3,99,297.0,线上商城
SO102487,2024-07-19,华中,食品,商品服饰-01,2,99,198.0,门店
SO102488,2024-04-01,华东,数码,商品服饰-02,3,49,147.0,线上商城
SO102489,2024-08-30,华北,服饰,商品服饰-03,1,99,99.0,线上商城
SO102490,2024-10-25,华南,家居,商品服饰-00,1,99,99.0,经销商
SO102491,2024-07-13,华中,数码,商品家居-03,4,79,316.0,线上商城
SO102492,2024-10-18,西南,数码,商品食品-00,3,49,147.0,线上商城
SO102493,2024-04-21,华东,食品,商品数码-04,1,79,79.0,线上商城
SO102494,2024-01-19,华东,家居,商品数码-04,2,49,98.0,线上商城
SO102495,2024-10-26,华东,服饰,商品服饰-01,4,79,316.0,门店
SO102496,2024-12-01,华东,服饰,商品数码-00,2,79,158.0,线上商城
SO102497,2024-05-06,华北,服饰,商品数码-00,1,79,79.0,经销商
SO102498,2024-07-13,华东,家居,商品服饰-04,2,79,158.0,经销商
SO102499,2024-07-31,华南,服饰,商品数码-00,1,99,99.0,经销商
SO102500,2024/10/09,华东,服饰,商品数码-04,1,99,99.0,门店
SO102501,2024-08-10,华南,食品,商品食品-02,4,49,196.0,经销商
SO102502,2024-04-19,华东,数码,商品家居-02,3,49,147.0,经销商
SO102503,2024-02-01,华东,家居,商品食品-03,3,79,237.0,线上商城
SO102504,2024-06-22,华北,家居,商品家居-03,3,49,147.0,经销商
SO102505,2024-08-28,华东,数码,商品数码-01,1,79,79.0,经销商
SO102506,2024-03-06,华中,家居,商品家居-00,1,49,49.0,经销商
SO102507,2024-08-08,华北,食品,商品数码-00,2,49,98.0,线上商城
SO102508,2024-04-28,华南,服饰,商品数码-02,2,79,158.0,线上商城
SO102509,2024-11-10,华北,食品,商品食品-01,1,79,79.0,门店
SO102510,2024-09-14,华东,数码,商品家居-02,1,99,99.0,经销商
SO102511,2024-02-25,西南,数码,商品食品-01,2,49,98.0,门店
SO102512,2024-09-28,华中,家居,商品服饰-02,2,79,158.0,门店
SO102513,2024-04-30,华北,食品,商品数码-01,4,99,396.0,门店
SO102514,2024-06-06,西南,数码,商品数码-02,2,49,98.0,门店
SO102515,2024-01-27,华北,食品,商品数码-04,4,49,196.0,线上商城
SO102516,2024-03-25,华东,家居,商品家居-01,3,99,297.0,线上商城
SO102517,2024-06-04,西南,服饰,商品家居-03,3,79,237.0,线上商城
SO102518,2024-05-22,华中,数码,商品服饰-02,2,49,98.0,线上商城
SO102519,2024-08-19,华东,服饰,商品家居-00,4,49,196.0,门店
SO102520,2024/06/07,西南,家居,商品服饰-02,1,49,49.0,门店
SO102521,2024-10-07,华东,数码,商品服饰-02,1,49,49.0,线上商城
SO102522,2024-04-06,西南,家居,商品食品-02,2,99,198.0,经销商
SO102523,2024-04-03,华东,食品,商品食品-02,4,79,316.0,线上商城
SO102524,2024-07-07,西南,数码,商品数码-00,1,79,79.0,经销商
SO102525,2024-07-01,华南,数码,商品家居-01,2,79,158.0,线上商城
SO102526,2024-05-19,华南,数码,商品食品-03,2,99,198.0,线上商城
SO102527,2024-08-16,华北,食品,商品家居-02,2,49,98.0,经销商
SO102528,2024-01-16,华南,服饰,商品数码-02,2,99,198.0,线上商城
SO102529,2024-12-23,华东,家居,商品数码-02,2,49,98.0,线上商城
SO102530,2024-01-22,华中,数码,商品数码-00,4,99,396.0,经销商
SO102531,2024-08-18,华中,数码,商品数码-04,4,79,316.0,经销商
SO102532,2024-02-01,华中,服饰,商品家居-01,4,49,196.0,线上商城
SO102533,2024-02-09,华北,服饰,商品数码-00,2,99,198.0,门店
SO102534,2024-08-10,华南,数码,商品食品-04,3,79,237.0,门店
SO102535,2024-12-13,华北,数码,商品数码-03,4,79,316.0,经销商
SO102536,2024-11-05,华南,数码,商品家居-04,1,49,49.0,经销商
SO102537,2024-04-04,华中,家居,商品服饰-04,2,49,98.0,经销商
SO102538,2024-12-26,华南,数码,商品服饰-04,3,79,237.0,线上商城
SO102539,2024-03-05,华东,数码,商品服饰-02,4,79,316.0,经销商
SO102540,2024/06/12,华中,家居,商品家居-03,4,99,396.0,门店
SO102541,2024-09-11,华东,数码,商品服饰-00,3,99,297.0,线上商城
SO102542,2024-04-13,西南,食品,商品数码-04,1,99,99.0,线上商城
SO102543,2024-12-22,华北,食品,商品数码-00,2,79,158.0,门店
SO102544,2024-09-25,西南,服饰,商品服饰-01,3,99,297.0,经销商
SO102545,2024-08-21,西南,服饰,商品家居-00,2,49,98.0,门店
SO102546,2024-05-20,华中,数码,商品服饰-03,1,79,79.0,门店
SO102547,2024-12-02,华中,食品,商品食品-00,1,49,49.0,门店
SO102548,2024-09-20,华中,家居,商品服饰-02,1,79,79.0,门店
SO102549,2024-05-08,西南,家居,商品食品-03,2,99,198.0,线上商城
SO102550,2024-02-27,,数码,商品数码-00,2,49,98.0,门店
SO102551,2024-08-04,华东,食品,商品服饰-00,2,99,198.0,线上商城
SO102552,2024-03-29,华南,食品,商品家居-00,2,99,198.0,门店
SO102553,2024-09-06,西南,家居,商品服饰-04,2,79,158.0,线上商城
SO102554,2024-07-18,华北,数码,商品食品-04,3,99,297.0,线上商城
SO102555,2024-05-23,华中,家居,商品服饰-02,3,49,147.0,门店
SO102556,2024-09-26,华中,服饰,商品服饰-02,4,49,196.0,门店
SO102557,2024-03-22,华东,食品,商品家居-01,2,49,98.0,线上商城
SO102558,2024-12-19,华中,服饰,商品家居-04,2,99,198.0,经销商
SO102559,2024-08-20,西南,食品,商品食品-02,4,79,316.0,经销商
SO102560,2024/10/22,华北,数码,商品数码-02,1,99,99.0,门店
SO102561,2024-02-20,华东,食品,商品服饰-03,2,49,98.0,经销商
SO102562,2024-05-19,西南,服饰,商品数码-03,3,99,297.0,线上商城
SO102563,2024-10-05,华北,数码,商品家居-00,3,79,237.0,门店
SO102564,2024-05-11,华南,服饰,商品家居-02,2,79,158.0,线上商城
SO102565,2024-02-19,华中,服饰,商品服饰-03,3,79,237.0,门店
SO102566,2024-09-12,华南,数码,商品家居-00,3,49,147.0,门店
SO102567,2024-02-06,华北,服饰,商品食品-04,4,49,196.0,线上商城
SO102568,2024-06-26,西南,服饰,商品食品-01,4,79,316.0,线上商城
SO102569,2024-12-06,华中,家居,商品食品-03,4,49,196.0,经销商
SO102570,2024-11-19,西南,服饰,商品服饰-01,4,49,196.0,门店
SO102571,2024-06-01,西南,服饰,商品家居-01,2,79,158.0,经销商
SO102572,2024-11-17,华北,食品,商品家居-03,1,49,49.0,经销商
SO102573,2024-06-29,华南,服饰,商品家居-03,4,79,316.0,线上商城
SO102574,2024-02-05,西南,数码,商品食品-01,2,99,198.0,经销商
SO102575,2024-06-24,华南,数码,商品服饰-02,2,79,158.0,经销商
SO102576,2024-09-06,华南,家居,商品家居-00,4,99,396.0,门店
SO102577,2024-03-28,华南,数码,商品数码-02,1,79,79.0,经销商
SO102578,2024-03-16,西南,食品,商品服饰-02,2,99,198.0,经销商
SO102579,2024-10-01,华东,食品,商品食品-02,4,79,316.0,线上商城
SO102580,2024/07/13,华南,家居,商品食品-01,4,49,196.0,门店
SO102581,2024-11-10,华东,服饰,商品数码-01,2,79,158.0,线上商城
SO102582,2024-05-29,华东,食品,商品数码-04,3,99,297.0,门店
SO102583,2024-02-24,西南,数码,商品数码-04,1,49,49.0,线上商城
SO102584,2024-01-04,西南,家居,商品食品-00,4,49,196.0,门店
SO102585,2024-02-13,华南,数码,商品食品-03,1,49,49.0,经销商
SO102586,2024-10-05,华东,食品,商品服饰-04,4,79,316.0,线上商城
SO102587,2024-05-11,华南,食品,商品家居-03,1,49,49.0,门店
SO102588,2024-11-03,华中,家居,商品家居-03,2,99,198.0,门店
SO102589,2024-09-06,西南,服饰,商品家居-04,2,49,98.0,经销商
SO102590,2024-08-10,华东,服饰,商品食品-04,3,99,297.0,经销商
SO102591,2024-11-23,华东,服饰,商品食品-00,3,49,147.0,线上商城
SO102592,2024-04-04,华北,数码,商品食品-01,4,79,316.0,门店
SO102593,2024-09-26,华北,家居,商品数码-03,1,79,79.0,线上商城
SO102594,2024-01-26,华东,数码,商品数码-04,2,99,198.0,门店
SO102595,2024-03-28,华北,数码,商品食品-03,4,79,316.0,经销商
SO102596,2024-04-17,华中,食品,商品家居-01,3,49,147.0,经销商
SO102597,2024-09-18,华南,数码,商品服饰-01,1,99,99.0,门店
SO102598,2024-03-13,华南,数码,商品食品-02,2,99,198.0,门店
SO102599,2024-08-29,西南,食品,商品服饰-03,2,99,198.0,经销商
SO102600,2024/12/08,华中,食品,商品数码-03,2,79,158.0,经销商
SO102601,2024-05-09,华东,食品,商品服饰-02,2,99,198.0,门店
SO102602,2024-04-26,华中,食品,商品食品-03,2,49,98.0,线上商城
SO102603,2024-10-11,华南,服饰,商品食品-03,2,99,198.0,门店
SO102604,2024-01-29,华南,家居,商品家居-03,4,49,196.0,经销商
SO102605,2024-01-12,华北,家居,商品服饰-01,1,99,99.0,线上商城
SO102606,2024-02-23,华南,服饰,商品食品-02,3,49,147.0,门店
SO102607,2024-04-10,华东,数码,商品服饰-04,4,99,396.0,线上商城
SO102608,2024-09-12,西南,服饰,商品服饰-02,1,49,49.0,门店
SO102609,2024-05-14,华东,服饰,商品服饰-03,1,99,99.0,经销商
SO102610,2024-02-29,西南,食品,商品家居-03,2,49,98.0,经销商
SO102611,2024-09-04,华南,服饰,商品食品-03,3,79,237.0,经销商
SO102612,2024-11-13,西南,服饰,商品食品-01,1,49,49.0,线上商城
SO102613,2024-01-07,西南,数码,商品家居-03,3,49,147.0,门店
SO102614,2024-09-23,华北,数码,商品家居-04,3,49,147.0,线上商城
SO102615,2024-02-06,西南,数码,商品食品-02,3,49,147.0,门店
SO102616,2024-04-30,华中,服饰,商品家居-02,1,49,49.0,门店
SO102617,2024-08-11,华南,服饰,商品食品-03,2,79,158.0,线上商城
SO102618,2024-09-24,华东,数码,商品食品-01,2,79,158.0,门店
SO102619,2024-06-28,华中,家居,商品食品-02,2,79,158.0,经销商
SO102620,2024/05/16,西南,家居,商品食品-01,4,49,196.0,经销商
SO102621,2024-05-05,华南,数码,商品食品-00,2,79,158.0,经销商
SO102622,2024-11-15,华中,家居,商品家居-01,2,99,198.0,经销商
SO102623,2024-11-05,华北,服饰,商品数码-03,3,79,237.0,线上商城
SO102624,2024-10-20,华南,家居,商品服饰-01,2,99,198.0,线上商城
SO102625,2024-11-29,,家居,商品家居-02,2,99,198.0,经销商
SO102626,2024-09-14,华南,食品,商品食品-01,3,99,297.0,经销商
SO102627,2024-02-21,华中,数码,商品家居-04,1,99,99.0,线上商城
SO102628,2024-10-29,西南,数码,商品服饰-04,2,49,98.0,门店
SO102629,2024-04-26,西南,家居,商品食品-00,1,79,79.0,线上商城
SO102630,2024-10-25,华南,数码,商品家居-03,2,49,98.0,经销商
SO102631,2024-12-15,华中,食品,商品家居-00,2,79,158.0,门店
SO102632,2024-01-17,华北,服饰,商品家居-04,1,99,99.0,经销商
SO102633,2024-02-20,西南,数码,商品食品-02,2,79,158.0,线上商城
SO102634,2024-06-02,华中,食品,商品服饰-01,4,79,316.0,门店
SO102635,2024-02-03,华东,家居,商品家居-02,2,79,158.0,线上商城
SO102636,2024-05-31,华东,数码,商品家居-02,2,49,98.0,门店
SO102637,2024-06-27,华中,数码,商品食品-01,4,79,316.0,线上商城
SO102638,2024-10-19,西南,家居,商品服饰-00,2,99,198.0,线上商城
SO102639,2024-04-24,华南,服饰,商品数码-00,4,99,396.0,门店
SO102640,2024/03/06,西南,家居,商品服饰-04,2,49,98.0,线上商城
SO102641,2024-09-05,西南,食品,商品数码-00,2,99,198.0,线上商城
SO102642,2024-10-24,华中,数码,商品家居-02,3,99,297.0,线上商城
SO102643,2024-02-17,华北,家居,商品数码-00,1,49,49.0,门店
SO102644,2024-03-20,华北,数码,商品服饰-04,3,49,147.0,经销商
SO102645,2024-04-11,华南,家居,商品数码-02,3,49,147.0,门店
SO102646,2024-02-17,华南,服饰,商品服饰-02,1,99,99.0,门店
SO102647,2024-11-26,华北,家居,商品食品-00,1,79,79.0,门店
SO102648,2024-06-21,华中,数码,商品食品-01,4,99,396.0,线上商城
SO102649,2024-06-23,华北,家居,商品食品-04,1,49,49.0,经销商
SO102650,2024-05-09,华中,服饰,商品食品-04,3,99,297.0,门店
SO102651,2024-09-28,华南,食品,商品数码-00,4,99,396.0,经销商
SO102652,2024-11-02,华中,家居,商品数码-02,4,49,196.0,线上商城
SO102653,2024-12-10,华中,食品,商品服饰-03,4,99,396.0,经销商
SO102654,2024-02-24,华中,数码,商品服饰-01,4,49,196.0,线上商城
SO102655,2024-08-13,华中,家居,商品家居-00,1,79,79.0,经销商
SO102656,2024-10-29,华东,家居,商品食品-03,1,79,79.0,线上商城
SO102657,2024-04-23,华中,食品,商品食品-00,1,79,79.0,线上商城
SO102658,2024-04-27,华东,服饰,商品食品-04,2,99,198.0,线上商城
SO102659,2024-05-20,华北,数码,商品数码-00,1,79,79.0,经销商
SO102660,2024/10/03,华东,家居,商品家居-02,4,79,316.0,门店
SO102661,2024-08-08,华南,数码,商品食品-01,4,49,196.0,门店
SO102662,2024-05-15,华北,数码,商品家居-04,3,49,147.0,线上商城
SO102663,2024-06-03,西南,数码,商品食品-03,4,79,316.0,门店
SO102664,2024-08-25,华中,家居,商品家居-00,4,79,316.0,线上商城
SO102665,2024-09-23,华中,食品,商品家居-00,3,99,297.0,门店
SO102666,2024-09-11,华北,数码,商品食品-00,2,99,198.0,线上商城
SO102667,2024-06-09,华东,食品,商品数码-03,4,49,196.0,线上商城
SO102668,2024-07-07,西南,服饰,商品食品-02,1,99,99.0,线上商城
SO102669,2024-02-19,华东,家居,商品家居-00,4,99,396.0,经销商
SO102670,2024-02-26,华东,家居,商品家居-02,3,49,147.0,线上商城
SO102671,2024-08-23,华北,食品,商品服饰-00,1,49,49.0,经销商
SO102672,2024-04-09,华中,数码,商品服饰-04,3,79,237.0,经销商
SO102673,2024-06-19,华南,家居,商品服饰-02,4,79,316.0,线上商城
SO102674,2024-02-14,华中,服饰,商品数码-02,2,99,198.0,门店
SO102675,2024-04-11,华中,家居,商品食品-00,1,49,49.0,门店
SO102676,2024-07-05,华北,服饰,商品家居-00,4,49,196.0,线上商城
SO102677,2024-08-16,华北,服饰,商品家居-00,3,79,237.0,门店
SO102678,2024-02-01,华东,食品,商品服饰-04,4,99,396.0,门店
SO102679,2024-02-21,西南,服饰,商品数码-03,4,99,396.0,经销商
SO102680,2024/02/26,华南,数码,商品食品-00,3,49,147.0,门店
SO102681,2024-02-15,西南,数码,商品服饰-00,4,79,316.0,线上商城
SO102682,2024-08-29,华南,数码,商品食品-03,4,99,396.0,经销商
SO102683,2024-03-18,西南,服饰,商品家居-02,1,49,49.0,门店
SO102684,2024-01-23,华中,数码,商品食品-02,1,49,49.0,经销商
SO102685,2024-02-21,华东,家居,商品数码-01,2,79,158.0,经销商
SO102686,2024-08-18,华东,数码,商品服饰-00,4,79,316.0,经销商
SO102687,2024-03-11,华东,食品,商品家居-04,1,79,79.0,门店
SO102688,2024-02-18,华中,家居,商品食品-04,1,99,99.0,线上商城
SO102689,2024-07-17,华南,服饰,商品服饰-01,1,79,79.0,门店
SO102690,2024-10-31,华中,服饰,商品数码-02,4,99,396.0,门店
SO102691,2024-06-24,华中,服饰,商品数码-00,2,99,198.0,门店
SO102692,2024-03-26,华东,服饰,商品数码-03,3,79,237.0,经销商
SO102693,2024-08-11,华北,食品,商品家居-03,2,79,158.0,经销商
SO102694,2024-11-15,华中,食品,商品服饰-02,1,49,49.0,门店
SO102695,2024-12-14,华东,服饰,商品服饰-04,1,49,49.0,线上商城
SO102696,2024-01-27,华中,数码,商品数码-03,2,79,158.0,经销商
SO102697,2024-01-30,华东,食品,商品服饰-02,4,99,396.0,线上商城
SO102698,2024-04-15,华北,服饰,商品服饰-04,4,79,316.0,门店
SO102699,2024-02-10,华北,食品,商品服饰-02,2,99,198.0,线上商城
SO102700,2024/08/02,,服饰,商品食品-04,4,79,316.0,经销商
SO102701,2024-01-19,华北,服饰,商品食品-01,4,49,196.0,线上商城
SO102702,2024-07-19,华中,数码,商品家居-03,3,49,147.0,门店
SO102703,2024-01-01,西南,家居,商品食品-01,3,99,297.0,线上商城
SO102704,2024-02-10,华南,食品,商品数码-02,1,49,49.0,门店
SO102705,2024-09-03,华中,数码,商品服饰-00,3,49,147.0,经销商
SO102706,2024-06-06,西南,服饰,商品家居-03,1,49,49.0,线上商城
SO102707,2024-05-27,华中,家居,商品食品-00,2,99,198.0,门店
SO102708,2024-03-31,西南,家居,商品数码-04,3,99,297.0,线上商城
SO102709,2024-05-30,华中,食品,商品服饰-00,1,49,49.0,线上商城
SO102710,2024-12-23,华北,家居,商品服饰-01,1,49,49.0,线上商城
SO102711,2024-08-19,西南,数码,商品数码-03,4,79,316.0,线上商城
SO102712,2024-09-25,华北,食品,商品数码-03,1,79,79.0,经销商
SO102713,2024-12-16,华中,食品,商品家居-00,4,99,396.0,线上商城
SO102714,2024-04-14,华中,食品,商品数码-00,3,99,297.0,门店
SO102715,2024-02-05,华南,家居,商品数码-03,4,99,396.0,门店
SO102716,2024-09-09,华南,数码,商品家居-03,1,99,99.0,门店
SO102717,2024-03-19,华中,数码,商品数码-00,3,49,147.0,门店
SO102718,2024-06-26,华中,家居,商品食品-03,1,49,49.0,门店
SO102719,2024-02-20,华北,食品,商品食品-02,3,49,147.0,线上商城
SO102720,2024/06/09,华北,数码,商品数码-00,3,79,237.0,门店
SO102721,2024-09-03,华南,服饰,商品数码-04,2,99,198.0,线上商城
SO102722,2024-04-26,西南,家居,商品数码-04,2,79,158.0,经销商
SO102723,2024-03-23,华中,家居,商品家居-01,3,49,147.0,门店
SO102724,2024-05-19,华北,服饰,商品数码-03,4,79,316.0,线上商城
SO102725,2024-12-07,华东,数码,商品数码-04,2,99,198.0,经销商
SO102726,2024-09-27,华南,食品,商品家居-01,3,99,297.0,经销商
SO102727,2024-11-16,华北,服饰,商品数码-00,3,79,237.0,经销商
SO102728,2024-12-17,华南,数码,商品数码-03,1,49,49.0,经销商
SO102729,2024-04-28,华东,食品,商品服饰-01,2,49,98.0,门店
SO102730,2024-06-20,华东,数码,商品服饰-03,3,79,237.0,经销商
SO102731,2024-10-23,华东,食品,商品家居-02,4,79,316.0,线上商城
SO102732,2024-11-03,华南,食品,商品数码-02,2,49,98.0,线上商城
SO102733,2024-08-22,华中,服饰,商品数码-02,2,99,198.0,线上商城
SO102734,2024-08-05,华东,食品,商品数码-01,2,49,98.0,门店
SO102735,2024-02-06,华中,服饰,商品家居-03,1,99,99.0,线上商城
SO102736,2024-08-04,华中,食品,商品服饰-00,2,49,98.0,线上商城
SO102737,2024-07-08,华南,服饰,商品食品-04,4,79,316.0,经销商
SO102738,2024-06-15,华北,家居,商品数码-03,4,79,316.0,门店
SO102739,2024-11-07,华南,数码,商品数码-01,2,79,158.0,线上商城
SO102740,2024/11/03,华北,食品,商品数码-00,2,99,198.0,线上商城
SO102741,2024-10-12,华中,服饰,商品家居-01,4,79,316.0,经销商
SO102742,2024-05-16,西南,服饰,商品食品-01,1,79,79.0,门店
SO102743,2024-08-24,华北,食品,商品食品-04,2,99,198.0,门店
SO102744,2024-04-15,华北,服饰,商品数码-01,2,99,198.0,门店
SO102745,2024-11-01,华中,家居,商品服饰-01,1,79,79.0,线上商城
SO102746,2024-08-03,华中,数码,商品数码-03,4,49,196.0,线上商城
SO102747,2024-12-21,西南,数码,商品家居-04,3,49,147.0,经销商
SO102748,2024-06-20,华北,食品,商品数码-03,4,79,316.0,经销商
SO102749,2024-04-23,华中,家居,商品数码-02,1,79,79.0,经销商
SO102750,2024-11-21,华东,家居,商品数码-04,2,99,198.0,线上商城
SO102751,2024-04-22,华南,食品,商品服饰-02,1,79,79.0,线上商城
SO102752,2024-01-10,华北,家居,商品服饰-01,1,99,99.0,门店
SO102753,2024-03-15,华东,家居,商品数码-00,4,49,196.0,经销商
SO102754,2024-09-03,华中,食品,商品家居-02,2,99,198.0,门店
SO102755,2024-08-27,华北,家居,商品食品-01,4,99,396.0,经销商
SO102756,2024-06-08,华北,服饰,商品家居-02,4,99,396.0,线上商城
SO102757,2024-07-26,华东,家居,商品家居-04,3,49,147.0,线上商城
SO102758,2024-12-24,西南,食品,商品服饰-01,4,79,316.0,经销商
SO102759,2024-05-04,华中,家居,商品食品-00,1,99,99.0,经销商
SO102760,2024/01/15,华南,家居,商品食品-00,3,99,297.0,经销商
SO102761,2024-10-19,西南,家居,商品家居-00,3,49,147.0,线上商城
SO102762,2024-03-09,华东,服饰,商品家居-03,4,79,316.0,门店
SO102763,2024-04-10,西南,食品,商品数码-02,2,49,98.0,线上商城
SO102764,2024-01-24,华中,数码,商品服饰-02,3,79,237.0,线上商城
SO102765,2024-11-12,华北,家居,商品数码-00,4,49,196.0,线上商城
SO102766,2024-10-11,华中,食品,商品数码-02,2,99,198.0,门店
SO102767,2024-12-21,华中,家居,商品家居-03,1,79,79.0,门店
SO102768,2024-10-29,华北,服饰,商品数码-03,4,79,316.0,门店
SO102769,2024-10-16,华东,食品,商品数码-01,4,79,316.0,门店
SO102770,2024-07-06,华南,服饰,商品数码-00,4,99,396.0,门店
SO102771,2024-07-23,华东,家居,商品食品-04,1,49,49.0,经销商
SO102772,2024-10-23,华中,数码,商品食品-04,4,79,316.0,经销商
SO102773,2024-10-16,西南,数码,商品数码-02,1,99,99.0,线上商城
SO102774,2024-11-01,华东,家居,商品家居-02,2,79,158.0,经销商
SO102775,2024-10-03,,服饰,商品食品-04,1,79,79.0,经销商
SO102776,2024-07-22,西南,服饰,商品数码-03,2,79,158.0,门店
SO102777,2024-05-16,华东,数码,商品数码-00,1,49,49.0,线上商城
SO102778,2024-09-10,华东,食品,商品数码-01,4,49,196.0,门店
SO102779,2024-02-29,西南,家居,商品家居-00,3,79,237.0,经销商
SO102780,2024/03/27,华中,数码,商品食品-04,1,99,99.0,门店
SO102781,2024-07-17,华东,食品,商品服饰-03,1,79,79.0,线上商城
SO102782,2024-02-04,华中,食品,商品数码-03,1,79,79.0,经销商
SO102783,2024-06-13,华南,服饰,商品数码-04,4,99,396.0,经销商
SO102784,2024-02-10,华东,数码,商品食品-00,1,79,79.0,线上商城
SO102785,2024-08-05,西南,数码,商品食品-03,3,49,147.0,线上商城
SO102786,2024-09-23,华北,食品,商品数码-01,1,99,99.0,经销商
SO102787,2024-10-05,西南,服饰,商品家居-01,4,79,316.0,门店
SO102788,2024-05-11,华中,食品,商品数码-03,4,79,316.0,门店
SO102789,2024-01-24,华中,食品,商品食品-02,2,79,158.0,门店
SO102790,2024-03-28,华中,食品,商品家居-00,3,99,297.0,经销商
SO102791,2024-11-13,华中,家居,商品数码-02,3,99,297.0,线上商城
SO102792,2024-05-29,华南,食品,商品服饰-02,2,99,198.0,线上商城
SO102793,2024-12-23,西南,家居,商品食品-04,3,99,297.0,经销商
SO102794,2024-12-14,西南,数码,商品服饰-01,4,99,396.0,门店
SO102795,2024-01-30,华东,数码,商品家居-00,3,99,297.0,门店
SO102796,2024-11-03,华南,服饰,商品数码-02,1,79,79.0,门店
SO102797,2024-09-21,华东,数码,商品家居-01,3,99,297.0,经销商
SO102798,2024-07-20,华中,家居,商品家居-02,3,99,297.0,门店
SO102799,2024-12-17,华中,食品,商品家居-04,4,99,396.0,门店
SO102800,2024/03/26,西南,服饰,商品食品-01,4,79,316.0,门店
SO102801,2024-09-23,华中,数码,商品服饰-01,3,79,80000.0,线上商城
SO102802,2024-02-27,华北,服饰,商品服饰-01,4,99,396.0,经销商
SO102803,2024-07-31,西南,食品,商品服饰-02,1,99,99.0,线上商城
SO102804,2024-10-01,华东,服饰,商品服饰-00,4,99,396.0,门店
SO102805,2024-03-17,华北,服饰,商品家居-00,4,49,196.0,门店
SO102806,2024-09-23,华北,数码,商品家居-04,1,99,99.0,门店
SO102807,2024-02-19,西南,服饰,商品服饰-03,3,79,237.0,线上商城
SO102808,2024-09-20,华北,服饰,商品数码-00,4,99,396.0,线上商城
SO102809,2024-09-24,华北,食品,商品服饰-01,4,49,196.0,经销商
SO102810,2024-08-16,华南,家居,商品服饰-02,3,79,237.0,经销商
SO102811,2024-08-13,华北,家居,商品家居-01,2,99,198.0,门店
SO102812,2024-05-30,华北,服饰,商品家居-01,1,79,79.0,线上商城
SO102813,2024-05-07,华南,食品,商品数码-00,4,99,396.0,门店
SO102814,2024-02-16,华东,家居,商品服饰-03,2,99,198.0,经销商
SO102815,2024-09-26,华东,家居,商品服饰-03,1,49,49.0,经销商
SO102816,2024-11-14,华南,家居,商品食品-00,3,49,147.0,经销商
SO102817,2024-10-05,华东,家居,商品服饰-01,3,49,147.0,线上商城
SO102818,2024-10-24,华东,食品,商品食品-01,1,79,79.0,线上商城
SO102819,2024-08-11,西南,服饰,商品数码-00,1,49,49.0,线上商城
SO102820,2024/09/05,华中,食品,商品食品-00,3,99,297.0,门店
SO102821,2024-09-10,华北,数码,商品服饰-03,3,79,237.0,线上商城
SO102822,2024-11-09,华东,数码,商品食品-03,4,79,316.0,经销商
SO102823,2024-11-11,华东,家居,商品食品-01,2,99,198.0,线上商城
SO102824,2024-02-02,华东,数码,商品数码-00,2,79,158.0,门店
SO102825,2024-07-09,华北,服饰,商品食品-00,4,79,316.0,线上商城
SO102826,2024-07-07,华南,数码,商品数码-04,1,79,79.0,线上商城
SO102827,2024-10-31,华南,数码,商品服饰-04,2,49,98.0,经销商
SO102828,2024-08-05,华中,数码,商品数码-03,2,49,98.0,线上商城
SO102829,2024-09-03,华北,家居,商品服饰-01,4,99,396.0,线上商城
SO102830,2024-02-29,西南,服饰,商品数码-04,1,99,99.0,线上商城
SO102831,2024-11-15,华东,家居,商品家居-04,2,79,158.0,门店
SO102832,2024-10-24,西南,数码,商品服饰-04,1,79,79.0,门店
SO102833,2024-02-03,华东,数码,商品家居-00,2,49,98.0,线上商城
SO102834,2024-03-27,华中,食品,商品数码-02,2,49,98.0,线上商城
SO102835,2024-06-15,华南,食品,商品服饰-04,1,79,79.0,门店
SO102836,2024-05-08,华南,家居,商品服饰-04,4,49,196.0,经销商
SO102837,2024-01-13,华中,数码,商品服饰-04,3,49,147.0,门店
SO102838,2024-01-18,华中,数码,商品食品-03,1,49,49.0,线上商城
SO102839,2024-08-07,华南,服饰,商品服饰-00,4,79,316.0,门店
SO102840,2024/11/28,华北,食品,商品食品-01,1,99,99.0,线上商城
SO102841,2024-04-24,西南,服饰,商品服饰-01,4,99,396.0,线上商城
SO102842,2024-10-19,西南,食品,商品食品-03,2,79,158.0,线上商城
SO102843,2024-12-03,华东,家居,商品数码-02,2,49,98.0,线上商城
SO102844,2024-05-31,华南,家居,商品数码-00,1,99,99.0,门店
SO102845,2024-11-17,华东,食品,商品数码-02,4,49,196.0,经销商
SO102846,2024-02-20,华中,服饰,商品数码-02,4,49,196.0,门店
SO102847,2024-04-16,华北,家居,商品家居-04,1,49,49.0,经销商
SO102848,2024-09-02,西南,食品,商品食品-01,3,79,237.0,经销商
SO102849,2024-08-10,华中,服饰,商品食品-04,3,79,237.0,线上商城
SO102850,2024-04-01,,服饰,商品家居-02,1,49,49.0,经销商
SO102851,2024-06-28,华东,服饰,商品数码-00,2,99,198.0,线上商城
SO102852,2024-05-07,华东,服饰,商品服饰-03,1,79,79.0,经销商
SO102853,2024-05-03,华东,数码,商品家居-00,2,99,198.0,门店
SO102854,2024-02-06,华北,数码,商品家居-02,1,79,79.0,经销商
SO102855,2024-02-18,华东,食品,商品服饰-01,1,79,79.0,门店
SO102856,2024-07-30,华南,家居,商品食品-03,1,99,99.0,经销商
SO102857,2024-09-02,华南,食品,商品家居-04,4,79,316.0,经销商
SO102858,2024-04-07,西南,食品,商品服饰-04,3,99,297.0,线上商城
SO102859,2024-12-07,华中,家居,商品家居-03,4,79,316.0,经销商
SO102860,2024/03/27,华中,食品,商品家居-03,3,79,237.0,门店
SO102861,2024-03-30,华北,家居,商品数码-04,1,99,99.0,经销商
SO102862,2024-08-02,西南,家居,商品数码-00,1,49,49.0,线上商城
SO102863,2024-05-16,华北,服饰,商品食品-03,2,49,98.0,线上商城
SO102864,2024-10-17,西南,食品,商品服饰-03,2,79,158.0,线上商城
SO102865,2024-01-29,西南,数码,商品家居-00,1,99,99.0,经销商
SO102866,2024-05-19,西南,食品,商品服饰-02,3,79,237.0,门店
SO102867,2024-07-08,西南,数码,商品食品-00,3,99,297.0,门店
SO102868,2024-06-05,华北,食品,商品家居-00,4,79,316.0,线上商城
SO102869,2024-12-11,华东,食品,商品家居-01,4,99,396.0,门店
SO102870,2024-11-13,西南,家居,商品服饰-03,2,49,98.0,经销商
SO102871,2024-08-16,华中,数码,商品食品-03,4,99,396.0,门店
SO102872,2024-06-21,华南,服饰,商品食品-02,3,49,147.0,线上商城
SO102873,2024-07-31,华南,服饰,商品服饰-03,1,79,79.0,线上商城
SO102874,2024-11-03,华北,家居,商品数码-03,4,49,196.0,经销商
SO102875,2024-07-09,华东,家居,商品数码-04,3,79,237.0,经销商
SO102876,2024-07-08,西南,家居,商品数码-01,3,79,237.0,经销商
SO102877,2024-05-15,华北,服饰,商品服饰-01,1,49,49.0,线上商城
SO102878,2024-03-31,华南,食品,商品家居-00,1,49,49.0,线上商城
SO102879,2024-12-18,西南,食品,商品家居-00,3,79,237.0,线上商城
SO102880,2024/04/16,华南,食品,商品食品-00,2,79,158.0,门店
SO102881,2024-02-11,华东,服饰,商品家居-04,2,49,98.0,门店
SO102882,2024-10-16,华北,数码,商品服饰-00,2,79,158.0,线上商城
SO102883,2024-07-26,华中,食品,商品家居-04,1,99,99.0,经销商
SO102884,2024-10-01,华北,数码,商品数码-01,4,99,396.0,经销商
SO102885,2024-01-25,华中,食品,商品服饰-02,4,49,196.0,线上商城
SO102886,2024-02-22,西南,家居,商品数码-03,4,49,196.0,门店
SO102887,2024-01-31,华中,数码,商品家居-04,4,49,196.0,线上商城
SO102888,2024-07-11,华北,数码,商品数码-01,2,49,98.0,门店
SO102889,2024-04-25,华东,服饰,商品数码-03,1,99,99.0,门店
SO102890,2024-04-27,华北,家居,商品服饰-02,1,99,99.0,门店
SO102891,2024-02-27,西南,食品,商品食品-02,1,99,99.0,线上商城
SO102892,2024-01-18,华东,家居,商品服饰-03,4,79,316.0,门店
SO102893,2024-02-01,华北,食品,商品数码-02,1,99,99.0,线上商城
SO102894,2024-11-15,华北,食品,商品家居-03,3,99,297.0,经销商
SO102895,2024-05-29,华北,家居,商品食品-02,2,49,98.0,门店
SO102896,2024-08-19,西南,服饰,商品食品-04,1,99,99.0,线上商城
SO102897,2024-04-27,西南,服饰,商品服饰-00,4,99,396.0,线上商城
SO102898,2024-08-12,华北,食品,商品服饰-03,3,99,297.0,门店
SO102899,2024-05-19,华北,家居,商品食品-01,3,99,297.0,门店
SO102900,2024/10/31,华东,数码,商品数码-02,3,99,297.0,线上商城
SO102901,2024-02-23,华南,服饰,商品食品-03,3,99,297.0,门店
SO102902,2024-06-22,华中,食品,商品家居-01,4,99,396.0,门店
SO102903,2024-09-24,华东,服饰,商品食品-03,4,99,396.0,经销商
SO102904,2024-04-21,华南,服饰,商品食品-01,2,99,198.0,线上商城
SO102905,2024-01-01,华南,数码,商品数码-02,4,99,396.0,经销商
SO102906,2024-06-11,华南,数码,商品家居-04,3,99,297.0,门店
SO102907,2024-03-11,西南,服饰,商品食品-00,1,99,99.0,门店
SO102908,2024-09-27,西南,家居,商品家居-02,2,99,198.0,线上商城
SO102909,2024-03-22,华中,家居,商品食品-01,1,99,99.0,线上商城
SO102910,2024-09-07,华东,食品,商品数码-02,2,79,158.0,线上商城
SO102911,2024-07-26,华中,食品,商品服饰-00,1,99,99.0,门店
SO102912,2024-02-29,华北,服饰,商品服饰-02,3,99,297.0,经销商
SO102913,2024-03-27,华中,家居,商品数码-03,4,79,316.0,经销商
SO102914,2024-04-21,华南,服饰,商品数码-01,1,99,99.0,经销商
SO102915,2024-07-09,华中,家居,商品家居-01,4,49,196.0,门店
SO102916,2024-12-14,西南,服饰,商品家居-00,3,79,237.0,门店
SO102917,2024-05-06,华北,食品,商品家居-00,1,49,49.0,经销商
SO102918,2024-05-15,华中,服饰,商品数码-03,3,49,147.0,门店
SO102919,2024-11-25,华中,食品,商品数码-03,3,49,147.0,线上商城
SO102920,2024/10/16,华东,数码,商品服饰-01,3,79,237.0,门店
SO102921,2024-06-13,华东,家居,商品家居-02,1,99,99.0,门店
SO102922,2024-03-29,华中,家居,商品家居-01,2,49,98.0,经销商
SO102923,2024-05-16,华北,家居,商品数码-03,1,49,49.0,线上商城
SO102924,2024-11-10,华东,食品,商品数码-03,1,79,79.0,门店
SO102925,2024-12-14,,数码,商品食品-04,1,79,79.0,线上商城
SO102926,2024-12-03,西南,家居,商品服饰-04,2,99,198.0,线上商城
SO102927,2024-02-21,西南,数码,商品家居-01,4,49,196.0,门店
SO102928,2024-11-23,华东,食品,商品服饰-03,2,49,98.0,线上商城
SO102929,2024-06-04,西南,数码,商品家居-00,4,79,316.0,门店
SO102930,2024-10-20,华北,服饰,商品数码-00,2,49,98.0,经销商
SO102931,2024-01-12,西南,家居,商品家居-00,2,79,158.0,门店
SO102932,2024-02-28,华中,家居,商品食品-00,4,99,396.0,门店
SO102933,2024-06-28,华东,家居,商品服饰-03,1,99,99.0,线上商城
SO102934,2024-05-21,西南,服饰,商品家居-04,2,79,158.0,门店
SO102935,2024-10-06,华中,家居,商品服饰-00,2,79,158.0,门店
SO102936,2024-02-21,西南,家居,商品服饰-01,4,79,316.0,门店
SO102937,2024-12-24,华中,服饰,商品数码-00,4,99,396.0,门店
SO102938,2024-02-28,华北,家居,商品食品-04,3,49,147.0,门店
SO102939,2024-06-20,华北,数码,商品数码-02,1,49,49.0,门店
SO102940,2024/10/22,华北,数码,商品食品-04,2,79,158.0,经销商
SO102941,2024-06-22,华北,服饰,商品服饰-03,3,49,147.0,门店
SO102942,2024-01-05,西南,食品,商品食品-03,1,79,79.0,门店
SO102943,2024-11-29,华南,服饰,商品数码-01,2,79,158.0,门店
SO102944,2024-08-29,华南,数码,商品食品-04,4,79,316.0,门店
SO102945,2024-01-04,华中,家居,商品家居-02,2,99,198.0,门店
SO102946,2024-03-09,华东,数码,商品服饰-02,3,79,237.0,经销商
SO102947,2024-05-30,西南,食品,商品数码-03,1,49,49.0,线上商城
SO102948,2024-10-10,华北,服饰,商品数码-03,1,79,79.0,门店
SO102949,2024-01-10,华南,数码,商品数码-03,1,49,49.0,门店
SO102950,2024-05-08,华东,食品,商品食品-00,3,79,237.0,门店
SO102951,2024-03-30,华北,数码,商品数码-01,1,99,99.0,线上商城
SO102952,2024-05-30,华中,服饰,商品数码-02,2,79,158.0,门店
SO102953,2024-05-23,华北,食品,商品家居-03,1,49,49.0,门店
SO102954,2024-03-20,西南,数码,商品食品-02,4,79,316.0,经销商
SO102955,2024-08-27,华北,家居,商品服饰-02,1,49,49.0,经销商
SO102956,2024-06-21,华东,数码,商品家居-03,2,49,98.0,门店
SO102957,2024-12-12,西南,家居,商品家居-01,2,79,158.0,线上商城
SO102958,2024-07-24,西南,家居,商品服饰-03,4,49,196.0,门店
SO102959,2024-03-13,华南,食品,商品数码-03,2,49,98.0,经销商
SO102960,2024/05/02,华南,食品,商品家居-00,2,99,198.0,经销商
SO102961,2024-07-24,华北,服饰,商品家居-04,3,79,237.0,经销商
SO102962,2024-06-05,华中,家居,商品家居-02,2,79,158.0,门店
SO102963,2024-11-30,华南,数码,商品食品-02,4,79,316.0,门店
SO102964,2024-08-05,华东,家居,商品食品-01,3,49,147.0,经销商
SO102965,2024-04-12,华南,数码,商品服饰-03,1,49,49.0,门店
SO102966,2024-03-08,西南,数码,商品数码-01,2,99,198.0,线上商城
SO102967,2024-04-24,华南,家居,商品食品-03,3,79,237.0,经销商
SO102968,2024-03-01,华北,家居,商品食品-03,3,99,297.0,经销商
SO102969,2024-07-11,华北,数码,商品数码-04,1,79,79.0,门店
SO102970,2024-01-15,西南,数码,商品食品-03,2,79,158.0,经销商
SO102971,2024-06-18,西南,家居,商品家居-03,3,99,297.0,门店
SO102972,2024-03-21,华北,家居,商品食品-04,1,99,99.0,经销商
SO102973,2024-12-15,华南,食品,商品食品-03,4,79,316.0,门店
SO102974,2024-09-02,西南,家居,商品家居-01,1,79,79.0,线上商城
SO102975,2024-12-20,华东,数码,商品食品-04,4,79,316.0,门店
SO102976,2024-12-17,华南,食品,商品食品-00,3,99,297.0,经销商
SO102977,2024-02-12,华北,服饰,商品家居-04,4,79,316.0,线上商城
SO102978,2024-09-18,西南,家居,商品食品-02,1,99,99.0,经销商
SO102979,2024-04-07,华中,食品,商品家居-00,4,79,316.0,经销商
SO102980,2024/02/14,华南,服饰,商品服饰-02,3,79,237.0,线上商城
SO102981,2024-10-11,华中,家居,商品家居-00,4,49,196.0,经销商
SO102982,2024-03-28,西南,食品,商品数码-00,1,79,79.0,线上商城
SO102983,2024-10-27,华东,食品,商品服饰-00,1,99,99.0,线上商城
SO102984,2024-12-01,华东,服饰,商品服饰-02,1,49,49.0,门店
SO102985,2024-05-16,华东,家居,商品家居-04,2,49,98.0,门店
SO102986,2024-01-16,华东,数码,商品家居-02,1,79,79.0,线上商城
SO102987,2024-10-19,华南,服饰,商品家居-03,2,49,98.0,门店
SO102988,2024-06-22,华南,食品,商品数码-03,4,49,196.0,经销商
SO102989,2024-07-03,西南,食品,商品服饰-03,3,79,237.0,线上商城
SO102990,2024-08-18,华南,食品,商品服饰-01,2,99,198.0,经销商
SO102991,2024-11-19,华北,数码,商品食品-02,2,49,98.0,门店
SO102992,2024-12-07,华中,食品,商品家居-00,2,79,158.0,经销商
SO102993,2024-04-05,西南,家居,商品数码-03,1,49,49.0,门店
SO102994,2024-05-27,华北,家居,商品食品-00,3,49,147.0,门店
SO102995,2024-01-03,华东,服饰,商品食品-00,1,99,99.0,线上商城
SO102996,2024-10-13,华北,服饰,商品家居-03,2,99,198.0,门店
SO102997,2024-02-04,华北,数码,商品家居-01,1,99,99.0,线上商城
SO102998,2024-03-28,华北,家居,商品数码-03,2,49,98.0,门店
SO102999,2024-02-04,华中,服饰,商品数码-03,2,79,158.0,线上商城
SO100002,2024-10-06,西南,家居,商品数码-04,1,49,49.0,线上商城
SO100017,2024-04-08,华南,食品,商品服饰-00,3,79,237.0,经销商
SO100088,2024-06-01,华北,食品,商品数码-02,4,49,196.0,线上商城
SO100203,2024-02-15,华南,数码,商品服饰-02,2,49,98.0,经销商
